date_began,time_began,date_restored,time_restored,area_affected,nerc_region,event_type,demand_loss_mw,customers_affected,report_year,source,alert_criteria,tx_area,tx_nerc,texas,event_type_raw
1-01-01 00:00:00,,,,,,,,,2011,DOE_Electric_Disturbance_Events.xlsx:2011,,False,False,False,
2011-01-11 00:00:00,23:08:00,2011-01-11 00:00:00,23:08:00,"Athens, New York",NPCC,Electrical Fault at Generator,0,0,2011,DOE_Electric_Disturbance_Events.xlsx:2011,,False,False,False,Electrical Fault at Generator
2011-01-12 00:00:00,06:00:00,2011-01-12 00:00:00,14:00:00,Massachusetts,NPCC,Winter Storm,,80000,2011,DOE_Electric_Disturbance_Events.xlsx:2011,,False,False,False,Winter Storm
2011-01-13 00:00:00,07:21:00,2011-01-13 00:00:00,08:13:00,North Florida,FRCC,Firm System Load Shed,150,20900,2011,DOE_Electric_Disturbance_Events.xlsx:2011,,False,False,False,Firm System Load Shed
2011-01-18 00:00:00,14:00:00,2011-01-18 00:00:00,14:00:00,"Whitman, Auburn St Substation, Massachusetts",NPCC,Vandalism,0,0,2011,DOE_Electric_Disturbance_Events.xlsx:2011,,False,False,False,Vandalism
2011-01-23 00:00:00,07:00:00,2011-01-23 00:00:00,13:00:00,"Franklin County, Idaho",WECC,Vandalism,0,0,2011,DOE_Electric_Disturbance_Events.xlsx:2011,,False,False,False,Vandalism
2011-01-24 00:00:00,13:20:00,2011-01-24 00:00:00,13:30:00,"Newman Power Plant, Texas",WECC,Suspicious Activity,0,0,2011,DOE_Electric_Disturbance_Events.xlsx:2011,,True,False,True,Suspicious Activity
2011-01-25 00:00:00,03:23:00,2011-01-25 00:00:00,11:00:00,"Newark, Delaware",RFC,Vandalism,0,0,2011,DOE_Electric_Disturbance_Events.xlsx:2011,,False,False,False,Vandalism
2011-01-26 00:00:00,09:25:00,2011-01-27 00:00:00,17:00:00,"Carson City, Nevada",WECC,Suspected Telecommunications Attack,0,0,2011,DOE_Electric_Disturbance_Events.xlsx:2011,,False,False,False,Suspected Telecommunications Attack
2011-01-26 00:00:00,09:33:00,2011-01-27 00:00:00,15:03:00,Michigan,RFC,Vandalism,0,0,2011,DOE_Electric_Disturbance_Events.xlsx:2011,,False,False,False,Vandalism
2011-01-26 00:00:00,17:00:00,2011-01-31 00:00:00,08:00:00,"Montgomery and Prince George's County, Maryland and District of Columbia",RFC,Winter Storm,,210000,2011,DOE_Electric_Disturbance_Events.xlsx:2011,,False,False,False,Winter Storm
2011-01-26 00:00:00,18:28:00,2011-01-29 00:00:00,17:00:00,Maryland,RFC,Winter Storm,,234326,2011,DOE_Electric_Disturbance_Events.xlsx:2011,,False,False,False,Winter Storm
2011-01-26 00:00:00,19:43:00,2011-01-27 00:00:00,18:18:00,Northern Virginia,SERC,Winter Storm,600,150084,2011,DOE_Electric_Disturbance_Events.xlsx:2011,,False,False,False,Winter Storm
2011-01-27 00:00:00,09:30:00,2011-01-27 00:00:00,09:30:00,"Hockessin, Delaware",RFC,Vandalism,0,0,2011,DOE_Electric_Disturbance_Events.xlsx:2011,,False,False,False,Vandalism
2011-01-27 00:00:00,17:00:00,2011-01-30 00:00:00,05:00:00,Central New York,NPCC,Fuel Supply Deficiency (Coal),108,,2011,DOE_Electric_Disturbance_Events.xlsx:2011,,False,False,False,Fuel Supply Deficiency (Coal)
2011-01-31 00:00:00,22:00:00,2011-02-03 00:00:00,12:00:00,Southwestern Ohio and Indiana,RFC,Ice Storm,996,272880,2011,DOE_Electric_Disturbance_Events.xlsx:2011,,False,False,False,Ice Storm
1-02-01 00:00:00,,,,,,,,,2011,DOE_Electric_Disturbance_Events.xlsx:2011,,False,False,False,
2011-02-01 00:00:00,15:00:00,2011-02-03 00:00:00,12:00:00,"Indiana, Ohio",RFC,Winter Storm,UNK,158013,2011,DOE_Electric_Disturbance_Events.xlsx:2011,,False,False,False,Winter Storm
2011-02-01 00:00:00,21:00:00,2011-02-02 00:00:00,14:00:00,Northern Illinois,RFC,Winter Storm,UNK,190000,2011,DOE_Electric_Disturbance_Events.xlsx:2011,,False,False,False,Winter Storm
2011-02-02 00:00:00,03:00:00,2011-02-04 00:00:00,23:59:00,"Philadelphia area, Pennsylvania",RFC,Winter Storm,UNK,213000,2011,DOE_Electric_Disturbance_Events.xlsx:2011,,False,False,False,Winter Storm
2011-02-02 00:00:00,05:43:00,2011-02-03 00:00:00,10:00:00,Texas,TRE,Generation Inadequacy/Load Shed,4000,1069730,2011,DOE_Electric_Disturbance_Events.xlsx:2011,,True,True,True,Generation Inadequacy/Load Shed
2011-02-02 00:00:00,06:22:00,2011-02-02 00:00:00,09:57:00,Central Arizona,WECC,Generation Inadequacy/Load Shed,3963,69000,2011,DOE_Electric_Disturbance_Events.xlsx:2011,,False,False,False,Generation Inadequacy/Load Shed
2011-02-02 00:00:00,07:24:00,2011-02-02 00:00:00,22:23:00,"Dona Ana and El Paso Counties, Texas and Hudspeth County, New Mexico",WECC,Generation Inadequacy/Load Shed,280,178000,2011,DOE_Electric_Disturbance_Events.xlsx:2011,,True,False,True,Generation Inadequacy/Load Shed
2011-02-02 00:00:00,17:00:00,2011-02-03 00:00:00,22:00:00,"Texas Panhandle, Southeastern New Mexico",SPP,Fuel Supply Deficiency (Natural Gas),UNK,UNK,2011,DOE_Electric_Disturbance_Events.xlsx:2011,,True,False,True,Fuel Supply Deficiency (Natural Gas)
2011-02-03 00:00:00,15:00:00,2011-02-04 00:00:00,12:00:00,"San Diego area, California",WECC,Fuel Supply Deficiency (Natural Gas),,UNK,2011,DOE_Electric_Disturbance_Events.xlsx:2011,,False,False,False,Fuel Supply Deficiency (Natural Gas)
2011-02-03 00:00:00,14:30:00,2011-02-03 00:00:00,14:30:00,"Bowie, Maryland",RFC,Suspected Cyber Attack,,0,2011,DOE_Electric_Disturbance_Events.xlsx:2011,,False,False,False,Suspected Cyber Attack
2011-02-03 00:00:00,22:04:00,2011-02-04 00:00:00,12:32:00,Texas,TRE,Generation Inadequacy/Load Shed,400,86013,2011,DOE_Electric_Disturbance_Events.xlsx:2011,,True,True,True,Generation Inadequacy/Load Shed
2011-02-09 00:00:00,03:45:00,2011-02-09 00:00:00,09:12:00,"Western Houston, Texas",TRE,Winter Storm,399,60000,2011,DOE_Electric_Disturbance_Events.xlsx:2011,,True,True,True,Winter Storm
2011-02-09 00:00:00,14:54:00,2011-02-09 00:00:00,17:00:00,"University Place, Washington",WECC,Vandalism,0,0,2011,DOE_Electric_Disturbance_Events.xlsx:2011,,False,False,False,Vandalism
2011-02-09 00:00:00,16:30:00,2011-02-10 00:00:00,12:33:00,Texas,TRE,Cold Weather Event,,,2011,DOE_Electric_Disturbance_Events.xlsx:2011,,True,True,True,Cold Weather Event
2011-02-10 00:00:00,13:00:00,2011-02-10 00:00:00,13:00:00,"LaGrande, Washington",WECC,Vandalism,0,0,2011,DOE_Electric_Disturbance_Events.xlsx:2011,,False,False,False,Vandalism
2011-02-17 00:00:00,01:25:00,2011-02-19 00:00:00,10:13:00,Northern and Central California,WECC,Major Storm,91,80000,2011,DOE_Electric_Disturbance_Events.xlsx:2011,,False,False,False,Major Storm
2011-02-17 00:00:00,13:00:00,2011-02-23 00:00:00,16:53:00,"Roseville, California",WECC,Suspected Cyber Attack,0,0,2011,DOE_Electric_Disturbance_Events.xlsx:2011,,False,False,False,Suspected Cyber Attack
2011-02-19 00:00:00,12:30:00,2011-02-20 00:00:00,04:00:00,"Philadelphia area, Pennsylvania",RFC,Major Storm,UNK,118000,2011,DOE_Electric_Disturbance_Events.xlsx:2011,,False,False,False,Major Storm
2011-02-19 00:00:00,16:34:00,2011-02-19 00:00:00,16:34:00,"Harrington, Delaware",RFC,Vandalism,0,0,2011,DOE_Electric_Disturbance_Events.xlsx:2011,,False,False,False,Vandalism
2011-02-20 00:00:00,16:00:00,2011-02-23 00:00:00,16:00:00,"Southern Lower Peninsula, Michigan",RFC,Winter Storm,262,160000,2011,DOE_Electric_Disturbance_Events.xlsx:2011,,False,False,False,Winter Storm
2011-02-24 00:00:00,16:51:00,2011-02-24 00:00:00,16:54:00,Arkansas,SPP,Electrical System Separation (Islanding),4,UNK,2011,DOE_Electric_Disturbance_Events.xlsx:2011,,False,False,False,Electrical System Separation (Islanding)
2011-02-25 00:00:00,15:20:00,2011-02-25 00:00:00,18:00:00,Virginia,SERC,Severe Weather,UNK,50000,2011,DOE_Electric_Disturbance_Events.xlsx:2011,,False,False,False,Severe Weather
2011-02-25 00:00:00,15:23:00,2011-02-27 00:00:00,18:00:00,Maryland,RFC,Severe Weather,UNK,93000,2011,DOE_Electric_Disturbance_Events.xlsx:2011,,False,False,False,Severe Weather
2011-02-25 00:00:00,08:00:00,2011-02-28 00:00:00,17:30:00,Northern and Central California,WECC,Winter Storm,91,80000,2011,DOE_Electric_Disturbance_Events.xlsx:2011,,False,False,False,Winter Storm
2011-02-25 00:00:00,10:30:00,2011-02-25 00:00:00,10:45:00,"Salt Lake City, Utah",WECC,Vandalism,0,0,2011,DOE_Electric_Disturbance_Events.xlsx:2011,,False,False,False,Vandalism
1-03-01 00:00:00,,,,,,,,,2011,DOE_Electric_Disturbance_Events.xlsx:2011,,False,False,False,
2011-03-01 00:00:00,08:00:00,2011-03-05 00:00:00,09:30:00,Western New York,NPCC,Fuel Supply Deficiency (Coal),675,UNK,2011,DOE_Electric_Disturbance_Events.xlsx:2011,,False,False,False,Fuel Supply Deficiency (Coal)
2011-03-06 00:00:00,02:54:00,2011-03-08 00:00:00,08:00:00,"Salt Lake City Region, Utah",WECC,Vandalism,UNK,0,2011,DOE_Electric_Disturbance_Events.xlsx:2011,,False,False,False,Vandalism
2011-03-08 00:00:00,08:00:00,2001-03-18 00:00:00,09:00:00,Western New York,NPCC,Fuel Supply Deficiency (Coal),676,UNK,2011,DOE_Electric_Disturbance_Events.xlsx:2011,,False,False,False,Fuel Supply Deficiency (Coal)
2011-03-10 00:00:00,12:03:00,2011-03-11 00:00:00,06:00:00,Texas,TRE,Suspected Physical Attack,,,2011,DOE_Electric_Disturbance_Events.xlsx:2011,,True,True,True,Suspected Physical Attack
2011-03-11 00:00:00,07:02:00,2011-03-11 00:00:00,09:15:00,"Humboldt and Eureka, California",WECC,Generation Inadequacy/Load Shed,15,6800,2011,DOE_Electric_Disturbance_Events.xlsx:2011,,False,False,False,Generation Inadequacy/Load Shed
2011-03-13 00:00:00,14:20:00,2011-03-14 00:00:00,15:46:00,Oregon,WECC,Severe Weather,UNK,9000,2011,DOE_Electric_Disturbance_Events.xlsx:2011,,False,False,False,Severe Weather
2011-03-14 00:00:00,07:30:00,2011-03-14 00:00:00,16:55:00,"Baltimore, Maryland",RFC,Suspected Cyber Attack,,,2011,DOE_Electric_Disturbance_Events.xlsx:2011,,False,False,False,Suspected Cyber Attack
2011-03-15 00:00:00,18:00:00,2011-03-15 00:00:00,19:14:00,"The Woodlands, Texas",TRE,Suspected Physical Attack,,,2011,DOE_Electric_Disturbance_Events.xlsx:2011,,True,True,True,Suspected Physical Attack
2011-03-17 00:00:00,07:40:00,2011-03-17 00:00:00,11:00:00,"Deerfield, New Hampshire",NPCC,Vandalism,,,2011,DOE_Electric_Disturbance_Events.xlsx:2011,,False,False,False,Vandalism
2011-03-18 00:00:00,09:54:00,2011-03-18 00:00:00,15:34:00,"Greene County, Ohio",RFC,Vandalism,,,2011,DOE_Electric_Disturbance_Events.xlsx:2011,,False,False,False,Vandalism
2011-03-19 00:00:00,23:56:00,2011-03-24 00:00:00,19:10:00,Northern and Central California,WECC,Major Storm,91,128000,2011,DOE_Electric_Disturbance_Events.xlsx:2011,,False,False,False,Major Storm
2011-03-20 00:00:00,09:44:00,2011-03-21 00:00:00,10:00:00,"Los Angeles, California",WECC,Major Storm,UNK,79000,2011,DOE_Electric_Disturbance_Events.xlsx:2011,,False,False,False,Major Storm
2011-03-21 00:00:00,12:35:00,2011-03-21 00:00:00,14:45:00,Southern California,WECC,Major Storm,150,54332,2011,DOE_Electric_Disturbance_Events.xlsx:2011,,False,False,False,Major Storm
2011-03-21 00:00:00,00:57:00,2011-03-21 00:00:00,02:29:00,"Deerfield, New Hampshire",NPCC,Vandalism,,,2011,DOE_Electric_Disturbance_Events.xlsx:2011,,False,False,False,Vandalism
2011-03-23 00:00:00,18:30:00,2011-03-24 00:00:00,04:55:00,"Indiana. Kentucky, Michigan, Ohio, Tennessee, Virginia, West Virginia",RFC,Major Storm,UNK,60596,2011,DOE_Electric_Disturbance_Events.xlsx:2011,,False,False,False,Major Storm
2011-03-27 00:00:00,13:27:00,2011-03-27 00:00:00,17:00:00,"Sonoma and Central Valley, California",WECC,Transmission Level Outage,295,165000,2011,DOE_Electric_Disturbance_Events.xlsx:2011,,False,False,False,Transmission Level Outage
2011-03-31 00:00:00,14:30:00,2011-04-01 00:00:00,23:59:00,Central and Western Florida,FRCC,Severe Weather,UNK,50000,2011,DOE_Electric_Disturbance_Events.xlsx:2011,,False,False,False,Severe Weather
2011-03-31 00:00:00,11:30:00,2011-03-31 00:00:00,20:30:00,"Greater Tampa Bay, Florida",FRCC,Severe Weather,206,87000,2011,DOE_Electric_Disturbance_Events.xlsx:2011,,False,False,False,Severe Weather
1-04-01 00:00:00,,,,,,,,,2011,DOE_Electric_Disturbance_Events.xlsx:2011,,False,False,False,
2011-04-03 00:00:00,20:23:00,2011-04-05 00:00:00,15:00:00,Unknown,SERC,Suspected Cyber Attack,0,0,2011,DOE_Electric_Disturbance_Events.xlsx:2011,,False,False,False,Suspected Cyber Attack
2011-04-04 00:00:00,11:47:00,2011-04-08 00:00:00,00:01:00,"Memphis, Tennessee",SERC,Severe Weather,359,63000,2011,DOE_Electric_Disturbance_Events.xlsx:2011,,False,False,False,Severe Weather
2011-04-04 00:00:00,13:00:00,2011-04-05 00:00:00,00:00:00,"Shelby County, Tennessee",SERC,Severe Weather,300,63000,2011,DOE_Electric_Disturbance_Events.xlsx:2011,,False,False,False,Severe Weather
2011-04-04 00:00:00,14:00:00,2011-04-08 00:00:00,00:01:00,"Davidson County, Tennessee",SERC,Severe Weather,300,73000,2011,DOE_Electric_Disturbance_Events.xlsx:2011,,False,False,False,Severe Weather
2011-04-04 00:00:00,19:00:00,2011-04-05 00:00:00,20:00:00,"Southeast Arkansas, Southeast Louisiana, Western Mississippi, Eastern Texas",SERC,Severe Weather,UNK,74645,2011,DOE_Electric_Disturbance_Events.xlsx:2011,,True,False,True,Severe Weather
2011-04-04 00:00:00,19:00:00,2011-04-05 00:00:00,12:00:00,"Kentucky, West Virginia",RFC,Severe Weather,UNK,52920,2011,DOE_Electric_Disturbance_Events.xlsx:2011,,False,False,False,Severe Weather
2011-04-04 00:00:00,21:00:00,2011-04-05 00:00:00,23:30:00,"Alabama, Florida, Georgia, Mississippi",SERC,Severe Weather,674,303434,2011,DOE_Electric_Disturbance_Events.xlsx:2011,,False,False,False,Severe Weather
2011-04-05 00:00:00,02:00:00,2011-04-07 00:00:00,23:00:00,"North Carolina, South Carolina",SERC,Severe Weather,1200,256000,2011,DOE_Electric_Disturbance_Events.xlsx:2011,,False,False,False,Severe Weather
2011-04-06 00:00:00,10:50:00,2011-04-06 00:00:00,10:50:00,"Felton, Delaware",RFC,Vandalism,0,0,2011,DOE_Electric_Disturbance_Events.xlsx:2011,,False,False,False,Vandalism
2011-04-11 00:00:00,17:40:00,2011-04-11 00:00:00,17:51:00,"Salt Lake City, Utah",WECC,Suspicious Activity,0,0,2011,DOE_Electric_Disturbance_Events.xlsx:2011,,False,False,False,Suspicious Activity
2011-04-16 00:00:00,14:16:00,2011-04-17 00:00:00,16:30:00,Central and Eastern North Carolina,SERC,Severe Weather,UNK,220000,2011,DOE_Electric_Disturbance_Events.xlsx:2011,,False,False,False,Severe Weather
2011-04-19 00:00:00,20:00:00,2011-04-19 00:00:00,22:00:00,Illinois,SERC,Severe Weather,UNK,80000,2011,DOE_Electric_Disturbance_Events.xlsx:2011,,False,False,False,Severe Weather
2011-04-19 00:00:00,14:01:00,2011-04-19 00:00:00,16:04:00,"Graham, Washington",WECC,Vandalism,0,0,2011,DOE_Electric_Disturbance_Events.xlsx:2011,,False,False,False,Vandalism
2011-04-19 00:00:00,22:44:00,2011-04-20 00:00:00,02:00:00,"Memphis, Tennessee",SERC,Severe Weather,100,64000,2011,DOE_Electric_Disturbance_Events.xlsx:2011,,False,False,False,Severe Weather
2011-04-19 00:00:00,23:02:00,2011-04-21 00:00:00,17:32:00,"Memphis, Tennessee",SERC,Severe Weather,300,105000,2011,DOE_Electric_Disturbance_Events.xlsx:2011,,False,False,False,Severe Weather
2011-04-19 00:00:00,23:13:00,2011-04-20 00:00:00,19:14:00,"Osceola, Arkansas",SERC,Severe Weather,22,UNK,2011,DOE_Electric_Disturbance_Events.xlsx:2011,,False,False,False,Severe Weather
2011-04-20 00:00:00,02:00:00,2011-04-21 00:00:00,12:00:00,"Indiana, Kentucky, Ohio",RFC,Severe Weather - High Winds,UNK,165711,2011,DOE_Electric_Disturbance_Events.xlsx:2011,,False,False,False,Severe Weather - High Winds
2011-04-20 00:00:00,08:07:00,2011-04-20 00:00:00,08:14:00,"Ruston, Louisiana",SERC,Equipment Malfunction,33,11000,2011,DOE_Electric_Disturbance_Events.xlsx:2011,,False,False,False,Equipment Malfunction
2011-04-21 00:00:00,07:15:00,2011-04-21 00:00:00,16:50:00,"Oquirrh Substation, Salt Lake City, Utah",WECC,Vandalism,0,0,2011,DOE_Electric_Disturbance_Events.xlsx:2011,,False,False,False,Vandalism
2011-04-21 00:00:00,19:00:00,2011-04-29 00:00:00,19:05:00,"Trenton, Michigan",RFC,Suspicious Activity,UNK,UNK,2011,DOE_Electric_Disturbance_Events.xlsx:2011,,False,False,False,Suspicious Activity
2011-04-22 00:00:00,21:00:00,2011-04-22 00:00:00,23:00:00,"Metro St. Louis area, Missouri",SERC,Severe Weather,0,55000,2011,DOE_Electric_Disturbance_Events.xlsx:2011,,False,False,False,Severe Weather
2011-04-25 00:00:00,16:33:00,2011-04-25 00:00:00,17:19:00,Northeast Tennessee,SERC,Equipment Malfunction,140,UNK,2011,DOE_Electric_Disturbance_Events.xlsx:2011,,False,False,False,Equipment Malfunction
2011-04-25 00:00:00,17:30:00,2011-04-27 00:00:00,18:00:00,"Arkansas, Louisiana, Mississippi",SPP,Severe Weather,UNK,141700,2011,DOE_Electric_Disturbance_Events.xlsx:2011,,False,False,False,Severe Weather
2011-04-26 00:00:00,05:49:00,2011-04-27 00:00:00,09:59:00,Southern Louisiana,SPP,Severe Weather,120,UNK,2011,DOE_Electric_Disturbance_Events.xlsx:2011,,False,False,False,Severe Weather
2011-04-26 00:00:00,09:51:00,2011-04-28 00:00:00,09:51:00,"Alabama, Georgia, Mississippi, Tennessee",SERC,Severe Weather,UNK,55000,2011,DOE_Electric_Disturbance_Events.xlsx:2011,,False,False,False,Severe Weather
2011-04-26 00:00:00,13:04:00,2011-04-26 00:00:00,14:00:00,"Salt Lake City, Utah",WECC,Vandalism,0,0,2011,DOE_Electric_Disturbance_Events.xlsx:2011,,False,False,False,Vandalism
2011-04-26 00:00:00,18:14:00,2011-04-28 00:00:00,17:00:00,Eastern Arkansas,SPP,Severe Weather,50,13000,2011,DOE_Electric_Disturbance_Events.xlsx:2011,,False,False,False,Severe Weather
2011-04-27 00:00:00,08:00:00,2011-05-02 00:00:00,16:03:00,"Alabama, Florida, Georgia, Mississippi",SERC,Severe Weather,1422,426640,2011,DOE_Electric_Disturbance_Events.xlsx:2011,,False,False,False,Severe Weather
2011-04-27 00:00:00,10:00:00,2011-04-29 00:00:00,16:29:00,"Alabama, Georgia, Mississippi, Tennessee",SERC,Severe Weather,UNK,612000,2011,DOE_Electric_Disturbance_Events.xlsx:2011,,False,False,False,Severe Weather
2011-04-27 00:00:00,22:00:00,2011-04-28 00:00:00,10:00:00,"Ohio, Tennessee, Virginia",SERC,Severe Weather,0,69000,2011,DOE_Electric_Disturbance_Events.xlsx:2011,,False,False,False,Severe Weather
2011-04-28 00:00:00,05:00:00,2011-04-30 00:00:00,18:30:00,"Cleveland area, Ohio",RFC,Severe Weather,UNK,86000,2011,DOE_Electric_Disturbance_Events.xlsx:2011,,False,False,False,Severe Weather
2011-04-28 00:00:00,16:09:00,2011-04-28 00:00:00,16:10:00,"Phoenix, Arizona",WECC,Equipment Malfunction,960,UNK,2011,DOE_Electric_Disturbance_Events.xlsx:2011,,False,False,False,Equipment Malfunction
1-05-01 00:00:00,,,,,,,,,2011,DOE_Electric_Disturbance_Events.xlsx:2011,,False,False,False,
2011-05-02 00:00:00,17:06:00,2011-05-02 00:00:00,20:00:00,Hawaii,,Severe Weather,220,62000,2011,DOE_Electric_Disturbance_Events.xlsx:2011,,False,False,False,Severe Weather
2011-05-02 00:00:00,14:00:00,2011-05-02 00:00:00,14:00:00,"West River Substation, New Haven, Connecticut",NPCC,Suspected Physical Attack,0,0,2011,DOE_Electric_Disturbance_Events.xlsx:2011,,False,False,False,Suspected Physical Attack
2011-05-02 00:00:00,08:52:00,2011-05-02 00:00:00,10:46:00,"N. Ogden Substation, Ogden, Utah",WECC,Vandalism,0,0,2011,DOE_Electric_Disturbance_Events.xlsx:2011,,False,False,False,Vandalism
2011-05-03 00:00:00,12:00:00,2011-05-05 00:00:00,12:00:00,"St. Lawrence Power Dam, New York",NPCC,Suspected Physical Attack,0,0,2011,DOE_Electric_Disturbance_Events.xlsx:2011,,False,False,False,Suspected Physical Attack
2011-05-04 00:00:00,13:08:00,2011-05-04 00:00:00,13:25:00,Maryland,RFC,Suspected Physical Attack,0,0,2011,DOE_Electric_Disturbance_Events.xlsx:2011,,False,False,False,Suspected Physical Attack
2011-05-04 00:00:00,12:20:00,2011-05-04 00:00:00,15:40:00,Michigan,RFC,Suspected Sabotage,0,0,2011,DOE_Electric_Disturbance_Events.xlsx:2011,,False,False,False,Suspected Sabotage
2011-05-05 00:00:00,09:15:00,2011-05-05 00:00:00,09:15:00,New Hampshire,NPCC,Vandalism,0,0,2011,DOE_Electric_Disturbance_Events.xlsx:2011,,False,False,False,Vandalism
2011-05-06 00:00:00,06:56:00,2011-05-06 00:00:00,10:30:00,"Alderwood Substation, Portland, Oregon",WECC,Vandalism,0,0,2011,DOE_Electric_Disturbance_Events.xlsx:2011,,False,False,False,Vandalism
2011-05-08 00:00:00,19:35:00,2011-05-08 00:00:00,19:35:00,New York,NPCC,Vandalism,UNK,0,2011,DOE_Electric_Disturbance_Events.xlsx:2011,,False,False,False,Vandalism
2011-05-09 00:00:00,13:11:00,2011-05-09 00:00:00,13:11:00,"Milton, New Hampshire",NPCC,Vandalism,0,0,2011,DOE_Electric_Disturbance_Events.xlsx:2011,,False,False,False,Vandalism
2011-05-09 00:00:00,04:08:00,2011-05-09 00:00:00,06:40:00,"Holtwood, Pennsylvania",RFC,Suspected Physical Attack,630,UNK,2011,DOE_Electric_Disturbance_Events.xlsx:2011,,False,False,False,Suspected Physical Attack
2011-05-10 00:00:00,22:21:00,2011-05-11 00:00:00,14:25:00,"Kentucky, West Virginia",RFC,Severe Weather,UNK,58000,2011,DOE_Electric_Disturbance_Events.xlsx:2011,,False,False,False,Severe Weather
2011-05-10 00:00:00,13:45:00,2011-05-10 00:00:00,15:00:00,New Hampshire,NPCC,Vandalism,0,0,2011,DOE_Electric_Disturbance_Events.xlsx:2011,,False,False,False,Vandalism
2011-05-10 00:00:00,03:25:00,2011-05-11 00:00:00,14:10:00,"Upper Peninsula, Michigan",RFC,Generation Inadequacy; Load Shed; Electrical System Separation (Islanding),585,78213,2011,DOE_Electric_Disturbance_Events.xlsx:2011,,False,False,False,Generation Inadequacy; Load Shed; Electrical System Separation (Islanding)
2011-05-11 00:00:00,15:55:00,2011-05-12 00:00:00,13:57:00,"Colbyville, Haines Road and Arrowhead Substations, Minnesota",MRO,Vandalism,0,0,2011,DOE_Electric_Disturbance_Events.xlsx:2011,,False,False,False,Vandalism
2011-05-11 00:00:00,13:35:00,2011-05-11 00:00:00,13:35:00,"Green River, Wyoming",WECC,Vandalism,0,0,2011,DOE_Electric_Disturbance_Events.xlsx:2011,,False,False,False,Vandalism
2011-05-11 00:00:00,11:00:00,2011-05-11 00:00:00,11:30:00,"North Chelsea Substation, New York",NPCC,Vandalism,0,0,2011,DOE_Electric_Disturbance_Events.xlsx:2011,,False,False,False,Vandalism
2011-05-11 00:00:00,00:15:00,2011-05-11 00:00:00,17:20:00,"Charlotte, North Carolina",SERC,Severe Weather,300,71000,2011,DOE_Electric_Disturbance_Events.xlsx:2011,,False,False,False,Severe Weather
2011-05-13 00:00:00,06:00:00,2011-05-13 00:00:00,06:00:00,"Salt Lake, Utah",WECC,Vandalism,0,0,2011,DOE_Electric_Disturbance_Events.xlsx:2011,,False,False,False,Vandalism
2011-05-21 00:00:00,17:00:00,2011-05-22 00:00:00,18:34:00,"Dixie Valley Area, Nevada",WECC,Physical Attack,56,UNK,2011,DOE_Electric_Disturbance_Events.xlsx:2011,,False,False,False,Physical Attack
2011-05-22 00:00:00,17:09:00,2011-05-31 00:00:00,12:01:00,"Joplin, Sarcoxie, and Wentworth, Missouri",SPP,Severe Weather,200,20000,2011,DOE_Electric_Disturbance_Events.xlsx:2011,,False,False,False,Severe Weather
2011-05-23 00:00:00,16:45:00,2011-05-25 00:00:00,23:59:00,"Central, Indiana",RFC,Severe Weather,1024,215387,2011,DOE_Electric_Disturbance_Events.xlsx:2011,,False,False,False,Severe Weather
2011-05-23 00:00:00,12:30:00,2011-05-25 00:00:00,12:30:00,"St. Louis County, Missouri",SERC,Severe Weather,UNK,70000,2011,DOE_Electric_Disturbance_Events.xlsx:2011,,False,False,False,Severe Weather
2011-05-24 00:00:00,16:45:00,2011-05-26 00:00:00,17:00:00,Central Oklahoma,SPP,Severe Weather,UNK,54000,2011,DOE_Electric_Disturbance_Events.xlsx:2011,,False,False,False,Severe Weather
2011-05-24 00:00:00,16:35:00,2011-05-25 00:00:00,12:40:00,Eastern Virginia,SERC,Severe Weather,790,175000,2011,DOE_Electric_Disturbance_Events.xlsx:2011,,False,False,False,Severe Weather
2011-05-24 00:00:00,09:00:00,2011-05-25 00:00:00,09:10:00,"Chicago, Illinois",RFC,Physical Attack,0,0,2011,DOE_Electric_Disturbance_Events.xlsx:2011,,False,False,False,Physical Attack
2011-05-25 00:00:00,22:14:00,2011-05-28 00:00:00,11:00:00,Central Indiana,RFC,Severe Weather,200,141000,2011,DOE_Electric_Disturbance_Events.xlsx:2011,,False,False,False,Severe Weather
2011-05-26 00:00:00,19:56:00,2011-05-27 00:00:00,18:00:00,Central Pennsylvania,RFC,Severe Weather,150,120001,2011,DOE_Electric_Disturbance_Events.xlsx:2011,,False,False,False,Severe Weather
2011-05-26 00:00:00,18:30:00,2011-05-28 00:00:00,04:44:00,"Southern Balancing Area, Georgia",SERC,Severe Weather,729,218783,2011,DOE_Electric_Disturbance_Events.xlsx:2011,,False,False,False,Severe Weather
2011-05-26 00:00:00,01:00:00,2011-05-26 00:00:00,06:00:00,"Greenwood, Mississippi",SERC,Transmission Level Interruption,30,10000,2011,DOE_Electric_Disturbance_Events.xlsx:2011,,False,False,False,Transmission Level Interruption
2011-05-29 00:00:00,18:30:00,2011-05-31 00:00:00,22:00:00,"Mid and Southern Lower Peninsula, Michigan",RFC,Severe Weather,250,113000,2011,DOE_Electric_Disturbance_Events.xlsx:2011,,False,False,False,Severe Weather
1-06-01 00:00:00,,,,,,,,,2011,DOE_Electric_Disturbance_Events.xlsx:2011,,False,False,False,
2011-06-02 00:00:00,23:45:00,2011-06-04 00:00:00,16:00:00,"Greater Columbia, South Carolina",SERC,Severe Weather,0,50465,2011,DOE_Electric_Disturbance_Events.xlsx:2011,,False,False,False,Severe Weather
2011-06-04 00:00:00,01:17:00,2011-06-04 00:00:00,03:25:00,"Midway, California",WECC,Vandalism,UNK,420,2011,DOE_Electric_Disturbance_Events.xlsx:2011,,False,False,False,Vandalism
2011-06-05 00:00:00,05:30:00,2011-06-06 00:00:00,01:30:00,"Houston Metro-Area, Texas",TRE,Severe Thunderstorms,473,78000,2011,DOE_Electric_Disturbance_Events.xlsx:2011,,True,True,True,Severe Thunderstorms
2011-06-05 00:00:00,20:02:00,2011-06-05 00:00:00,20:55:00,"Melones, California",WECC,Electrical System Separation (Islanding),10,5314,2011,DOE_Electric_Disturbance_Events.xlsx:2011,,False,False,False,Electrical System Separation (Islanding)
2011-06-06 00:00:00,00:13:00,2011-06-06 00:00:00,03:15:00,"El Paso County, Texas; Dona Ana County, New Mexico",SPP,Load Shed/ Automatic undervoltage relay action,450,162000,2011,DOE_Electric_Disturbance_Events.xlsx:2011,,True,False,True,Load Shed/ Automatic undervoltage relay action
2011-06-06 00:00:00,15:00:00,2011-06-08 00:00:00,15:00:00,"Eastern, Arkansas",SPP,Public Appeal to Reduce Electricity Usage,UNK,13000,2011,DOE_Electric_Disturbance_Events.xlsx:2011,,False,False,False,Public Appeal to Reduce Electricity Usage
2011-06-07 00:00:00,14:00:00,2011-06-08 00:00:00,06:00:00,Ohio,RFC,Severe Weather,UNK,52747,2011,DOE_Electric_Disturbance_Events.xlsx:2011,,False,False,False,Severe Weather
2011-06-08 00:00:00,12:58:00,2011-06-08 00:00:00,12:58:00,"Fredrickson Substation, Washington",WECC,Vandalism,,,2011,DOE_Electric_Disturbance_Events.xlsx:2011,,False,False,False,Vandalism
2011-06-09 00:00:00,04:30:00,2011-06-09 00:00:00,12:00:00,Illinois,RFC,Severe Thunderstorms,UNK,169000,2011,DOE_Electric_Disturbance_Events.xlsx:2011,,False,False,False,Severe Thunderstorms
2011-06-09 00:00:00,14:15:00,2011-06-09 00:00:00,14:15:00,"San Antonio Dam Area, Los Angeles County, California",WECC,Suspected Physical Attack,0,0,2011,DOE_Electric_Disturbance_Events.xlsx:2011,,False,False,False,Suspected Physical Attack
2011-06-09 00:00:00,17:51:00,2011-06-10 00:00:00,12:00:00,"Western, Massachusetts; Connecticut",NPCC,Severe Thunderstorms,0,100000,2011,DOE_Electric_Disturbance_Events.xlsx:2011,,False,False,False,Severe Thunderstorms
2011-06-12 00:00:00,19:00:00,2011-06-12 00:00:00,20:30:00,Virginia,RFC,Severe Thunderstorms,250,56000,2011,DOE_Electric_Disturbance_Events.xlsx:2011,,False,False,False,Severe Thunderstorms
2011-06-15 00:00:00,16:00:00,2011-06-16 00:00:00,06:30:00,"Bingham County, Idaho",WECC,Vandalism,,,2011,DOE_Electric_Disturbance_Events.xlsx:2011,,False,False,False,Vandalism
2011-06-15 00:00:00,19:15:00,2011-06-16 00:00:00,06:00:00,Georgia,SERC,Severe Thunderstorms,563,169000,2011,DOE_Electric_Disturbance_Events.xlsx:2011,,False,False,False,Severe Thunderstorms
2011-06-15 00:00:00,19:17:00,2011-06-16 00:00:00,01:45:00,"Piedmont, North Carolina",SERC,Severe Thunderstorms,300,70135,2011,DOE_Electric_Disturbance_Events.xlsx:2011,,False,False,False,Severe Thunderstorms
2011-06-18 00:00:00,15:30:00,2011-06-19 00:00:00,15:42:00,"Northern, Georgia",SERC,Severe Thunderstorms,312,93828,2011,DOE_Electric_Disturbance_Events.xlsx:2011,,False,False,False,Severe Thunderstorms
2011-06-18 00:00:00,16:45:00,2011-06-20 00:00:00,23:59:00,"Eastern, Arkansas",SPP,Public Appeal to Reduce Electricity Usage,UNK,UNK,2011,DOE_Electric_Disturbance_Events.xlsx:2011,,False,False,False,Public Appeal to Reduce Electricity Usage
2011-06-18 00:00:00,17:00:00,2011-06-18 00:00:00,21:33:00,North Carolina; South Carolina,SERC,Severe Thunderstorms,300,70000,2011,DOE_Electric_Disturbance_Events.xlsx:2011,,False,False,False,Severe Thunderstorms
2011-06-20 00:00:00,10:36:00,2011-06-20 00:00:00,10:36:00,"Collins Substation, Washington",WECC,Vandalism,0,0,2011,DOE_Electric_Disturbance_Events.xlsx:2011,,False,False,False,Vandalism
2011-06-21 00:00:00,18:30:00,2011-06-22 00:00:00,07:00:00,AEP Region,RFC,Severe Weather,UNK,56000,2011,DOE_Electric_Disturbance_Events.xlsx:2011,,False,False,False,Severe Weather
2011-06-21 00:00:00,21:45:00,2011-06-23 00:00:00,02:00:00,Illinois,RFC,Severe Thunderstorms,UNK,300000,2011,DOE_Electric_Disturbance_Events.xlsx:2011,,False,False,False,Severe Thunderstorms
2011-06-22 00:00:00,09:46:00,2011-06-22 00:00:00,09:46:00,"Knoxville, Tennessee",SERC,Severe Weather,UNK,106300,2011,DOE_Electric_Disturbance_Events.xlsx:2011,,False,False,False,Severe Weather
2011-06-22 00:00:00,19:00:00,2011-06-23 00:00:00,01:00:00,Alabama; Georgia,SERC,Severe Thunderstorms,316,75101,2011,DOE_Electric_Disturbance_Events.xlsx:2011,,False,False,False,Severe Thunderstorms
2011-06-22 00:00:00,20:12:00,2011-06-22 00:00:00,20:12:00,"Knoble Substation, Spanaway, Washington",WECC,Vandalism,0,0,2011,DOE_Electric_Disturbance_Events.xlsx:2011,,False,False,False,Vandalism
2011-06-23 00:00:00,08:10:00,2011-06-23 00:00:00,09:00:00,"Highgate, Vermont",NPCC,Vandalism,0,0,2011,DOE_Electric_Disturbance_Events.xlsx:2011,,False,False,False,Vandalism
2011-06-24 00:00:00,18:30:00,2011-06-25 00:00:00,01:30:00,North/North Central Alabama; Georgia,SERC,Severe Thunderstorms,340,102275,2011,DOE_Electric_Disturbance_Events.xlsx:2011,,False,False,False,Severe Thunderstorms
2011-06-26 00:00:00,16:46:00,2011-06-27 00:00:00,07:59:00,Southwest Kansas,SPP,Public Appeal to Reduce Electricity Usage,UNK,UNK,2011,DOE_Electric_Disturbance_Events.xlsx:2011,,False,False,False,Public Appeal to Reduce Electricity Usage
2011-06-26 00:00:00,18:00:00,2011-06-27 00:00:00,13:00:00,Alabama; Georgia,SERC,Severe Thunderstorms,300,90160,2011,DOE_Electric_Disturbance_Events.xlsx:2011,,False,False,False,Severe Thunderstorms
2011-06-27 00:00:00,00:00:00,2011-06-29 00:00:00,01:00:00,Illinois; Missouri,SERC,Severe Thunderstorms,UNK,80000,2011,DOE_Electric_Disturbance_Events.xlsx:2011,,False,False,False,Severe Thunderstorms
2011-06-27 00:00:00,15:00:00,2011-06-27 00:00:00,19:00:00,Texas,TRE,Public Appeal to Reduce Electricity Usage,0,0,2011,DOE_Electric_Disturbance_Events.xlsx:2011,,True,True,True,Public Appeal to Reduce Electricity Usage
2011-06-27 00:00:00,18:55:00,2011-06-27 00:00:00,18:55:00,"Olympic Pipeline Substation, Washington",WECC,Vandalism,UNK,UNK,2011,DOE_Electric_Disturbance_Events.xlsx:2011,,False,False,False,Vandalism
2011-06-29 00:00:00,11:30:00,2011-06-29 00:00:00,18:04:00,"Panhandle and Muleshoe, Texas",SPP,Public Appeal to Reduce Electricity Usage,0,0,2011,DOE_Electric_Disturbance_Events.xlsx:2011,,True,False,True,Public Appeal to Reduce Electricity Usage
2011-06-30 00:00:00,14:11:00,2011-06-30 00:00:00,23:25:00,"Phoenix, Arizona",WECC,Major System Interruption/Load Shed,5299,160000,2011,DOE_Electric_Disturbance_Events.xlsx:2011,,False,False,False,Major System Interruption/Load Shed
2011-06-30 00:00:00,22:30:00,2011-07-01 00:00:00,17:00:00,Illinois,RFC,Severe Weather,UNK,121000,2011,DOE_Electric_Disturbance_Events.xlsx:2011,,False,False,False,Severe Weather
2011-06-30 00:00:00,22:31:00,2011-06-30 00:00:00,22:31:00,"Olympic Pipeline Substation, Washington",WECC,Vandalism,0,0,2011,DOE_Electric_Disturbance_Events.xlsx:2011,,False,False,False,Vandalism
1-07-01 00:00:00,,,,,,,,,2011,DOE_Electric_Disturbance_Events.xlsx:2011,,False,False,False,
2011-07-01 00:00:00,08:00:00,2011-07-01 00:00:00,08:01:00,"CONVEX Local Control Center, Connecticut",NPCC,Vandalism,0,0,2011,DOE_Electric_Disturbance_Events.xlsx:2011,,False,False,False,Vandalism
2011-07-01 00:00:00,16:38:00,2011-07-01 00:00:00,22:38:00,Greene County Ohio,RFC,Vandalism,,0,2011,DOE_Electric_Disturbance_Events.xlsx:2011,,False,False,False,Vandalism
2011-07-01 00:00:00,17:00:00,2011-07-03 00:00:00,20:00:00,Southwest and South Central Minnesota,MRO,Severe Weather,UNK,70000,2011,DOE_Electric_Disturbance_Events.xlsx:2011,,False,False,False,Severe Weather
2011-07-02 00:00:00,20:15:00,2011-07-06 00:00:00,22:00:00,"South East, Lower Peninsula, Michigan",RFC,Severe Weather,UNK,182000,2011,DOE_Electric_Disturbance_Events.xlsx:2011,,False,False,False,Severe Weather
2011-07-04 00:00:00,18:00:00,2011-07-04 00:00:00,21:00:00,Virginia,SERC,Severe Weather,150,51580,2011,DOE_Electric_Disturbance_Events.xlsx:2011,,False,False,False,Severe Weather
2011-07-05 00:00:00,10:40:00,2011-07-05 00:00:00,11:37:00,West Valley Substation Utah,WECC,Vandalism,0,0,2011,DOE_Electric_Disturbance_Events.xlsx:2011,,False,False,False,Vandalism
2011-07-06 00:00:00,09:51:00,2011-07-06 00:00:00,09:52:00,Vermont,NPCC,Vandalism,,,2011,DOE_Electric_Disturbance_Events.xlsx:2011,,False,False,False,Vandalism
2011-07-08 00:00:00,10:00:00,2011-07-08 00:00:00,10:00:00,"Saginaw, Minnesota",MRO,Vandalism,0,0,2011,DOE_Electric_Disturbance_Events.xlsx:2011,,False,False,False,Vandalism
2011-07-08 00:00:00,10:00:00,2011-07-11 00:00:00,09:00:00,"PJM Corporate Office, Pennsylvania",RFC,Suspected Cyber Attack,UNK,UNK,2011,DOE_Electric_Disturbance_Events.xlsx:2011,,False,False,False,Suspected Cyber Attack
2011-07-11 00:00:00,09:00:00,2011-07-11 00:00:00,09:00:00,Illinois,RFC,Severe Weather,UNK,500000,2011,DOE_Electric_Disturbance_Events.xlsx:2011,,False,False,False,Severe Weather
2011-07-11 00:00:00,09:00:00,2011-07-11 00:00:00,10:25:00,Michigan,RFC,Severe Weather,254,103000,2011,DOE_Electric_Disturbance_Events.xlsx:2011,,False,False,False,Severe Weather
2011-07-11 00:00:00,11:15:00,2011-07-12 00:00:00,08:15:00,Western and Southern Lower Peninsula Michigan,RFC,Severe Weather,UNK,85000,2011,DOE_Electric_Disturbance_Events.xlsx:2011,,False,False,False,Severe Weather
2011-07-11 00:00:00,13:13:00,2011-07-11 00:00:00,13:13:00,Southwest Ohio,RFC,Vandalism,0,0,2011,DOE_Electric_Disturbance_Events.xlsx:2011,,False,False,False,Vandalism
2011-07-11 00:00:00,13:30:00,2011-07-11 00:00:00,13:30:00,Maine,NPCC,Vandalism,,0,2011,DOE_Electric_Disturbance_Events.xlsx:2011,,False,False,False,Vandalism
2011-07-11 00:00:00,14:27:00,2011-07-12 00:00:00,15:50:00,"Indiana, Michigan, Ohio",RFC,Severe Weather,UNK,120000,2011,DOE_Electric_Disturbance_Events.xlsx:2011,,False,False,False,Severe Weather
2011-07-12 00:00:00,12:00:00,2011-07-12 00:00:00,12:00:00,Maine,NPCC,Vandalism,,0,2011,DOE_Electric_Disturbance_Events.xlsx:2011,,False,False,False,Vandalism
2011-07-12 00:00:00,20:20:00,2011-07-12 00:00:00,21:30:00,California,WECC,Suspected Physical Attack,UNK,UNK,2011,DOE_Electric_Disturbance_Events.xlsx:2011,,False,False,False,Suspected Physical Attack
2011-07-13 00:00:00,17:19:00,2011-07-13 00:00:00,22:03:00,"Pueblo, Colorado",WECC,Load Shed,580,,2011,DOE_Electric_Disturbance_Events.xlsx:2011,,False,False,False,Load Shed
2011-07-14 00:00:00,11:00:00,2011-07-14 00:00:00,19:00:00,Texas,TRE,Public Appeal to Reduce Electricity Usage,0,0,2011,DOE_Electric_Disturbance_Events.xlsx:2011,,True,True,True,Public Appeal to Reduce Electricity Usage
2011-07-18 00:00:00,17:00:00,2011-07-24 00:00:00,13:30:00,Southeast Michigan,RFC,Severe Weather,,197166,2011,DOE_Electric_Disturbance_Events.xlsx:2011,,False,False,False,Severe Weather
2011-07-19 00:00:00,11:45:00,2011-07-19 00:00:00,15:00:00,Maine,NPCC,Vandalism,,,2011,DOE_Electric_Disturbance_Events.xlsx:2011,,False,False,False,Vandalism
2011-07-20 00:00:00,09:10:00,2011-07-20 00:00:00,16:30:00,"Frederickson Substation, Washington",WECC,Vandalism,,,2011,DOE_Electric_Disturbance_Events.xlsx:2011,,False,False,False,Vandalism
2011-07-21 00:00:00,12:32:00,2011-07-22 00:00:00,06:30:00,"Lower Peninsula, Michigan",RFC,Public Appeal to Reduce Electricity Usage,8881,,2011,DOE_Electric_Disturbance_Events.xlsx:2011,,False,False,False,Public Appeal to Reduce Electricity Usage
2011-07-21 00:00:00,13:00:00,2011-07-21 00:00:00,15:00:00,"Springfield, Illinois",SERC,Public Appeal to Reduce Electricity Usage,,,2011,DOE_Electric_Disturbance_Events.xlsx:2011,,False,False,False,Public Appeal to Reduce Electricity Usage
2011-07-22 00:00:00,11:00:00,2011-07-22 00:00:00,18:00:00,"Upstate, New York",NPCC,Public Appeal to Reduce Electricity Usage,,,2011,DOE_Electric_Disturbance_Events.xlsx:2011,,False,False,False,Public Appeal to Reduce Electricity Usage
2011-07-22 00:00:00,11:34:00,2011-07-22 00:00:00,17:26:00,Ohio,RFC,Load Shed,206,23000,2011,DOE_Electric_Disturbance_Events.xlsx:2011,,False,False,False,Load Shed
2011-07-23 00:00:00,02:30:00,2011-07-24 00:00:00,09:00:00,Illinois,RFC,Severe Weather,UNK,169000,2011,DOE_Electric_Disturbance_Events.xlsx:2011,,False,False,False,Severe Weather
2011-07-24 00:00:00,14:34:00,2011-07-24 00:00:00,15:47:00,"Southern, New Hampshire",NPCC,Vandalism,0,0,2011,DOE_Electric_Disturbance_Events.xlsx:2011,,False,False,False,Vandalism
2011-07-26 00:00:00,12:01:00,2011-07-26 00:00:00,12:01:00,"Backup Control Center, Oklahoma",SPP,Vandalism,0,0,2011,DOE_Electric_Disturbance_Events.xlsx:2011,,False,False,False,Vandalism
2011-07-27 00:00:00,12:07:00,2011-07-27 00:00:00,12:08:00,"Fife, Washington",WECC,Vandalism,,,2011,DOE_Electric_Disturbance_Events.xlsx:2011,,False,False,False,Vandalism
2011-07-28 00:00:00,07:26:00,2011-07-29 00:00:00,07:26:00,"Daviess County, Kentucky",SERC,Fuel Supply Deficiency (Coal),,,2011,DOE_Electric_Disturbance_Events.xlsx:2011,,False,False,False,Fuel Supply Deficiency (Coal)
2011-07-28 00:00:00,00:14:00,2011-07-29 00:00:00,12:00:00,"Entire ComEd Territory, Indiana",RFC,Severe Weather,UNK,201000,2011,DOE_Electric_Disturbance_Events.xlsx:2011,,False,False,False,Severe Weather
2011-07-28 00:00:00,13:32:00,2011-07-28 00:00:00,13:32:00,Indiana  ,RFC,Vandalism,,,2011,DOE_Electric_Disturbance_Events.xlsx:2011,,False,False,False,Vandalism
2011-07-28 00:00:00,19:25:00,2011-07-28 00:00:00,19:25:00,"Spanaway, Washington",WECC,Vandalism,,,2011,DOE_Electric_Disturbance_Events.xlsx:2011,,False,False,False,Vandalism
2011-07-29 00:00:00,11:46:00,2011-07-29 00:00:00,17:00:00,"Fredrickson, Washington",WECC,Vandalism,,,2011,DOE_Electric_Disturbance_Events.xlsx:2011,,False,False,False,Vandalism
2011-07-29 00:00:00,20:45:00,2011-08-01 00:00:00,04:24:00,Central New Jersey,RFC,Severe Weather,,67900,2011,DOE_Electric_Disturbance_Events.xlsx:2011,,False,False,False,Severe Weather
1-08-01 00:00:00,,,,,,,,,2011,DOE_Electric_Disturbance_Events.xlsx:2011,,False,False,False,
2011-08-01 00:00:00,15:00:00,2011-08-05 00:00:00,19:00:00,Texas,TRE,Public Appeal to Reduce Electricity Usage,0,0,2011,DOE_Electric_Disturbance_Events.xlsx:2011,,True,True,True,Public Appeal to Reduce Electricity Usage
2011-08-01 00:00:00,14:18:00,2011-08-01 00:00:00,14:18:00,"Jefferson, Oregon",WECC,Vandalism,,,2011,DOE_Electric_Disturbance_Events.xlsx:2011,,False,False,False,Vandalism
2011-08-02 00:00:00,21:30:00,2011-08-03 00:00:00,19:00:00,"Northeast, Illinois",RFC,Severe Weather,UNK,71500,2011,DOE_Electric_Disturbance_Events.xlsx:2011,,False,False,False,Severe Weather
2011-08-02 00:00:00,10:15:00,2011-08-03 00:00:00,09:16:00,Oklahoma,SPP,Public Appeal to Reduce Electricity Usage,,,2011,DOE_Electric_Disturbance_Events.xlsx:2011,,False,False,False,Public Appeal to Reduce Electricity Usage
2011-08-03 00:00:00,10:00:00,2011-08-19 00:00:00,10:00:00,Western New York,NPCC,Fuel Supply Deficiency (Coal),675,UNK,2011,DOE_Electric_Disturbance_Events.xlsx:2011,,False,False,False,Fuel Supply Deficiency (Coal)
2011-08-03 00:00:00,16:30:00,2011-08-03 00:00:00,21:00:00,Central Arkansas,SPP,Public Appeal to Reduce Electricity Usage,0,0,2011,DOE_Electric_Disturbance_Events.xlsx:2011,,False,False,False,Public Appeal to Reduce Electricity Usage
2011-08-03 00:00:00,16:29:00,2011-08-03 00:00:00,23:40:00,Northeast Oklahoma,SPP,Public Appeal to Reduce Electricity Usage,300,,2011,DOE_Electric_Disturbance_Events.xlsx:2011,,False,False,False,Public Appeal to Reduce Electricity Usage
2011-08-04 00:00:00,10:30:00,2011-08-04 00:00:00,16:00:00,"Arkansas, Oklahoma, Texas",SPP,Public Appeal to Reduce Electricity Usage,,,2011,DOE_Electric_Disturbance_Events.xlsx:2011,,True,False,True,Public Appeal to Reduce Electricity Usage
2011-08-08 00:00:00,09:30:00,2011-08-08 00:00:00,09:30:00,"Greene County, Ohio",RFC,Suspected Physical Attack,0,0,2011,DOE_Electric_Disturbance_Events.xlsx:2011,,False,False,False,Suspected Physical Attack
2011-08-08 00:00:00,20:58:00,2011-08-10 00:00:00,16:30:00,Northern and Central Oklahoma,SPP,Severe Weather,,54000,2011,DOE_Electric_Disturbance_Events.xlsx:2011,,False,False,False,Severe Weather
2011-08-08 00:00:00,19:36:00,2011-08-09 00:00:00,12:00:00,Oklahoma,SPP,Electrical System Separation (Islanding),92,14500,2011,DOE_Electric_Disturbance_Events.xlsx:2011,,False,False,False,Electrical System Separation (Islanding)
2011-08-08 00:00:00,09:35:00,2011-08-08 00:00:00,16:00:00,"Collins Substation, Washington",WECC,Vandalism,,,2011,DOE_Electric_Disturbance_Events.xlsx:2011,,False,False,False,Vandalism
2011-08-09 00:00:00,10:26:00,2011-08-09 00:00:00,17:00:00,"Polk Substation, Tacoma, Washington",WECC,Vandalism,,,2011,DOE_Electric_Disturbance_Events.xlsx:2011,,False,False,False,Vandalism
2011-08-13 00:00:00,16:41:00,2011-08-14 00:00:00,19:00:00,Kentucky,SERC,Severe Weather,UNK,181700,2011,DOE_Electric_Disturbance_Events.xlsx:2011,,False,False,False,Severe Weather
2011-08-15 00:00:00,02:05:00,2011-08-15 00:00:00,03:40:00,Utah,WECC,Vandalism,0,0,2011,DOE_Electric_Disturbance_Events.xlsx:2011,,False,False,False,Vandalism
2011-08-18 00:00:00,09:51:00,2011-08-18 00:00:00,16:00:00,"Collins Substation, Washington",WECC,Suspected Physical Attack,,,2011,DOE_Electric_Disturbance_Events.xlsx:2011,,False,False,False,Suspected Physical Attack
2011-08-20 00:00:00,17:42:00,2011-08-23 00:00:00,20:00:00,Southeastern Michigan,RFC,Severe Weather,254,65000,2011,DOE_Electric_Disturbance_Events.xlsx:2011,,False,False,False,Severe Weather
2011-08-21 00:00:00,22:45:00,2011-08-23 00:00:00,22:45:00,Puerto Rico,,Severe Weather,2200,931000,2011,DOE_Electric_Disturbance_Events.xlsx:2011,,False,False,False,Severe Weather
2011-08-22 00:00:00,10:05:00,2011-08-22 00:00:00,16:00:00,"Collins Substation, Washington",WECC,Suspected Physical Attack,,,2011,DOE_Electric_Disturbance_Events.xlsx:2011,,False,False,False,Suspected Physical Attack
2011-08-23 00:00:00,13:51:00,2011-08-23 00:00:00,13:51:00,Virginia,RFC,Earthquake,0,0,2011,DOE_Electric_Disturbance_Events.xlsx:2011,,False,False,False,Earthquake
2011-08-23 00:00:00,10:30:00,2011-08-23 00:00:00,16:54:00,"Southeastern New Mexico,  Texas Panhandle",SPP,Public Appeal to Reduce Electricity Usage,0,0,2011,DOE_Electric_Disturbance_Events.xlsx:2011,,True,False,True,Public Appeal to Reduce Electricity Usage
2011-08-23 00:00:00,15:43:00,2011-08-23 00:00:00,19:00:00,Texas,TRE,Public Appeal to Reduce Electricity Usage,0,0,2011,DOE_Electric_Disturbance_Events.xlsx:2011,,True,True,True,Public Appeal to Reduce Electricity Usage
2011-08-24 00:00:00,13:20:00,2011-08-29 00:00:00,19:00:00,Texas,TRE,Public Appeal to Reduce Electricity Usage,0,0,2011,DOE_Electric_Disturbance_Events.xlsx:2011,,True,True,True,Public Appeal to Reduce Electricity Usage
2011-08-24 00:00:00,07:45:00,2011-08-25 00:00:00,06:00:00,"Houston area, Texas",TRE,Severe Weather,485,79000,2011,DOE_Electric_Disturbance_Events.xlsx:2011,,True,True,True,Severe Weather
2011-08-24 00:00:00,14:51:00,2011-08-24 00:00:00,22:00:00,"Arkansas, Louisiana, Texas",SPP,Severe Weather,,53064,2011,DOE_Electric_Disturbance_Events.xlsx:2011,,True,False,True,Severe Weather
2011-08-25 00:00:00,00:01:00,2011-08-25 00:00:00,00:01:00,Maine,NPCC,Suspected Physical Attack,0,0,2011,DOE_Electric_Disturbance_Events.xlsx:2011,,False,False,False,Suspected Physical Attack
2011-08-25 00:00:00,00:30:00,2011-08-28 00:00:00,20:00:00,"Cleveland area, Ohio",RFC,Severe Weather,,107833,2011,DOE_Electric_Disturbance_Events.xlsx:2011,,False,False,False,Severe Weather
2011-08-26 00:00:00,00:30:00,2011-08-28 00:00:00,00:30:00,Pennsylvania,RFC,Severe Weather,,200717,2011,DOE_Electric_Disturbance_Events.xlsx:2011,,False,False,False,Severe Weather
2011-08-27 00:00:00,23:05:00,2077-08-29 00:00:00,15:30:00,District of Columbia; Maryland,RFC,Severe Weather,,220000,2011,DOE_Electric_Disturbance_Events.xlsx:2011,,False,False,False,Severe Weather
2011-08-27 00:00:00,23:00:00,2011-08-29 00:00:00,08:00:00,Maryland,RFC,Severe Weather,UNK,108000,2011,DOE_Electric_Disturbance_Events.xlsx:2011,,False,False,False,Severe Weather
2011-08-27 00:00:00,22:00:00,2011-08-29 00:00:00,16:00:00,Southern New Jersey,RFC,Severe Weather,320,140000,2011,DOE_Electric_Disturbance_Events.xlsx:2011,,False,False,False,Severe Weather
2011-08-27 00:00:00,22:00:00,2011-08-29 00:00:00,22:00:00,Pennsylvania,RFC,Severe Weather,,264000,2011,DOE_Electric_Disturbance_Events.xlsx:2011,,False,False,False,Severe Weather
2011-08-27 00:00:00,20:30:00,2011-09-04 00:00:00,23:30:00,Maryland,RFC,Severe Weather,1114,760113,2011,DOE_Electric_Disturbance_Events.xlsx:2011,,False,False,False,Severe Weather
2011-08-27 00:00:00,13:00:00,2011-08-29 00:00:00,13:00:00,Delaware; Maryland,RFC,Severe Weather,,165000,2011,DOE_Electric_Disturbance_Events.xlsx:2011,,False,False,False,Severe Weather
2011-08-27 00:00:00,19:00:00,2011-08-29 00:00:00,13:31:00,Eastern North Carolina,SERC,Severe Weather,200,136000,2011,DOE_Electric_Disturbance_Events.xlsx:2011,,False,False,False,Severe Weather
2011-08-27 00:00:00,10:33:00,2011-08-29 00:00:00,14:00:00,North Carolina; Virginia,SERC,Severe Weather,UNK,1000000,2011,DOE_Electric_Disturbance_Events.xlsx:2011,,False,False,False,Severe Weather
2011-08-27 00:00:00,02:57:00,2011-08-29 00:00:00,23:30:00,Eastern North Carolina,SERC,Severe Weather,UNK,285465,2011,DOE_Electric_Disturbance_Events.xlsx:2011,,False,False,False,Severe Weather
2011-08-27 00:00:00,02:00:00,2011-08-27 00:00:00,05:15:00,Wilson County North Carolina,SERC,Distribution System Interruption,2,1200,2011,DOE_Electric_Disturbance_Events.xlsx:2011,,False,False,False,Distribution System Interruption
2011-08-28 00:00:00,12:30:00,2011-08-28 00:00:00,12:31:00,New York,NPCC,Severe Weather,,116000,2011,DOE_Electric_Disturbance_Events.xlsx:2011,,False,False,False,Severe Weather
2011-08-28 00:00:00,12:10:00,2011-08-28 00:00:00,12:11:00,Eastern Massachusetts,NPCC,Severe Weather,,50000,2011,DOE_Electric_Disturbance_Events.xlsx:2011,,False,False,False,Severe Weather
2011-08-28 00:00:00,09:42:00,2011-08-30 00:00:00,00:01:00,Eastern New York,NPCC,Severe Weather,,100000,2011,DOE_Electric_Disturbance_Events.xlsx:2011,,False,False,False,Severe Weather
2011-08-28 00:00:00,07:40:00,2011-08-29 00:00:00,07:40:00,Southwest Connecticut,NPCC,Severe Weather,,158000,2011,DOE_Electric_Disturbance_Events.xlsx:2011,,False,False,False,Severe Weather
2011-08-28 00:00:00,07:00:00,2011-09-03 00:00:00,00:01:00,New York,NPCC,Severe Weather,UNK,99700,2011,DOE_Electric_Disturbance_Events.xlsx:2011,,False,False,False,Severe Weather
2011-08-28 00:00:00,05:01:00,2011-09-03 00:00:00,05:01:00,Borough's and Westshester County New York,NPCC,Severe Weather,,50000,2011,DOE_Electric_Disturbance_Events.xlsx:2011,,False,False,False,Severe Weather
2011-08-28 00:00:00,05:00:00,2011-08-30 00:00:00,05:00:00,"Long Island, New York",NPCC,Severe Weather,UNK,152261,2011,DOE_Electric_Disturbance_Events.xlsx:2011,,False,False,False,Severe Weather
2011-08-28 00:00:00,00:01:00,2011-08-30 00:00:00,00:01:00,"Mid-Hudson, New York",NPCC,Severe Weather,,180000,2011,DOE_Electric_Disturbance_Events.xlsx:2011,,False,False,False,Severe Weather
2011-08-28 00:00:00,02:58:00,2011-08-30 00:00:00,02:58:00,Eastern and Northeastern Pennsylvania,RFC,Severe Weather,110,284000,2011,DOE_Electric_Disturbance_Events.xlsx:2011,,False,False,False,Severe Weather
2011-08-28 00:00:00,00:30:00,2011-08-30 00:00:00,00:30:00,Northern and Central New Jersey,RFC,Severe Weather,,650000,2011,DOE_Electric_Disturbance_Events.xlsx:2011,,False,False,False,Severe Weather
2011-08-28 00:00:00,00:23:00,2011-08-30 00:00:00,00:23:00,New Jersey,RFC,Severe Weather,500,665000,2011,DOE_Electric_Disturbance_Events.xlsx:2011,,False,False,False,Severe Weather
2011-08-28 00:00:00,20:55:00,2011-08-28 00:00:00,23:39:00,"Calapooya Substation, Oregon",WECC,Suspected Physical Attack,0,0,2011,DOE_Electric_Disturbance_Events.xlsx:2011,,False,False,False,Suspected Physical Attack
2011-08-31 00:00:00,12:52:00,2011-08-31 00:00:00,12:52:00,Southwest Ohio,RFC,Suspected Physical Attack,0,0,2011,DOE_Electric_Disturbance_Events.xlsx:2011,,False,False,False,Suspected Physical Attack
1-09-01 00:00:00,,,,,,,,,2011,DOE_Electric_Disturbance_Events.xlsx:2011,,False,False,False,
2011-09-01 00:00:00,08:13:00,2011-09-01 00:00:00,16:00:00,"Graham Substaion, Washington",WECC,Vandalism,,,2011,DOE_Electric_Disturbance_Events.xlsx:2011,,False,False,False,Vandalism
2011-09-03 00:00:00,14:00:00,2011-09-08 00:00:00,18:00:00,"Southeast Lower Peninsula, Michigan",RFC,Severe Weather,UNK,105000,2011,DOE_Electric_Disturbance_Events.xlsx:2011,,False,False,False,Severe Weather
2011-09-05 00:00:00,16:30:00,2011-09-07 00:00:00,15:45:00,Alabama; Georgia,SERC,Severe Weather,177,53295,2011,DOE_Electric_Disturbance_Events.xlsx:2011,,False,False,False,Severe Weather
2011-09-07 00:00:00,00:08:00,2011-09-07 00:00:00,10:50:00,Western Connecticut; New York,NPCC,Actual Physical Attack,0,0,2011,DOE_Electric_Disturbance_Events.xlsx:2011,,False,False,False,Actual Physical Attack
2011-09-08 00:00:00,15:28:00,2011-09-10 00:00:00,15:30:00,Arizona; California,WECC,Transmission/Distribution Interruption; Load Shed; Generation Inadequacy,7000,2000000,2011,DOE_Electric_Disturbance_Events.xlsx:2011,,False,False,False,Transmission/Distribution Interruption; Load Shed; Generation Inadequacy
2011-09-08 00:00:00,19:53:00,2011-09-09 00:00:00,16:00:00,"Collins Substation, Tacoma, Washington",WECC,Vandalism,,,2011,DOE_Electric_Disturbance_Events.xlsx:2011,,False,False,False,Vandalism
2011-09-12 00:00:00,09:15:00,2011-09-12 00:00:00,15:30:00,"English Creek, New Jersey",RFC,Vandalism,0,0,2011,DOE_Electric_Disturbance_Events.xlsx:2011,,False,False,False,Vandalism
2011-09-13 00:00:00,11:43:00,2011-09-14 00:00:00,16:00:00,"Lacamas Substation, Roy, Washington",WECC,Vandalism,,,2011,DOE_Electric_Disturbance_Events.xlsx:2011,,False,False,False,Vandalism
2011-09-13 00:00:00,14:03:00,2011-09-13 00:00:00,18:21:00,"Saranac, New York",NPCC,Vandalism,,0,2011,DOE_Electric_Disturbance_Events.xlsx:2011,,False,False,False,Vandalism
2011-09-14 00:00:00,09:00:00,2011-09-14 00:00:00,14:00:00,"Salt Lake County, Utah",WECC,Vandalism,0,0,2011,DOE_Electric_Disturbance_Events.xlsx:2011,,False,False,False,Vandalism
2011-09-20 00:00:00,12:55:00,2011-09-20 00:00:00,17:00:00,"Lacamas Substaion, Washington",WECC,Vandalism,,,2011,DOE_Electric_Disturbance_Events.xlsx:2011,,False,False,False,Vandalism
2011-09-21 00:00:00,10:30:00,2011-09-21 00:00:00,10:30:00,"Hockessin, Delaware",RFC,Suspected Physical Attack,0,0,2011,DOE_Electric_Disturbance_Events.xlsx:2011,,False,False,False,Suspected Physical Attack
2011-09-21 00:00:00,14:37:00,2011-09-21 00:00:00,15:47:00,Puerto Rico,,Generation Inadequacy; Load Shed,600,319616,2011,DOE_Electric_Disturbance_Events.xlsx:2011,,False,False,False,Generation Inadequacy; Load Shed
2011-09-22 00:00:00,14:50:00,2011-09-22 00:00:00,14:51:00,"Montgomery County, Ohio",RFC,Vandalism,,0,2011,DOE_Electric_Disturbance_Events.xlsx:2011,,False,False,False,Vandalism
2011-09-23 00:00:00,09:04:00,2011-09-23 00:00:00,09:04:00,"North Haven, Connecticut",NPCC,Vandalism,0,0,2011,DOE_Electric_Disturbance_Events.xlsx:2011,,False,False,False,Vandalism
2011-09-24 00:00:00,16:17:00,2011-09-25 00:00:00,16:00:00,"Collins Substation, Tacoma, Washington",WECC,Vandalism,,,2011,DOE_Electric_Disturbance_Events.xlsx:2011,,False,False,False,Vandalism
2011-09-26 00:00:00,10:15:00,2011-09-26 00:00:00,10:15:00,"McKee City, New Jersey",RFC,Vandalism,0,0,2011,DOE_Electric_Disturbance_Events.xlsx:2011,,False,False,False,Vandalism
2011-09-29 00:00:00,05:00:00,2011-09-30 00:00:00,06:00:00,"Houston metro area, Texas",TRE,Severe Weather,,65000,2011,DOE_Electric_Disturbance_Events.xlsx:2011,,True,True,True,Severe Weather
2011-09-28 00:00:00,09:30:00,2011-09-28 00:00:00,13:00:00,"Watertown, Connecticut",NPCC,Vandalism,,,2011,DOE_Electric_Disturbance_Events.xlsx:2011,,False,False,False,Vandalism
2011-09-28 00:00:00,14:59:00,2011-09-28 00:00:00,14:59:00,"Dorothy, New Jersey",RFC,Vandalism,0,0,2011,DOE_Electric_Disturbance_Events.xlsx:2011,,False,False,False,Vandalism
2011-09-28 00:00:00,16:41:00,2011-09-28 00:00:00,16:41:00,"Bethany Beach, Delaware",RFC,Suspected Physical Attack,0,0,2011,DOE_Electric_Disturbance_Events.xlsx:2011,,False,False,False,Suspected Physical Attack
2011-09-29 00:00:00,18:44:00,2011-09-30 00:00:00,16:00:00,"Collins Substation, Tacoma, Washington",WECC,Vandalism,,,2011,DOE_Electric_Disturbance_Events.xlsx:2011,,False,False,False,Vandalism
2011-09-30 00:00:00,08:22:00,2011-09-30 00:00:00,08:22:00,"Wilmington, Delaware",RFC,Suspected Physical Attack,0,0,2011,DOE_Electric_Disturbance_Events.xlsx:2011,,False,False,False,Suspected Physical Attack
1-10-01 00:00:00,,,,,,,,,2011,DOE_Electric_Disturbance_Events.xlsx:2011,,False,False,False,
2011-10-06 00:00:00,11:07:00,2011-10-06 00:00:00,11:07:00,"Oquirrh Substation, Utah",WECC,Vandalism,0,0,2011,DOE_Electric_Disturbance_Events.xlsx:2011,,False,False,False,Vandalism
2011-10-07 00:00:00,08:04:00,2011-10-07 00:00:00,16:00:00,"Olympic Pipeline, Spanaway, Washington",WECC,Suspected Physical Attack,,,2011,DOE_Electric_Disturbance_Events.xlsx:2011,,False,False,False,Suspected Physical Attack
2011-10-14 00:00:00,14:20:00,2011-10-14 00:00:00,14:20:00,"English Creek, New Jersey",RFC,Vandalism,0,0,2011,DOE_Electric_Disturbance_Events.xlsx:2011,,False,False,False,Vandalism
2011-10-17 00:00:00,03:34:00,2011-10-17 00:00:00,10:42:00,"Seat Pleasant, Maryland",RFC,Vandalism,0,0,2011,DOE_Electric_Disturbance_Events.xlsx:2011,,False,False,False,Vandalism
2011-10-17 00:00:00,15:44:00,2011-10-17 00:00:00,15:44:00,Southwest Ohio,RFC,Vandalism,7,2000,2011,DOE_Electric_Disturbance_Events.xlsx:2011,,False,False,False,Vandalism
2011-10-18 00:00:00,03:45:00,2011-10-18 00:00:00,05:25:00,"Holmesburg Substation, Philadelphia, Pennsylvania",RFC,Suspected Physical Attack,0,0,2011,DOE_Electric_Disturbance_Events.xlsx:2011,,False,False,False,Suspected Physical Attack
2011-10-20 00:00:00,07:15:00,2011-10-20 00:00:00,07:15:00,"McKee, New Jersey",RFC,Vandalism,0,0,2011,DOE_Electric_Disturbance_Events.xlsx:2011,,False,False,False,Vandalism
2011-10-24 00:00:00,23:37:00,2011-10-26 00:00:00,23:00:00,"Holmesburg Substation, Philadelphia, Pennsylvania",RFC,Suspected Physical Attack,0,0,2011,DOE_Electric_Disturbance_Events.xlsx:2011,,False,False,False,Suspected Physical Attack
2011-10-26 00:00:00,05:00:00,2011-10-27 00:00:00,15:00:00,"Denver; Ft. Collins, Colorado",WECC,Severe Weather,UNK,204000,2011,DOE_Electric_Disturbance_Events.xlsx:2011,,False,False,False,Severe Weather
2011-10-27 00:00:00,01:00:00,2011-10-27 00:00:00,02:36:00,"Munster, Indiana",RFC,Vandalism,,,2011,DOE_Electric_Disturbance_Events.xlsx:2011,,False,False,False,Vandalism
2011-10-29 00:00:00,08:59:00,2011-11-07 00:00:00,19:58:00,Pennsylvania,RFC,Severe Weather,UNK,312359,2011,DOE_Electric_Disturbance_Events.xlsx:2011,,False,False,False,Severe Weather
2011-10-29 00:00:00,08:59:00,2011-11-07 00:00:00,15:00:00,Pennsylvania,RFC,Severe Weather,UNK,50000,2011,DOE_Electric_Disturbance_Events.xlsx:2011,,False,False,False,Severe Weather
2011-10-29 00:00:00,09:59:00,2011-11-07 00:00:00,13:00:00,Northwest and Central New Jersey,RFC,Severe Weather,UNK,379000,2011,DOE_Electric_Disturbance_Events.xlsx:2011,,False,False,False,Severe Weather
2011-10-29 00:00:00,11:18:00,2011-11-04 00:00:00,00:00:00,Southeast New York,NPCC,Severe Weather,UNK,161151,2011,DOE_Electric_Disturbance_Events.xlsx:2011,,False,False,False,Severe Weather
2011-10-29 00:00:00,12:57:00,2011-11-03 00:00:00,23:00:00,"Harrisburg, Lehigh Valley, Lancaster Region Pennsylvania",RFC,Severe Weather,UNK,146721,2011,DOE_Electric_Disturbance_Events.xlsx:2011,,False,False,False,Severe Weather
2011-10-29 00:00:00,14:00:00,2011-10-31 00:00:00,14:00:00,Southeast Pennsylvania,RFC,Severe Weather,UNK,109335,2011,DOE_Electric_Disturbance_Events.xlsx:2011,,False,False,False,Severe Weather
2011-10-29 00:00:00,14:30:00,2011-11-06 00:00:00,12:00:00,New Jersey,RFC,Severe Weather,125,197000,2011,DOE_Electric_Disturbance_Events.xlsx:2011,,False,False,False,Severe Weather
2011-10-29 00:00:00,15:00:00,2011-11-02 00:00:00,08:15:00,"Mid-Hudson Valley Region, New York",NPCC,Severe Weather,,145000,2011,DOE_Electric_Disturbance_Events.xlsx:2011,,False,False,False,Severe Weather
2011-10-29 00:00:00,16:14:00,2011-11-07 00:00:00,16:00:00,Connecticut; Maine; Massachusetts; New Hampshire; Rhode Island,NPCC,Severe Weather,UNK,1418100,2011,DOE_Electric_Disturbance_Events.xlsx:2011,,False,False,False,Severe Weather
2011-10-29 00:00:00,16:16:00,2011-11-02 00:00:00,21:30:00,New York City area,NPCC,Severe Weather,UNK,50000,2011,DOE_Electric_Disturbance_Events.xlsx:2011,,False,False,False,Severe Weather
2011-10-29 00:00:00,20:00:00,2011-10-31 00:00:00,20:00:00,New Jersey; New York,"NPCC, RFC",Severe Weather,,74000,2011,DOE_Electric_Disturbance_Events.xlsx:2011,,False,False,False,Severe Weather
1-11-01 00:00:00,,,,,,,,,2011,DOE_Electric_Disturbance_Events.xlsx:2011,,False,False,False,
2011-11-04 00:00:00,10:46:00,2011-11-04 00:00:00,10:46:00,"Sweetwater County, Wyoming",WECC,Vandalism,0,0,2011,DOE_Electric_Disturbance_Events.xlsx:2011,,False,False,False,Vandalism
2011-11-13 00:00:00,11:30:00,2011-11-13 00:00:00,12:00:00,"Cate Road, Deerfield, New Hampshire",NPCC,Vandalism,0,0,2011,DOE_Electric_Disturbance_Events.xlsx:2011,,False,False,False,Vandalism
2011-11-14 00:00:00,14:24:00,2011-11-14 00:00:00,14:24:00,"McKee, New Jersey",RFC,Vandalism,0,0,2011,DOE_Electric_Disturbance_Events.xlsx:2011,,False,False,False,Vandalism
2011-11-22 00:00:00,23:16:00,2011-11-22 00:00:00,23:16:00,Indiana,RFC,Suspected Physical Attack,0,0,2011,DOE_Electric_Disturbance_Events.xlsx:2011,,False,False,False,Suspected Physical Attack
2011-11-30 00:00:00,10:00:00,2011-11-30 00:00:00,11:00:00,"Orchard Substation, Washington",WECC,Vandalism,0,0,2011,DOE_Electric_Disturbance_Events.xlsx:2011,,False,False,False,Vandalism
2011-11-30 00:00:00,16:56:00,2011-12-02 00:00:00,10:00:00,"City of Los Angeles, California",WECC,Severe Weather,UNK,150000,2011,DOE_Electric_Disturbance_Events.xlsx:2011,,False,False,False,Severe Weather
1-12-01 00:00:00,,,,,,,,,2011,DOE_Electric_Disturbance_Events.xlsx:2011,,False,False,False,
2011-12-01 00:00:00,00:45:00,2011-12-07 00:00:00,21:00:00,Southern California,WECC,Severe Weather,UNK,91690,2011,DOE_Electric_Disturbance_Events.xlsx:2011,,False,False,False,Severe Weather
2011-12-01 00:00:00,03:29:00,2011-12-02 00:00:00,13:05:00,Northern California,WECC,Severe Weather,300,100000,2011,DOE_Electric_Disturbance_Events.xlsx:2011,,False,False,False,Severe Weather
2011-12-01 00:00:00,10:00:00,2011-12-02 00:00:00,13:11:00,Wasatch Front Area Utah,WECC,Severe Weather,UNK,60000,2011,DOE_Electric_Disturbance_Events.xlsx:2011,,False,False,False,Severe Weather
2011-12-02 00:00:00,16:15:00,2011-12-02 00:00:00,20:30:00,Rusk County Texas,TRE,Suspected Physical Attack,,,2011,DOE_Electric_Disturbance_Events.xlsx:2011,,True,True,True,Suspected Physical Attack
2011-12-05 00:00:00,14:00:00,2011-12-06 00:00:00,17:00:00,"Tacoma, Washington",WECC,Suspected Physical Attack,,,2011,DOE_Electric_Disturbance_Events.xlsx:2011,,False,False,False,Suspected Physical Attack
2011-12-06 00:00:00,08:00:00,2011-12-06 00:00:00,20:00:00,"Bismarck-Mandan, North Dakota",MRO,Public Appeal to Reduce Electricity Usage,155,34500,2011,DOE_Electric_Disturbance_Events.xlsx:2011,,False,False,False,Public Appeal to Reduce Electricity Usage
2011-12-06 00:00:00,17:38:00,2011-12-07 00:00:00,11:04:00,"Montague, Michigan",RFC,Suspected Physical Attack,0,0,2011,DOE_Electric_Disturbance_Events.xlsx:2011,,False,False,False,Suspected Physical Attack
2011-12-07 00:00:00,19:29:00,2011-12-07 00:00:00,22:57:00,Central Virginia,SERC,Severe Weather,240,60000,2011,DOE_Electric_Disturbance_Events.xlsx:2011,,False,False,False,Severe Weather
2011-12-08 00:00:00,08:45:00,2011-12-08 00:00:00,16:30:00,"Tacoma, Washington",WECC,Suspected Physical Attack,,,2011,DOE_Electric_Disturbance_Events.xlsx:2011,,False,False,False,Suspected Physical Attack
2011-12-13 00:00:00,03:19:00,2011-12-14 00:00:00,03:19:00,Clinton County Ohio,RFC,Suspected Physical Attack,,0,2011,DOE_Electric_Disturbance_Events.xlsx:2011,,False,False,False,Suspected Physical Attack
2011-12-19 00:00:00,08:48:00,2011-12-19 00:00:00,16:00:00,"Croft Substation, Tacoma, Washington",WECC,Suspected Physical Attack,,,2011,DOE_Electric_Disturbance_Events.xlsx:2011,,False,False,False,Suspected Physical Attack
2011-12-20 00:00:00,07:45:00,2011-12-20 00:00:00,08:45:00,"Sweet Home, Oregon",WECC,Suspected Physical Attack,12,2500,2011,DOE_Electric_Disturbance_Events.xlsx:2011,,False,False,False,Suspected Physical Attack
2011-12-20 00:00:00,09:30:00,2011-12-20 00:00:00,09:31:00,"Tacoma, Washington",WECC,Suspected Physical Attack,,,2011,DOE_Electric_Disturbance_Events.xlsx:2011,,False,False,False,Suspected Physical Attack
2011-12-21 00:00:00,10:30:00,2011-12-21 00:00:00,10:30:00,"Boise, Idaho",WECC,Suspected Cyber Attack,0,0,2011,DOE_Electric_Disturbance_Events.xlsx:2011,,False,False,False,Suspected Cyber Attack
2011-12-31 00:00:00,21:26:00,2011-12-31 00:00:00,21:26:00,"Tacoma, Washington",WECC,Suspected Physical Attack,,,2011,DOE_Electric_Disturbance_Events.xlsx:2011,,False,False,False,Suspected Physical Attack
1-01-01 00:00:00,,,,,,,,,2012,DOE_Electric_Disturbance_Events.xlsx:2012,,False,False,False,
2012-01-04 00:00:00,12:14:00,2012-01-04 00:00:00,12:14:00,"Tacoma, Washington",WECC,Suspected physical attack,,,2012,DOE_Electric_Disturbance_Events.xlsx:2012,,False,False,False,Suspected physical attack
2012-01-05 00:00:00,10:35:00,2012-01-05 00:00:00,12:25:00,"CSWS/AEP West territory, Oklahoma",SPP,Sabotage,0,0,2012,DOE_Electric_Disturbance_Events.xlsx:2012,,False,False,False,Sabotage
2012-01-05 00:00:00,10:28:00,2012-01-05 00:00:00,12:25:00,"Creek County, Oklahoma",SPP,Suspected physical attack,,,2012,DOE_Electric_Disturbance_Events.xlsx:2012,,False,False,False,Suspected physical attack
2012-01-09 00:00:00,14:30:00,2012-01-09 00:00:00,15:30:00,"Watertown, Connecticut",NPCC,Vandalism,,,2012,DOE_Electric_Disturbance_Events.xlsx:2012,,False,False,False,Vandalism
2012-01-09 00:00:00,13:36:00,2012-01-11 00:00:00,01:05:00,Louisiana,SERC,Load Shed,150,1,2012,DOE_Electric_Disturbance_Events.xlsx:2012,,False,False,False,Load Shed
2012-01-10 00:00:00,21:30:00,2012-01-10 00:00:00,21:30:00,"Rusk County, Texas",TRE,Load Shed,,,2012,DOE_Electric_Disturbance_Events.xlsx:2012,,True,True,True,Load Shed
2012-01-11 00:00:00,07:19:00,2012-01-11 00:00:00,09:07:00,Nevada,WECC,Suspected Physical Attack,0,0,2012,DOE_Electric_Disturbance_Events.xlsx:2012,,False,False,False,Suspected Physical Attack
2012-01-12 00:00:00,08:26:00,2012-01-12 00:00:00,08:26:00,"Newark, Delaware",RFC,Physical Attack,0,0,2012,DOE_Electric_Disturbance_Events.xlsx:2012,,False,False,False,Physical Attack
2012-01-13 00:00:00,09:20:00,2012-01-13 00:00:00,09:20:00,"Newark, Delaware",RFC,Physical Attack,0,0,2012,DOE_Electric_Disturbance_Events.xlsx:2012,,False,False,False,Physical Attack
2012-01-15 00:00:00,09:35:00,2012-01-15 00:00:00,09:35:00,"Tacoma, Washington",WECC,Vandalism,,,2012,DOE_Electric_Disturbance_Events.xlsx:2012,,False,False,False,Vandalism
2012-01-17 00:00:00,10:31:00,2012-01-17 00:00:00,17:21:00,"Austin, Texas",TRE,Suspected Cyber Attack,,0,2012,DOE_Electric_Disturbance_Events.xlsx:2012,,True,True,True,Suspected Cyber Attack
2012-01-19 00:00:00,07:00:00,2012-01-20 00:00:00,15:00:00,"King, Pierce and Thurston Counties, Washington",WECC,Severe Weather - Winter Storm,1600,426000,2012,DOE_Electric_Disturbance_Events.xlsx:2012,,False,False,False,Severe Weather - Winter Storm
2012-01-24 00:00:00,11:22:00,2012-01-24 00:00:00,11:22:00,"Tacoma, Washington",WECC,Vandalism,,,2012,DOE_Electric_Disturbance_Events.xlsx:2012,,False,False,False,Vandalism
2012-01-27 00:00:00,09:40:00,2012-01-27 00:00:00,09:40:00,"Frederickson Substation, Spanaway, Washington",WECC,Vandalism,,,2012,DOE_Electric_Disturbance_Events.xlsx:2012,,False,False,False,Vandalism
2012-01-29 00:00:00,12:45:00,2012-01-29 00:00:00,12:45:00,"Roosevelt Substation, Tacoma, Washington",WECC,Vandalism,,,2012,DOE_Electric_Disturbance_Events.xlsx:2012,,False,False,False,Vandalism
1-02-01 00:00:00,,,,,,,,,2012,DOE_Electric_Disturbance_Events.xlsx:2012,,False,False,False,
2012-02-11 00:00:00,08:47:00,2012-02-11 00:00:00,10:30:00,"Lamar, Colorado",WECC,Suspected Physical Attack,0,0,2012,DOE_Electric_Disturbance_Events.xlsx:2012,,False,False,False,Suspected Physical Attack
2012-02-11 00:00:00,08:55:00,2012-02-11 00:00:00,08:55:00,"Tacoma, Washington",WECC,Suspected Physical Attack,,,2012,DOE_Electric_Disturbance_Events.xlsx:2012,,False,False,False,Suspected Physical Attack
2012-02-13 00:00:00,07:02:00,2012-02-13 00:00:00,16:25:00,"Asheville, North Carolina",SERC,Suspected Physical Attack,,,2012,DOE_Electric_Disturbance_Events.xlsx:2012,,False,False,False,Suspected Physical Attack
2012-02-14 00:00:00,19:20:00,2012-02-15 00:00:00,16:00:00,"Tacoma, Washington",WECC,Suspected Physical Attack,,,2012,DOE_Electric_Disturbance_Events.xlsx:2012,,False,False,False,Suspected Physical Attack
2012-02-15 00:00:00,05:33:00,2012-02-15 00:00:00,17:30:00,"Port Orchard, Washington",WECC,Suspected Physical Attack,0,0,2012,DOE_Electric_Disturbance_Events.xlsx:2012,,False,False,False,Suspected Physical Attack
2012-02-17 00:00:00,03:00:00,2012-02-17 00:00:00,11:33:00,"Little Rock, Arkansas",SERC,Suspected Cyber Attack,UNK,UNK,2012,DOE_Electric_Disturbance_Events.xlsx:2012,,False,False,False,Suspected Cyber Attack
2012-02-19 00:00:00,17:00:00,2012-02-21 00:00:00,07:33:00,"Kentucky, Virginia, West Virginia",SERC,Severe Weather - Winter Storm,UNK,90000,2012,DOE_Electric_Disturbance_Events.xlsx:2012,,False,False,False,Severe Weather - Winter Storm
2012-02-23 00:00:00,05:45:00,2012-02-23 00:00:00,15:02:00,"South East College Station, Texas",TRE,Suspected Physical Attack,0,0,2012,DOE_Electric_Disturbance_Events.xlsx:2012,,True,True,True,Suspected Physical Attack
2012-02-23 00:00:00,23:12:00,2012-02-24 00:00:00,01:00:00,"Londonderry, New Hampshire",NPCC,Suspected Physical Attack,0,0,2012,DOE_Electric_Disturbance_Events.xlsx:2012,,False,False,False,Suspected Physical Attack
2012-02-24 00:00:00,11:24:00,2012-02-24 00:00:00,11:49:00,"Spanaway, Washington",WECC,Suspected Physical Attack,,,2012,DOE_Electric_Disturbance_Events.xlsx:2012,,False,False,False,Suspected Physical Attack
2012-02-28 00:00:00,02:59:00,2012-02-28 00:00:00,06:12:00,"Sacramento, California",WECC,Electrical System Separation (Islanding),1,1,2012,DOE_Electric_Disturbance_Events.xlsx:2012,,False,False,False,Electrical System Separation (Islanding)
2012-02-28 00:00:00,07:00:00,2012-02-28 00:00:00,07:00:00,Coos County Oregon,WECC,Suspected Physical Attack,UNK,UNK,2012,DOE_Electric_Disturbance_Events.xlsx:2012,,False,False,False,Suspected Physical Attack
1-03-01 00:00:00,,,,,,,,,2012,DOE_Electric_Disturbance_Events.xlsx:2012,,False,False,False,
2012-03-02 00:00:00,12:37:00,2012-03-05 00:00:00,12:01:00,Northern Alabama; Southeast Tennessee,SERC,Severe Weather - Tornadoes ,500,UNK,2012,DOE_Electric_Disturbance_Events.xlsx:2012,,False,False,False,Severe Weather - Tornadoes
2012-03-02 00:00:00,13:45:00,2012-03-02 00:00:00,15:30:00,"Piggott, Arkansas",SERC,Operational Failure/Equipment Malfunction,,,2012,DOE_Electric_Disturbance_Events.xlsx:2012,,False,False,False,Operational Failure/Equipment Malfunction
2012-03-02 00:00:00,21:00:00,2012-03-05 00:00:00,16:30:00,"Southeastern, Michigan",RFC,Severe Weather - Winter Storm,371,130000,2012,DOE_Electric_Disturbance_Events.xlsx:2012,,False,False,False,Severe Weather - Winter Storm
2012-03-02 00:00:00,21:00:00,2012-03-04 00:00:00,17:30:00,"Lower Peninsula, Michigan",RFC,Severe Weather - Winter Storm,50,140000,2012,DOE_Electric_Disturbance_Events.xlsx:2012,,False,False,False,Severe Weather - Winter Storm
2012-03-04 00:00:00,01:27:00,2012-03-04 00:00:00,06:58:00,"Prince Georges County, Maryland",RFC,Suspected Physical Attack,,,2012,DOE_Electric_Disturbance_Events.xlsx:2012,,False,False,False,Suspected Physical Attack
2012-03-04 00:00:00,13:38:00,2012-03-05 00:00:00,11:00:00,Texas,SERC,Suspected Physical Attack,UNK,UNK,2012,DOE_Electric_Disturbance_Events.xlsx:2012,,True,False,True,Suspected Physical Attack
2012-03-16 00:00:00,16:00:00,2012-03-16 00:00:00,16:00:00,"New Castle, Delaware",RFC,Suspected Physical Attack,0,0,2012,DOE_Electric_Disturbance_Events.xlsx:2012,,False,False,False,Suspected Physical Attack
2012-03-20 00:00:00,08:00:00,2012-03-20 00:00:00,13:00:00,"Houston, Texas",TRE,Severe Weather - Thunderstorms,,96000,2012,DOE_Electric_Disturbance_Events.xlsx:2012,,True,True,True,Severe Weather - Thunderstorms
2012-03-23 00:00:00,19:34:00,2012-03-23 00:00:00,19:34:00,"Newark, Delaware",RFC,Suspected Physical Attack,0,0,2012,DOE_Electric_Disturbance_Events.xlsx:2012,,False,False,False,Suspected Physical Attack
2012-03-26 00:00:00,13:24:00,2012-03-26 00:00:00,13:24:00,"Tacoma, Washington",WECC,Suspected Physical Attack,,,2012,DOE_Electric_Disturbance_Events.xlsx:2012,,False,False,False,Suspected Physical Attack
2012-03-28 00:00:00,10:17:00,2012-03-28 00:00:00,10:17:00,"Graham, Washington",WECC,Suspected Physical Attack,,,2012,DOE_Electric_Disturbance_Events.xlsx:2012,,False,False,False,Suspected Physical Attack
2012-03-29 00:00:00,12:01:00,2012-03-29 00:00:00,12:02:00,"Lansing, Michigan",RFC,Electrical System Separation (Islanding),UNK,0,2012,DOE_Electric_Disturbance_Events.xlsx:2012,,False,False,False,Electrical System Separation (Islanding)
2012-03-30 00:00:00,11:10:00,2012-03-30 00:00:00,11:30:00,Vermont,NPCC,Suspected Physical Attack,,,2012,DOE_Electric_Disturbance_Events.xlsx:2012,,False,False,False,Suspected Physical Attack
1-04-01 00:00:00,,,,,,,,,2012,DOE_Electric_Disturbance_Events.xlsx:2012,,False,False,False,
2012-04-01 00:00:00,20:27:00,2012-04-03 00:00:00,08:28:00,"Council Bluffs, Iowa",MRO,Vandalism,0,0,2012,DOE_Electric_Disturbance_Events.xlsx:2012,,False,False,False,Vandalism
2012-04-03 00:00:00,11:10:00,2012-04-03 00:00:00,11:25:00,"West Rutland, Vermont",NPCC,Vandalism,0,0,2012,DOE_Electric_Disturbance_Events.xlsx:2012,,False,False,False,Vandalism
2012-04-03 00:00:00,15:33:00,2012-04-03 00:00:00,20:25:00,"Seattle, Washington",WECC,Physical Attack,0,0,2012,DOE_Electric_Disturbance_Events.xlsx:2012,,False,False,False,Physical Attack
2012-04-04 00:00:00,15:32:00,2012-04-06 00:00:00,15:30:00,"WAPA-SNR Regional Office, California",WECC,Suspected Physical Attack,,,2012,DOE_Electric_Disturbance_Events.xlsx:2012,,False,False,False,Suspected Physical Attack
2012-04-07 00:00:00,14:35:00,2012-04-07 00:00:00,14:36:00,"Newark, Delaware",RFC,Physical Attack,0,0,2012,DOE_Electric_Disturbance_Events.xlsx:2012,,False,False,False,Physical Attack
2012-04-07 00:00:00,12:25:00,2012-04-07 00:00:00,12:26:00,"Newark, Delaware",RFC,Physical Attack,0,0,2012,DOE_Electric_Disturbance_Events.xlsx:2012,,False,False,False,Physical Attack
2012-04-07 00:00:00,09:31:00,2012-04-07 00:00:00,09:32:00,"Newark, Delaware",RFC,Physical Attack,0,0,2012,DOE_Electric_Disturbance_Events.xlsx:2012,,False,False,False,Physical Attack
2012-04-11 00:00:00,09:00:00,2012-04-11 00:00:00,09:00:00,"North Attleboro, Massachusetts ",NPCC,Vandalism,0,0,2012,DOE_Electric_Disturbance_Events.xlsx:2012,,False,False,False,Vandalism
2012-04-12 00:00:00,08:08:00,2012-04-12 00:00:00,16:30:00,"Tacoma, Washington",WECC,Suspected Physical Attack,,,2012,DOE_Electric_Disturbance_Events.xlsx:2012,,False,False,False,Suspected Physical Attack
2012-04-15 00:00:00,19:38:00,2012-04-15 00:00:00,21:26:00,Georgia,SERC,Suspected Physical Attack,UNK,UNK,2012,DOE_Electric_Disturbance_Events.xlsx:2012,,False,False,False,Suspected Physical Attack
2012-04-16 00:00:00,15:46:00,2012-04-19 00:00:00,02:00:00,"Southeast, Michigan",RFC,Severe Weather - High Winds,218,111393,2012,DOE_Electric_Disturbance_Events.xlsx:2012,,False,False,False,Severe Weather - High Winds
2012-04-17 00:00:00,06:11:00,2012-04-17 00:00:00,17:48:00,"San Diego County, California",WECC,Suspected Physical Attack,0,0,2012,DOE_Electric_Disturbance_Events.xlsx:2012,,False,False,False,Suspected Physical Attack
2012-04-19 00:00:00,07:53:00,2012-04-19 00:00:00,16:00:00,"Tacoma, Washington",WECC,Suspected Physical Attack,,,2012,DOE_Electric_Disturbance_Events.xlsx:2012,,False,False,False,Suspected Physical Attack
2012-04-20 00:00:00,14:27:00,2012-04-21 00:00:00,04:27:00,"Metropolitan Houston, Texas",TRE,Severe Weather - Thunderstorms,,120377,2012,DOE_Electric_Disturbance_Events.xlsx:2012,,True,True,True,Severe Weather - Thunderstorms
2012-04-21 00:00:00,15:02:00,2012-04-21 00:00:00,20:09:00,"East Bridgewater, Massachusetts",NPCC,Physical Attack,,,2012,DOE_Electric_Disturbance_Events.xlsx:2012,,False,False,False,Physical Attack
2012-04-21 00:00:00,20:55:00,2012-04-23 00:00:00,16:30:00,"Tacoma, Washington",WECC,Suspected Physical Attack,,,2012,DOE_Electric_Disturbance_Events.xlsx:2012,,False,False,False,Suspected Physical Attack
2012-04-23 00:00:00,08:11:00,2012-04-23 00:00:00,12:47:00,Northwest Indiana,RFC,Suspected Physical Attack,,,2012,DOE_Electric_Disturbance_Events.xlsx:2012,,False,False,False,Suspected Physical Attack
2012-04-23 00:00:00,11:56:00,2012-04-23 00:00:00,15:35:00,"Snohomish County, Washington",WECC,Suspected Physical Attack,,,2012,DOE_Electric_Disturbance_Events.xlsx:2012,,False,False,False,Suspected Physical Attack
1-05-01 00:00:00,,,,,,,,,2012,DOE_Electric_Disturbance_Events.xlsx:2012,,False,False,False,
2012-05-07 00:00:00,12:50:00,2012-05-07 00:00:00,14:00:00,"Williston, Vermont",NPCC,Vandalism,0,0,2012,DOE_Electric_Disturbance_Events.xlsx:2012,,False,False,False,Vandalism
2012-05-07 00:00:00,17:45:00,2012-05-07 00:00:00,18:06:00,Eastern Ohio,RFC,Load Shed/Severe Weather  - Lightning Storm,420,1,2012,DOE_Electric_Disturbance_Events.xlsx:2012,,False,False,False,Load Shed/Severe Weather  - Lightning Storm
2012-05-11 00:00:00,11:05:00,2012-05-11 00:00:00,11:20:00,"Lakewood, Washington",WECC,Vandalism,,,2012,DOE_Electric_Disturbance_Events.xlsx:2012,,False,False,False,Vandalism
2012-05-24 00:00:00,15:20:00,2012-05-25 00:00:00,17:29:00,"Tyngsborough, Massachusetts",NPCC,Physical Attack,UNK,UNK,2012,DOE_Electric_Disturbance_Events.xlsx:2012,,False,False,False,Physical Attack
2012-05-29 00:00:00,18:30:00,2012-05-29 00:00:00,19:40:00,"Alder Dam, Pierce County, Washington",WECC,Physical Attack,,,2012,DOE_Electric_Disturbance_Events.xlsx:2012,,False,False,False,Physical Attack
2012-05-29 00:00:00,20:35:00,2012-05-31 00:00:00,10:00:00,"Oklahoma City Metro Area, Oklahoma",SPP,Severe Weather - Thunderstorms,UNK,112000,2012,DOE_Electric_Disturbance_Events.xlsx:2012,,False,False,False,Severe Weather - Thunderstorms
2012-05-31 00:00:00,23:45:00,2012-06-01 00:00:00,04:30:00,"Columbus, Ohio",RFC,Physical Attack,0,0,2012,DOE_Electric_Disturbance_Events.xlsx:2012,,False,False,False,Physical Attack
1-06-01 00:00:00,,,,,,,,,2012,DOE_Electric_Disturbance_Events.xlsx:2012,,False,False,False,
2012-06-02 00:00:00,07:30:00,2012-06-02 00:00:00,11:35:00,"San Francisco, California",WECC,Vandalism,,,2012,DOE_Electric_Disturbance_Events.xlsx:2012,,False,False,False,Vandalism
2012-06-06 00:00:00,08:00:00,2012-06-06 00:00:00,08:00:00,"Delhi, New York",NPCC,Vandalism,,,2012,DOE_Electric_Disturbance_Events.xlsx:2012,,False,False,False,Vandalism
2012-06-06 00:00:00,12:37:00,2012-06-06 00:00:00,12:37:00,"Columbia Heights, NW, Washington DC",RFC,Vandalism,0,0,2012,DOE_Electric_Disturbance_Events.xlsx:2012,,False,False,False,Vandalism
2012-06-08 00:00:00,17:20:00,2012-06-08 00:00:00,17:25:00,"Denver Metro Area, Colorado",WECC,Load Shed,120,30379,2012,DOE_Electric_Disturbance_Events.xlsx:2012,,False,False,False,Load Shed
2012-06-11 00:00:00,19:50:00,2012-06-12 00:00:00,15:00:00,North/Central Alabama; North/Central Georgia,SERC,Severe Weather - Thunderstorms,368,110591,2012,DOE_Electric_Disturbance_Events.xlsx:2012,,False,False,False,Severe Weather - Thunderstorms
2012-06-12 00:00:00,15:57:00,2012-06-14 00:00:00,04:57:00,"Houston, Texas",TRE,Severe Weather - Thunderstorms,920,175000,2012,DOE_Electric_Disturbance_Events.xlsx:2012,,True,True,True,Severe Weather - Thunderstorms
2012-06-13 00:00:00,16:55:00,2012-06-13 00:00:00,22:09:00,"San Juan County, New Mexico",WECC,Vandalism,0,0,2012,DOE_Electric_Disturbance_Events.xlsx:2012,,False,False,False,Vandalism
2012-06-19 00:00:00,04:30:00,2012-06-20 00:00:00,23:00:00,"Minneapolis/St. Paul, Minnesota",MRO,Severe Weather - Thunderstorms,UNK,68200,2012,DOE_Electric_Disturbance_Events.xlsx:2012,,False,False,False,Severe Weather - Thunderstorms
2012-06-19 00:00:00,05:30:00,2012-06-21 00:00:00,05:30:00,CAISO Territory California,WECC,Fuel Supply Deficiency (Water),UNK,UNK,2012,DOE_Electric_Disturbance_Events.xlsx:2012,,False,False,False,Fuel Supply Deficiency (Water)
2012-06-23 00:00:00,18:57:00,2012-06-23 00:00:00,19:28:00,"North Shore, Massachusetts",NPCC,Load Shed,51,29250,2012,DOE_Electric_Disturbance_Events.xlsx:2012,,False,False,False,Load Shed
2012-06-25 00:00:00,16:04:00,2012-06-26 00:00:00,13:45:00,Central Virginia,SERC,Severe Weather - Wind & Rain,600,190000,2012,DOE_Electric_Disturbance_Events.xlsx:2012,,False,False,False,Severe Weather - Wind & Rain
2012-06-29 00:00:00,10:45:00,2012-06-29 00:00:00,10:45:00,"New Castle, Delaware",RFC,Physical Attack,0,0,2012,DOE_Electric_Disturbance_Events.xlsx:2012,,False,False,False,Physical Attack
2012-06-29 00:00:00,12:10:00,2012-06-29 00:00:00,17:02:00,Puerto Rico,,Equipment Trip & Failure,1800,900000,2012,DOE_Electric_Disturbance_Events.xlsx:2012,,False,False,False,Equipment Trip & Failure
2012-06-29 00:00:00,14:10:00,2012-07-04 00:00:00,18:00:00,"Dayton, Ohio",RFC,Severe Weather - Thunderstorms,500,175000,2012,DOE_Electric_Disturbance_Events.xlsx:2012,,False,False,False,Severe Weather - Thunderstorms
2012-06-29 00:00:00,16:00:00,2012-07-02 00:00:00,16:00:00,Indiana; Michigan; Ohio; West Virginia,RFC,Severe Weather - Thunderstorms,UNK,1355919,2012,DOE_Electric_Disturbance_Events.xlsx:2012,,False,False,False,Severe Weather - Thunderstorms
2012-06-29 00:00:00,16:00:00,2012-06-29 00:00:00,21:00:00,"Eastern, Arkansas",SERC,Public Appeal to Reduce Electricity Usage,45,7935,2012,DOE_Electric_Disturbance_Events.xlsx:2012,,False,False,False,Public Appeal to Reduce Electricity Usage
2012-06-29 00:00:00,17:15:00,2012-07-02 00:00:00,23:59:00,Eastern Indiana; Northern Kentucky; Greater Cincinnati area Ohio,RFC,Severe Weather - Thunderstorms,2946,4645572,2012,DOE_Electric_Disturbance_Events.xlsx:2012,,False,False,False,Severe Weather - Thunderstorms
2012-06-29 00:00:00,18:24:00,2012-07-06 00:00:00,10:00:00,West Virginia,RFC,Severe Weather - Thunderstorms,700,265000,2012,DOE_Electric_Disturbance_Events.xlsx:2012,,False,False,False,Severe Weather - Thunderstorms
2012-06-29 00:00:00,19:00:00,2012-07-07 00:00:00,19:43:00,Maryland; West Virginia,RFC,Severe Weather - Thunderstorms,UNK,145000,2012,DOE_Electric_Disturbance_Events.xlsx:2012,,False,False,False,Severe Weather - Thunderstorms
2012-06-29 00:00:00,22:15:00,2012-07-05 00:00:00,12:52:00,"Montgomery and Prince Georges Counties, Maryland; District of Columbia",RFC,Severe Weather - Thunderstorms,3000,425000,2012,DOE_Electric_Disturbance_Events.xlsx:2012,,False,False,False,Severe Weather - Thunderstorms
2012-06-29 00:00:00,22:29:00,2012-07-04 00:00:00,15:36:00,Virginia,SERC,Severe Weather - Thunderstorms,5000,880000,2012,DOE_Electric_Disturbance_Events.xlsx:2012,,False,False,False,Severe Weather - Thunderstorms
2012-06-29 00:00:00,22:43:00,2012-07-05 00:00:00,11:50:00,"Greater Baltimore area, Maryland",RFC,Severe Weather - Thunderstorms,1465,600000,2012,DOE_Electric_Disturbance_Events.xlsx:2012,,False,False,False,Severe Weather - Thunderstorms
2012-06-29 00:00:00,23:30:00,2012-06-30 00:00:00,02:00:00,Northeast Illinois,RFC,Severe Weather - Thunderstorms,UNK,109000,2012,DOE_Electric_Disturbance_Events.xlsx:2012,,False,False,False,Severe Weather - Thunderstorms
2012-06-30 00:00:00,01:00:00,2012-07-03 00:00:00,01:00:00,Delaware; Maryland,RFC,Severe Weather - Thunderstorms,0,86390,2012,DOE_Electric_Disturbance_Events.xlsx:2012,,False,False,False,Severe Weather - Thunderstorms
2012-06-30 00:00:00,01:15:00,2012-07-07 00:00:00,17:33:00,Atlantic City Electric Service Territory New Jersey,RFC,Severe Weather - Thunderstorms,UNK,205000,2012,DOE_Electric_Disturbance_Events.xlsx:2012,,False,False,False,Severe Weather - Thunderstorms
2012-06-30 00:00:00,15:00:00,2012-07-02 00:00:00,12:00:00,Northeast Tennessee,SERC,Public Appeal to Reduce Electricity Usage,UNK,UNK,2012,DOE_Electric_Disturbance_Events.xlsx:2012,,False,False,False,Public Appeal to Reduce Electricity Usage
2012-06-30 00:00:00,22:30:00,2012-07-02 00:00:00,08:11:00,"Calvert, Charles, St. Mary's, Prince Georges Counties Maryland",RFC,Severe Weather - Thunderstorms,354,60000,2012,DOE_Electric_Disturbance_Events.xlsx:2012,,False,False,False,Severe Weather - Thunderstorms
1-07-01 00:00:00,,,,,,,,,2012,DOE_Electric_Disturbance_Events.xlsx:2012,,False,False,False,
2012-07-01 13:00:00,2012-07-01 13:00:00,2012-07-03 15:00:00,2012-07-03 15:00:00,Illinois,RFC,Severe Weather - Thunderstorms,Unknown,320000,2012,DOE_Electric_Disturbance_Events.xlsx:2012,,False,False,False,Severe Weather - Thunderstorms
2012-07-01 16:47:00,2012-07-01 16:47:00,2012-07-01 23:00:00,2012-07-01 23:00:00,"Tarboro, North Carolina",SERC,Operational Failure; Storm Damage,48,6100,2012,DOE_Electric_Disturbance_Events.xlsx:2012,,False,False,False,Operational Failure; Storm Damage
2012-07-01 17:45:00,2012-07-01 17:45:00,2012-07-01 22:15:00,2012-07-01 22:15:00,"Northern, Central and Eastern North Carolina",SERC,Severe Weather  ,Unknown,69106,2012,DOE_Electric_Disturbance_Events.xlsx:2012,,False,False,False,Severe Weather
2012-07-05 04:30:00,00:00:00,2012-07-06 20:30:00,2012-07-06 20:30:00,Lower Peninsula Michigan,RFC,Severe Weather - Thunderstorms,Unknown,111000,2012,DOE_Electric_Disturbance_Events.xlsx:2012,,False,False,False,Severe Weather - Thunderstorms
2012-07-05 19:00:00,2012-07-05 19:00:00,2012-07-06 16:00:00,2012-07-06 16:00:00,Northeast Tennessee,SERC,Severe Weather - Wind & Storms,,50001,2012,DOE_Electric_Disturbance_Events.xlsx:2012,,False,False,False,Severe Weather - Wind & Storms
2012-07-06 15:05:00,2012-07-06 15:05:00,2012-07-06 15:06:00,2012-07-06 15:06:00,"Tacoma, Washington",WECC,Vandalism,,,2012,DOE_Electric_Disturbance_Events.xlsx:2012,,False,False,False,Vandalism
2012-07-07 04:00:00,2012-07-07 04:00:00,2012-07-10 04:00:00,2012-07-10 04:00:00,CAISO California,WECC,Fuel Supply Deficiency (Water),Unknown,0,2012,DOE_Electric_Disturbance_Events.xlsx:2012,,False,False,False,Fuel Supply Deficiency (Water)
2012-07-07 06:06:00,2012-07-07 06:06:00,2012-07-09 23:00:00,2012-07-09 23:00:00,"Lower Valley, Central, Susquehanna Regions Pennsylvania",RFC,Severe Weather - Thunderstorms,,64500,2012,DOE_Electric_Disturbance_Events.xlsx:2012,,False,False,False,Severe Weather - Thunderstorms
2012-07-07 18:00:00,2012-07-07 18:00:00,2012-07-09 19:01:00,2012-07-09 19:01:00,Central and Northern New Jersey,RFC,Severe Weather - Thunderstorms,,95400,2012,DOE_Electric_Disturbance_Events.xlsx:2012,,False,False,False,Severe Weather - Thunderstorms
2012-07-09 12:15:00,2012-07-09 12:15:00,2012-07-09 16:14:00,2012-07-09 16:14:00,"Alberta, Canada",WECC,Energy Deficiency Alert,9896,Unknown,2012,DOE_Electric_Disturbance_Events.xlsx:2012,,False,False,False,Energy Deficiency Alert
2012-07-16 11:27:00,2012-07-16 11:27:00,2012-07-16 12:29:00,2012-07-16 12:29:00,"Little Rock, Arkansas",SPP,Public Appeal to Reduce Energy Usage,,,2012,DOE_Electric_Disturbance_Events.xlsx:2012,,False,False,False,Public Appeal to Reduce Energy Usage
2012-07-18 14:16:00,2012-07-18 14:16:00,2012-07-19 23:58:00,2012-07-19 23:58:00,"Southeast Ohio, Northern Kentucky, Southern Indiana",RFC,Severe Weather - Thunderstorms,480,103000,2012,DOE_Electric_Disturbance_Events.xlsx:2012,,False,False,False,Severe Weather - Thunderstorms
2012-07-18 16:20:00,2012-07-18 16:20:00,2012-07-18 19:05:00,2012-07-18 19:05:00,Eastern Ohio,RFC,Severe Weather - Thunderstorms,Unknown,67000,2012,DOE_Electric_Disturbance_Events.xlsx:2012,,False,False,False,Severe Weather - Thunderstorms
2012-07-18 23:00:00,2012-07-18 23:00:00,2012-07-19 06:00:00,2012-07-19 06:00:00,Northern Illinois,RFC,Severe Weather - Thunderstorms,Unknown,181000,2012,DOE_Electric_Disturbance_Events.xlsx:2012,,False,False,False,Severe Weather - Thunderstorms
2012-07-19 10:30:00,2012-07-19 10:30:00,2012-07-31 11:00:00,2012-07-31 11:00:00,"Niagara County, New York",NPCC,Fuel Supply Deficiency (Coal),675,Unknown,2012,DOE_Electric_Disturbance_Events.xlsx:2012,,False,False,False,Fuel Supply Deficiency (Coal)
2012-07-19 12:32:00,2012-07-19 12:32:00,2012-07-19 12:33:00,2012-07-19 12:33:00,"Newark, Delaware",RFC,Vandalism,,,2012,DOE_Electric_Disturbance_Events.xlsx:2012,,False,False,False,Vandalism
2012-07-21 02:19:00,2012-07-21 02:19:00,2012-07-21 05:20:00,2012-07-21 05:20:00,"City of Lubbock, Texas",SPP,Severe Weather; Equipment Failure,220,70000,2012,DOE_Electric_Disturbance_Events.xlsx:2012,,True,False,True,Severe Weather; Equipment Failure
2012-07-24 07:01:00,2012-07-24 07:01:00,2012-07-24 16:30:00,2012-07-24 16:30:00,Northern Indiana,RFC,Severe Weather - Thunderstorms,,82621,2012,DOE_Electric_Disturbance_Events.xlsx:2012,,False,False,False,Severe Weather - Thunderstorms
2012-07-24 07:30:00,2012-07-24 07:30:00,2012-07-24 22:00:00,2012-07-24 22:00:00,Northern Illinois,RFC,Severe Weather - Thunderstorms,Unknown,330000,2012,DOE_Electric_Disturbance_Events.xlsx:2012,,False,False,False,Severe Weather - Thunderstorms
2012-07-26 18:14:00,2012-07-26 18:14:00,2012-07-27 18:14:00,2012-07-27 18:14:00,Western Pennsylvania,RFC,Severe Weather - Thunderstorms,,65112,2012,DOE_Electric_Disturbance_Events.xlsx:2012,,False,False,False,Severe Weather - Thunderstorms
2012-07-26 18:21:00,2012-07-26 18:21:00,2012-07-28 23:30:00,2012-07-28 23:30:00,North/Central Pennsylvania,RFC,Severe Weather - Thunderstorms,,65000,2012,DOE_Electric_Disturbance_Events.xlsx:2012,,False,False,False,Severe Weather - Thunderstorms
2012-07-26 18:30:00,2012-07-26 18:30:00,2012-07-27 17:22:00,2012-07-27 17:22:00,Eastern Ohio,RFC,Severe Weather - Thunderstorms,Unknown,57054,2012,DOE_Electric_Disturbance_Events.xlsx:2012,,False,False,False,Severe Weather - Thunderstorms
2012-07-27 17:19:00,2012-07-27 17:19:00,2012-07-28 17:19:00,2012-07-28 17:19:00,Central Indiana,RFC,Severe Weather - Thunderstorms,Unknown,52702,2012,DOE_Electric_Disturbance_Events.xlsx:2012,,False,False,False,Severe Weather - Thunderstorms
1-08-01 00:00:00,,,,,,,,,2012,DOE_Electric_Disturbance_Events.xlsx:2012,,False,False,False,
2012-08-01 12:00:00,2012-08-01 12:00:00,2012-08-01 12:00:00,2012-08-01 12:00:00,"Oklahoma, Arkansas",SPP,Public Appeal to Reduce Electricity Usage,Unknown,Unknown,2012,DOE_Electric_Disturbance_Events.xlsx:2012,,False,False,False,Public Appeal to Reduce Electricity Usage
2012-08-04 03:55:00,2012-08-04 03:55:00,2012-08-04 04:21:00,2012-08-04 04:21:00,"Temblor Substation in McKittrick, California",WECC,Electrical System Separation (Islanding),5,127,2012,DOE_Electric_Disturbance_Events.xlsx:2012,,False,False,False,Electrical System Separation (Islanding)
2012-08-04 04:00:00,2012-08-04 04:00:00,2012-08-04 07:20:00,2012-08-04 07:20:00,Northern Indiana,RFC,Severe Weather - Thunderstorms,,61413,2012,DOE_Electric_Disturbance_Events.xlsx:2012,,False,False,False,Severe Weather - Thunderstorms
2012-08-04 17:30:00,2012-08-04 17:30:00,2012-08-05 12:10:00,2012-08-05 12:10:00,Northeast Illinois,RFC,Severe Weather - Thunderstorms,Unknown,325000,2012,DOE_Electric_Disturbance_Events.xlsx:2012,,False,False,False,Severe Weather - Thunderstorms
2012-08-11 12:45:00,2012-08-11 12:45:00,2012-08-11 17:00:00,2012-08-11 17:00:00,"Tacoma, Washington",WECC,Suspected Physical Attack,,,2012,DOE_Electric_Disturbance_Events.xlsx:2012,,False,False,False,Suspected Physical Attack
2012-08-13 13:15:00,2012-08-13 13:15:00,2012-08-13 00:00:00,13:15:00,"Knoxville, Tennessee",SERC,Vandalism,Unknown,Unknown,2012,DOE_Electric_Disturbance_Events.xlsx:2012,,False,False,False,Vandalism
2012-08-13 15:52:00,2012-08-13 15:52:00,2012-08-13 00:00:00,19:44:00,CFE (Mexico & U.S.),WECC,Severe Weather - Dust Storm; Load Shed Event,655,Unknown,2012,DOE_Electric_Disturbance_Events.xlsx:2012,,False,False,False,Severe Weather - Dust Storm; Load Shed Event
2012-08-16 13:13:00,2012-08-16 13:13:00,2012-08-16 13:14:00,2012-08-16 13:13:00,Northern Indiana,RFC,Vandalism,0,0,2012,DOE_Electric_Disturbance_Events.xlsx:2012,,False,False,False,Vandalism
2012-08-19 08:42:00,2012-08-19 08:42:00,2012-08-19 12:08:00,2012-08-19 12:08:00,"El Paso, Texas",WECC,Suspected Physical Attack,12,3314,2012,DOE_Electric_Disturbance_Events.xlsx:2012,,True,False,True,Suspected Physical Attack
2012-08-26 22:04:00,2012-08-26 22:04:00,2012-08-27 00:00:00,02:04:00,Florida,FRCC,Severe Weather - TS Isaac,,440000,2012,DOE_Electric_Disturbance_Events.xlsx:2012,,False,False,False,Severe Weather - TS Isaac
2012-08-28 06:00:00,2012-08-28 06:00:00,2012-09-04 08:00:00,2012-09-04 08:00:00,"Arkansas, Louisiana, Mississippi",SERC,Severe Weather - Hurricane Isaac,Unknown,770000,2012,DOE_Electric_Disturbance_Events.xlsx:2012,,False,False,False,Severe Weather - Hurricane Isaac
2012-08-29 06:53:00,2012-08-29 06:53:00,2012-08-30 14:00:00,2012-08-30 14:00:00,Louisiana,SERC,Severe Weather - Hurricane Isaac,150,68018,2012,DOE_Electric_Disturbance_Events.xlsx:2012,,False,False,False,Severe Weather - Hurricane Isaac
2012-08-29 09:00:00,2012-08-29 09:00:00,2012-08-31 12:00:00,2012-08-31 12:00:00,Louisiana,SERC,Severe Weather - Hurricane Isaac,300,50000,2012,DOE_Electric_Disturbance_Events.xlsx:2012,,False,False,False,Severe Weather - Hurricane Isaac
2012-08-29 09:48:00,2012-08-29 09:48:00,2012-08-31 12:55:00,2012-08-31 12:55:00,Louisiana,SPP,Severe Weather - Hurricane Isaac,Unknown,95000,2012,DOE_Electric_Disturbance_Events.xlsx:2012,,False,False,False,Severe Weather - Hurricane Isaac
1-09-01 00:00:00,,,,,,,,,2012,DOE_Electric_Disturbance_Events.xlsx:2012,,False,False,False,
2012-09-05 10:56:00,2012-09-05 10:56:00,2012-09-05 11:27:00,2012-09-05 11:27:00,"Alberta, Canada",WECC,Electrical System Separation (Islanding),0,0,2012,DOE_Electric_Disturbance_Events.xlsx:2012,,False,False,False,Electrical System Separation (Islanding)
2012-09-06 04:45:00,2012-09-06 04:45:00,Ongoing,Ongoing,"Oroville, California",WECC,Fuel Supply Deficiency (Water),,,2012,DOE_Electric_Disturbance_Events.xlsx:2012,,False,False,False,Fuel Supply Deficiency (Water)
2012-09-07 21:30:00,2012-09-07 21:30:00,2012-09-08 01:00:00,2012-09-08 01:00:00,Arkansas,SERC,Severe Weather - Thunderstorms,UNK ,64951,2012,DOE_Electric_Disturbance_Events.xlsx:2012,,False,False,False,Severe Weather - Thunderstorms
2012-09-08 15:40:00,2012-09-08 15:40:00,2012-09-08 18:45:00,2012-09-08 18:45:00,"Prince George's County, Montgomery County Maryland; D.C.",RFC,Severe Weather - Thunderstorms,UNK,65000,2012,DOE_Electric_Disturbance_Events.xlsx:2012,,False,False,False,Severe Weather - Thunderstorms
2012-09-08 15:53:00,2012-09-08 15:53:00,2012-09-09 19:46:00,2012-09-09 19:46:00,Virginia,SERC,Severe Weather - Thunderstorms,475,119000,2012,DOE_Electric_Disturbance_Events.xlsx:2012,,False,False,False,Severe Weather - Thunderstorms
2012-09-11 13:00:00,2012-09-11 13:00:00,2012-09-11 13:58:00,2012-09-11 13:58:00,"Alberta, Canada",WECC,Electrical System Separation (Islanding),0,0,2012,DOE_Electric_Disturbance_Events.xlsx:2012,,False,False,False,Electrical System Separation (Islanding)
2012-09-24 00:00:00,2012-09-24 00:00:00,2012-09-25 00:00:00,2012-09-25 00:00:00,"Brighton, Maryland",RFC,Suspected Physical Attack,0,0,2012,DOE_Electric_Disturbance_Events.xlsx:2012,,False,False,False,Suspected Physical Attack
2012-09-26 21:16:00,2012-09-26 21:16:00,2012-09-26 22:18:00,2012-09-26 22:18:00,Puerto Rico,,Voltage Reduction,600,371526,2012,DOE_Electric_Disturbance_Events.xlsx:2012,,False,False,False,Voltage Reduction
1-10-01 00:00:00,,,,,,,,,2012,DOE_Electric_Disturbance_Events.xlsx:2012,,False,False,False,
2012-10-05 17:30:00,2012-10-05 17:30:00,2012-10-05 17:50:00,2012-10-05 17:50:00,"Greater Sacramento, California",WECC,Suspected Physical Attack,,,2012,DOE_Electric_Disturbance_Events.xlsx:2012,,False,False,False,Suspected Physical Attack
2012-10-09 00:00:00,2012-10-09 00:00:00,2012-10-09 00:01:00,2012-10-09 00:01:00,"Seat Pleasant, Maryland",RFC,Vandalsim,0,0,2012,DOE_Electric_Disturbance_Events.xlsx:2012,,False,False,False,Vandalsim
2012-10-11 00:00:00,2012-10-11 00:00:00,2012-10-11 00:01:00,2012-10-11 00:01:00,"Seat Pleasant, Maryland",RFC,Vandalsim,0,0,2012,DOE_Electric_Disturbance_Events.xlsx:2012,,False,False,False,Vandalsim
2012-10-14 10:36:00,2012-10-14 10:36:00,2012-10-14 10:50:00,2012-10-14 10:50:00,Northern California,WECC,Electrical System Separation (Islanding),3,2035,2012,DOE_Electric_Disturbance_Events.xlsx:2012,,False,False,False,Electrical System Separation (Islanding)
2012-10-15 14:15:00,2012-10-15 14:15:00,2012-10-15 14:16:00,2012-10-15 14:16:00,Southeast Vermont,NPCC,Vandalism; Theft,0,0,2012,DOE_Electric_Disturbance_Events.xlsx:2012,,False,False,False,Vandalism; Theft
2012-10-22 00:00:00,2012-10-22 00:00:00,2012-10-22 00:01:00,2012-10-22 00:01:00,"Norbeck, Maryland",RFC,Physical Attack; Vandalism,0,0,2012,DOE_Electric_Disturbance_Events.xlsx:2012,,False,False,False,Physical Attack; Vandalism
2012-10-23 09:10:00,2012-10-23 09:10:00,2012-10-23 09:16:00,2012-10-23 09:16:00,"Crawfordsville, Indiana",RFC,Transmission System Interruption,49,9800,2012,DOE_Electric_Disturbance_Events.xlsx:2012,,False,False,False,Transmission System Interruption
2012-10-24 00:00:00,2012-10-24 00:00:00,2012-10-24 00:01:00,2012-10-24 00:01:00,"Kingswood, Maryland",RFC,Physical Attack; Vandalism,0,0,2012,DOE_Electric_Disturbance_Events.xlsx:2012,,False,False,False,Physical Attack; Vandalism
2012-10-24 00:00:00,2012-10-24 00:00:00,2012-10-24 00:01:00,2012-10-24 00:01:00,"Brighton, Maryland",RFC,Suspected Physical Attack,0,0,2012,DOE_Electric_Disturbance_Events.xlsx:2012,,False,False,False,Suspected Physical Attack
2012-10-24 15:15:00,2012-10-24 15:15:00,2012-10-24 15:16:00,2012-10-24 15:16:00,"Frankford, Delaware",RFC,Physical Attack; Vandalism,0,0,2012,DOE_Electric_Disturbance_Events.xlsx:2012,,False,False,False,Physical Attack; Vandalism
2012-10-25 00:00:00,2012-10-25 00:00:00,2012-10-25 00:01:00,2012-10-25 00:01:00,"West Lanham, Maryland",RFC,Physical Attack; Vandalism,,,2012,DOE_Electric_Disturbance_Events.xlsx:2012,,False,False,False,Physical Attack; Vandalism
2012-10-25 14:39:00,2012-10-25 14:39:00,2012-10-25 18:00:00,2012-10-25 18:00:00,"Pueblo, Colorado",WECC,Physical Attack; Vandalism,0,0,2012,DOE_Electric_Disturbance_Events.xlsx:2012,,False,False,False,Physical Attack; Vandalism
2012-10-25 18:51:00,2012-10-25 18:51:00,2012-10-25 19:30:00,2012-10-25 19:30:00,"Newark, Delaware",RFC,Physical Attack; Vandalism,0,0,2012,DOE_Electric_Disturbance_Events.xlsx:2012,,False,False,False,Physical Attack; Vandalism
2012-10-29 00:00:00,2012-10-29 00:00:00,2012-11-09 23:59:00,2012-11-09 23:59:00,West Virginia,RFC,Severe Weather - Hurricane Sandy,0,208000,2012,DOE_Electric_Disturbance_Events.xlsx:2012,,False,False,False,Severe Weather - Hurricane Sandy
2012-10-29 08:00:00,2012-10-29 08:00:00,2012-11-04 23:00:00,2012-11-04 23:00:00,New Jersey,RFC,Severe Weather - Hurricane Sandy,Unknown,Unknown,2012,DOE_Electric_Disturbance_Events.xlsx:2012,,False,False,False,Severe Weather - Hurricane Sandy
2012-10-29 09:00:00,2012-10-29 09:00:00,2012-10-29 09:00:00,2012-10-29 09:01:00,"LaGrande, Washington",WECC,Physical Attack; Vandalism,0,0,2012,DOE_Electric_Disturbance_Events.xlsx:2012,,False,False,False,Physical Attack; Vandalism
2012-10-29 09:00:00,2012-10-29 09:00:00,2012-11-02 00:00:00,18:00:00,"Delaware, Maryland",RFC,Severe Weather - Hurricane Sandy,Unknown,70000,2012,DOE_Electric_Disturbance_Events.xlsx:2012,,False,False,False,Severe Weather - Hurricane Sandy
2012-10-29 12:00:00,2012-10-29 12:00:00,2012-11-04 00:00:00,23:00:00,New Jersey,RFC,Severe Weather - Hurricane Sandy,Unknown,217000,2012,DOE_Electric_Disturbance_Events.xlsx:2012,,False,False,False,Severe Weather - Hurricane Sandy
2012-10-29 13:00:00,2012-10-29 13:00:00,2012-11-12 14:00:00,2012-11-12 14:00:00,"Long Island, New York",NPCC,Severe Weather - Hurricane Sandy,0,632816,2012,DOE_Electric_Disturbance_Events.xlsx:2012,,False,False,False,Severe Weather - Hurricane Sandy
2012-10-29 14:40:00,2012-10-29 14:40:00,2012-10-30 18:16:00,2012-10-30 18:16:00,"Boston, Southeast Massachusetts",NPCC,Severe Weather - Hurricane Sandy,Unknown,50000,2012,DOE_Electric_Disturbance_Events.xlsx:2012,,False,False,False,Severe Weather - Hurricane Sandy
2012-10-29 14:45:00,2012-10-29 14:45:00,2012-11-01 01:30:00,2012-11-01 01:30:00,Eastern Massachusetts,NPCC,Severe Weather - Hurricane Sandy,Unknown,50000,2012,DOE_Electric_Disturbance_Events.xlsx:2012,,False,False,False,Severe Weather - Hurricane Sandy
2012-10-29 15:00:00,2012-10-29 15:00:00,2012-10-29 15:00:00,2012-10-29 15:01:00,"Las Vegas, Nevada",WECC,Suspected Physical Attack,,,2012,DOE_Electric_Disturbance_Events.xlsx:2012,,False,False,False,Suspected Physical Attack
2012-10-29 15:15:00,2012-10-29 15:15:00,2012-11-04 00:00:00,20:00:00,"Connecticut, Western Massachusetts",NPCC,Severe Weather - Hurricane Sandy,0,649075,2012,DOE_Electric_Disturbance_Events.xlsx:2012,,False,False,False,Severe Weather - Hurricane Sandy
2012-10-29 16:00:00,2012-10-29 16:00:00,2012-11-07 23:48:00,2012-11-07 23:48:00,Eastern Pennsylvania,RFC,Severe Weather - Hurricane Sandy,0,270000,2012,DOE_Electric_Disturbance_Events.xlsx:2012,,False,False,False,Severe Weather - Hurricane Sandy
2012-10-29 16:00:00,2012-10-29 16:00:00,2012-11-08 17:08:00,2012-11-08 17:08:00,Maryland; West Virginia,RFC,Severe Weather - Hurricane Sandy,Unknown,150000,2012,DOE_Electric_Disturbance_Events.xlsx:2012,,False,False,False,Severe Weather - Hurricane Sandy
2012-10-29 16:00:00,2012-10-29 16:00:00,2012-11-05 23:59:00,2012-11-05 23:59:00,Greater Cleveland Ohio,RFC,Severe Weather - Hurricane Sandy,0,346000,2012,DOE_Electric_Disturbance_Events.xlsx:2012,,False,False,False,Severe Weather - Hurricane Sandy
2012-10-29 16:01:00,2012-10-29 16:01:00,2012-11-08 00:00:00,2012-10-29 19:00:00,"Greater New York City, New York",NPCC,Severe Weather - Hurricane Sandy,0,818000,2012,DOE_Electric_Disturbance_Events.xlsx:2012,,False,False,False,Severe Weather - Hurricane Sandy
2012-10-29 16:03:00,2012-10-29 16:03:00,2012-11-06 00:00:00,12:00:00,New Jersey,NPCC,Severe Weather - Hurricane Sandy,Unknown,50000,2012,DOE_Electric_Disturbance_Events.xlsx:2012,,False,False,False,Severe Weather - Hurricane Sandy
2012-10-29 16:45:00,2012-10-29 16:45:00,2012-10-31 11:00:00,2012-10-31 11:00:00,New Hampshire,NPCC,Severe Weather - Hurricane Sandy,,50000,2012,DOE_Electric_Disturbance_Events.xlsx:2012,,False,False,False,Severe Weather - Hurricane Sandy
2012-10-29 17:13:00,2012-10-29 17:13:00,2012-10-31 00:00:00,11:00:00,Greater Baltimore Maryland,RFC,Severe Weather - Hurricane Sandy,0,219000,2012,DOE_Electric_Disturbance_Events.xlsx:2012,,False,False,False,Severe Weather - Hurricane Sandy
2012-10-29 17:30:00,2012-10-29 17:30:00,2012-11-06 00:00:00,2012-11-06 00:00:00,Greater Philadelphia Pennsylvania,RFC,Severe Weather - Hurricane Sandy,Unknown,850000,2012,DOE_Electric_Disturbance_Events.xlsx:2012,,False,False,False,Severe Weather - Hurricane Sandy
2012-10-29 18:11:00,2012-10-29 18:11:00,2012-11-04 00:00:00,2012-10-29 22:50:00,Central Pennsylvania,RFC,Severe Weather - Hurricane Sandy,Unknown,400000,2012,DOE_Electric_Disturbance_Events.xlsx:2012,,False,False,False,Severe Weather - Hurricane Sandy
2012-10-29 18:12:00,2012-10-29 18:12:00,2012-10-30 19:35:00,2012-10-30 19:35:00,Virginia,RFC,Severe Weather - Hurricane Sandy,520,156000,2012,DOE_Electric_Disturbance_Events.xlsx:2012,,False,False,False,Severe Weather - Hurricane Sandy
2012-10-29 18:46:00,2012-10-29 18:46:00,2012-11-03 00:00:00,2012-10-29 10:45:00,Southeast New York; New Jersey,NPCC; RFC,Severe Weather - Hurricane Sandy,Unknown,200000,2012,DOE_Electric_Disturbance_Events.xlsx:2012,,False,False,False,Severe Weather - Hurricane Sandy
2012-10-29 18:48:00,2012-10-29 18:48:00,2012-11-04 00:00:00,2012-10-29 11:36:00,New York,NP,Severe Weather - Hurricane Sandy,Unknown,371000,2012,DOE_Electric_Disturbance_Events.xlsx:2012,,False,False,False,Severe Weather - Hurricane Sandy
2012-10-29 19:00:00,2012-10-29 19:00:00,2012-11-02 00:00:00,2012-10-29 05:00:00,Indiana; Kentucky; Michigan; Ohio,RFC; SERC,Severe Weather - Nor'easter,Unknown,173273,2012,DOE_Electric_Disturbance_Events.xlsx:2012,,False,False,False,Severe Weather - Nor'easter
2012-10-29 19:15:00,2012-10-29 19:15:00,2012-10-30 15:02:00,2012-10-30 15:02:00,Southeast and Seacoast Maine,NPCC,Severe Weather - Hurricane Sandy,Unknown,50000,2012,DOE_Electric_Disturbance_Events.xlsx:2012,,False,False,False,Severe Weather - Hurricane Sandy
2012-10-30 00:00:00,2012-10-30 00:00:00,2012-10-30 00:02:00,2012-10-30 00:02:00,"Hyattsville, Maryland",RFC,Physical Attack; Vandalism,0,0,2012,DOE_Electric_Disturbance_Events.xlsx:2012,,False,False,False,Physical Attack; Vandalism
2012-10-30 02:00:00,2012-10-30 02:00:00,2012-11-01 22:00:00,2012-11-01 22:00:00,Greater Detroit Michigan,RFC,Severe Weather - Nor'easter,Unknown,133777,2012,DOE_Electric_Disturbance_Events.xlsx:2012,,False,False,False,Severe Weather - Nor'easter
2012-10-30 13:20:00,2012-10-30 13:20:00,2012-10-30 13:25:00,2012-10-30 13:25:00,"Fitzwilliam, New Hampshire",NPCC,Vandalism   ,0,0,2012,DOE_Electric_Disturbance_Events.xlsx:2012,,False,False,False,Vandalism
2012-10-30 15:00:00,2012-10-30 15:00:00,2012-10-30 15:01:00,2012-10-30 15:01:00,"Pueblo, Colorado",WECC,Physical Attack; Vandalism,Unknown,Unknown,2012,DOE_Electric_Disturbance_Events.xlsx:2012,,False,False,False,Physical Attack; Vandalism
1-11-01 00:00:00,,,,,,,,,2012,DOE_Electric_Disturbance_Events.xlsx:2012,,False,False,False,
2012-11-02 00:00:00,09:30:00,2012-11-02 00:00:00,12:10:00,"Concord, Vermont",NPCC,Physical Attack; Vandalism,0,0,2012,DOE_Electric_Disturbance_Events.xlsx:2012,,False,False,False,Physical Attack; Vandalism
2012-11-07 00:00:00,14:21:00,2012-11-07 00:00:00,14:48:00,New Hampshire,NPCC,Physical Attack; Vandalism,0,0,2012,DOE_Electric_Disturbance_Events.xlsx:2012,,False,False,False,Physical Attack; Vandalism
2012-11-08 00:00:00,09:34:00,2012-11-08 00:00:00,09:35:00,"Bishopville, Maryland",RFC,Physical Attack; Vandalism,0,0,2012,DOE_Electric_Disturbance_Events.xlsx:2012,,False,False,False,Physical Attack; Vandalism
2012-11-15 00:00:00,05:38:00,2012-11-15 00:00:00,05:39:00,Southeast Massachusetts,NPCC,Physical Attack; Vandalism,0,0,2012,DOE_Electric_Disturbance_Events.xlsx:2012,,False,False,False,Physical Attack; Vandalism
2012-11-15 00:00:00,21:09:00,2012-11-15 00:00:00,21:26:00,Iowa; Michigan,MRO,Suspected Cyber Attack,Unknown,Unknown,2012,DOE_Electric_Disturbance_Events.xlsx:2012,,False,False,False,Suspected Cyber Attack
2012-11-17 00:00:00,10:00:00,2012-11-18 00:00:00,10:00:00,"Comanche Peak, Texas",TRE,Fuel Supply Deficiency,1231,0,2012,DOE_Electric_Disturbance_Events.xlsx:2012,,True,True,True,Fuel Supply Deficiency
2012-11-21 00:00:00,14:50:00,2012-11-21 00:00:00,14:51:00,"Bethany Beach, Delaware",RFC,Physical Attack; Vandalism,,,2012,DOE_Electric_Disturbance_Events.xlsx:2012,,False,False,False,Physical Attack; Vandalism
2012-11-26 00:00:00,12:37:00,2012-11-26 00:00:00,12:38:00,"Frankfort, Delaware",RFC,Physical Attack; Vandalism,0,0,2012,DOE_Electric_Disturbance_Events.xlsx:2012,,False,False,False,Physical Attack; Vandalism
2012-11-26 00:00:00,15:07:00,2012-11-26 00:00:00,15:08:00,"Georgetown, Delaware",RFC,Physical Attack; Vandalism,,,2012,DOE_Electric_Disturbance_Events.xlsx:2012,,False,False,False,Physical Attack; Vandalism
2012-11-27 00:00:00,13:07:00,2012-11-27 00:00:00,13:40:00,New Hampshire,NPCC,Physical Attack; Vandalism,0,0,2012,DOE_Electric_Disturbance_Events.xlsx:2012,,False,False,False,Physical Attack; Vandalism
1-12-01 00:00:00,,,,,,,,,2012,DOE_Electric_Disturbance_Events.xlsx:2012,,False,False,False,
2012-12-02 00:00:00,05:20:00,2012-12-04 00:00:00,09:00:00,Northern California,WECC,Severe Weather - Winter Storm,250,125000,2012,DOE_Electric_Disturbance_Events.xlsx:2012,,False,False,False,Severe Weather - Winter Storm
2012-12-03 00:00:00,12:02:00,2012-12-03 00:00:00,12:30:00,"Tacoma, Washington",WECC,Suspected Physical Attack,0,0,2012,DOE_Electric_Disturbance_Events.xlsx:2012,,False,False,False,Suspected Physical Attack
2012-12-06 00:00:00,21:18:00,2012-12-06 00:00:00,21:31:00,"Greater San Jose, California",WECC,Load Shed,390,Unknown,2012,DOE_Electric_Disturbance_Events.xlsx:2012,,False,False,False,Load Shed
2012-12-17 00:00:00,06:55:00,2012-12-17 00:00:00,07:00:00,"Tacoma, Washington",WECC,Suspected Physical Attack,0,0,2012,DOE_Electric_Disturbance_Events.xlsx:2012,,False,False,False,Suspected Physical Attack
2012-12-25 00:00:00,00:45:00,2012-12-28 00:00:00,16:15:00,Arkansas; Louisiana; Mississippi; Texas ,SPP,Severe Weather - Winter Storm,Unknown,242509,2012,DOE_Electric_Disturbance_Events.xlsx:2012,,True,False,True,Severe Weather - Winter Storm
2012-12-25 00:00:00,09:28:00,2012-12-26 00:00:00,16:28:00,"Houston, Texas",TRE,"Severe Weather - Cold Front, High Winds",294,262000,2012,DOE_Electric_Disturbance_Events.xlsx:2012,,True,True,True,"Severe Weather - Cold Front, High Winds"
2012-12-26 00:00:00,14:50:00,2012-12-26 00:00:00,19:40:00,"Stantonsburg, North Carolina",SERC,Severe Weather - Thunderstorm,3,1200,2012,DOE_Electric_Disturbance_Events.xlsx:2012,,False,False,False,Severe Weather - Thunderstorm
2012-12-31 00:00:00,14:21:00,2012-12-31 00:00:00,16:30:00,North Carolina,SERC,Transmission Interruption,40,12000,2012,DOE_Electric_Disturbance_Events.xlsx:2012,,False,False,False,Transmission Interruption
1-01-01 00:00:00,,,,,,,,,2013,DOE_Electric_Disturbance_Events.xlsx:2013,,False,False,False,
2013-01-07 00:00:00,10:43:00,2013-01-07 00:00:00,10:43:00,"Denton, Maryland",RFC,Physcial Attack; Vandalism,Unknown,Unknown,2013,DOE_Electric_Disturbance_Events.xlsx:2013,,False,False,False,Physcial Attack; Vandalism
2013-01-16 00:00:00,14:25:00,2013-01-16 00:00:00,14:25:00,"Denton, Maryland",RFC,Physcial Attack; Vandalism,Unknown,Unknown,2013,DOE_Electric_Disturbance_Events.xlsx:2013,,False,False,False,Physcial Attack; Vandalism
2013-01-16 00:00:00,16:45:00,2013-01-16 00:00:00,19:26:00,"San Juan County, New Mexico",WECC,Suspected Physical Attack,0,0,2013,DOE_Electric_Disturbance_Events.xlsx:2013,,False,False,False,Suspected Physical Attack
2013-01-16 00:00:00,07:41:00,2013-01-17 00:00:00,10:58:00,"Webster County, Iowa",MRO,Physical Attack,,,2013,DOE_Electric_Disturbance_Events.xlsx:2013,,False,False,False,Physical Attack
2013-01-17 00:00:00,18:07:00,2013-01-20 00:00:00,19:30:00,"Southwest Virginia, Southern West Virginia",RFC,Severe Weather - Winter Storm,Unknown,127000,2013,DOE_Electric_Disturbance_Events.xlsx:2013,,False,False,False,Severe Weather - Winter Storm
2013-01-17 00:00:00,19:02:00,2013-01-19 00:00:00,18:00:00,Northeast Tennessee,SERC,Severe Weather - Winter Storm,Unknown,80000,2013,DOE_Electric_Disturbance_Events.xlsx:2013,,False,False,False,Severe Weather - Winter Storm
2013-01-17 00:00:00,20:35:00,2013-01-17 00:00:00,21:20:00,"Elizabeth City, North Carolina",SERC,Distribution Interruption,40,12000,2013,DOE_Electric_Disturbance_Events.xlsx:2013,,False,False,False,Distribution Interruption
2013-01-20 00:00:00,03:30:00,2013-01-23 00:00:00,06:15:00,Southeastern Michigan,RFC,Severe Weather - Wind Storm,Unknown,146500,2013,DOE_Electric_Disturbance_Events.xlsx:2013,,False,False,False,Severe Weather - Wind Storm
2013-01-28 00:00:00,16:46:00,2013-01-28 00:00:00,18:00:00,"Tacoma Narrows Crossing, Washington",WECC,Physical Attack,Unknown,Unknown,2013,DOE_Electric_Disturbance_Events.xlsx:2013,,False,False,False,Physical Attack
2013-01-31 00:00:00,03:05:00,2013-01-31 00:00:00,04:48:00,Central and Eastern Virginia,SERC,Severe Weather - Wind Storm,188,119000,2013,DOE_Electric_Disturbance_Events.xlsx:2013,,False,False,False,Severe Weather - Wind Storm
2013-01-31 00:00:00,06:30:00,2013-01-31 00:00:00,10:00:00,Connecticut,NPCC,Severe Weather - Wind Storm,75,75000,2013,DOE_Electric_Disturbance_Events.xlsx:2013,,False,False,False,Severe Weather - Wind Storm
1-02-01 00:00:00,,,,,,,,,2013,DOE_Electric_Disturbance_Events.xlsx:2013,,False,False,False,
2013-02-02 00:00:00,21:15:00,2013-02-02 00:00:00,22:15:00,"El Paso, New Mexico",WECC,Vandalism,,,2013,DOE_Electric_Disturbance_Events.xlsx:2013,,False,False,False,Vandalism
2013-02-07 00:00:00,08:32:00,2013-02-07 00:00:00,09:47:00,"Cincinnati, Ohio",RFC,Vandalism,Unknown,0,2013,DOE_Electric_Disturbance_Events.xlsx:2013,,False,False,False,Vandalism
2013-02-08 00:00:00,11:38:00,2013-02-08 00:00:00,14:17:00,District of Columbia; Prince George's County Maryland,RFC,Equipment Trip & Failure,140,52000,2013,DOE_Electric_Disturbance_Events.xlsx:2013,,False,False,False,Equipment Trip & Failure
2013-02-08 00:00:00,20:00:00,2013-02-11 00:00:00,20:30:00,Central and eastern Massachusetts; Rhode Island,NPCC,Severe Weather - Winter Storm Nemo,,50000,2013,DOE_Electric_Disturbance_Events.xlsx:2013,,False,False,False,Severe Weather - Winter Storm Nemo
2013-02-08 00:00:00,20:55:00,2013-02-12 00:00:00,04:00:00,Boston area and Southeast Massachusetts,NPCC,Severe Weather - Winter Storm Nemo,Unknown,50000,2013,DOE_Electric_Disturbance_Events.xlsx:2013,,False,False,False,Severe Weather - Winter Storm Nemo
2013-02-09 00:00:00,08:30:00,2013-02-09 00:00:00,15:00:00,"El Paso, New Mexico",WECC,Vandalism; Equipment Fault,Unknown,Unknown,2013,DOE_Electric_Disturbance_Events.xlsx:2013,,False,False,False,Vandalism; Equipment Fault
2013-02-10 00:00:00,19:46:00,2013-02-10 00:00:00,20:15:00,Puerto Rico,,Generator Trip; Voltage Reduction,350,Unknown,2013,DOE_Electric_Disturbance_Events.xlsx:2013,,False,False,False,Generator Trip; Voltage Reduction
2013-02-13 00:00:00,09:30:00,2013-02-13 00:00:00,09:30:00,"Fort Washington, Maryland",RFC,Vandalism,1,1,2013,DOE_Electric_Disturbance_Events.xlsx:2013,,False,False,False,Vandalism
2013-02-13 00:00:00,17:39:00,2013-02-15 00:00:00,17:50:00,Eastern Massachusetts,NPCC,Fuel Supply Emergency - Petroleum,1,1,2013,DOE_Electric_Disturbance_Events.xlsx:2013,,False,False,False,Fuel Supply Emergency - Petroleum
2013-02-15 00:00:00,00:00:00,2013-02-15 00:00:00,00:01:00,"Tuxedo, Maryland",RFC,Vandalism,,,2013,DOE_Electric_Disturbance_Events.xlsx:2013,,False,False,False,Vandalism
2013-02-16 00:00:00,07:54:00,2013-02-16 00:00:00,07:54:00,Prince George's County Maryland,RFC,Vandalism,1,1,2013,DOE_Electric_Disturbance_Events.xlsx:2013,,False,False,False,Vandalism
2013-02-19 00:00:00,16:01:00,2013-02-20 00:00:00,12:55:00,"Stockton, California",WECC,Electrical System Separation (Islanding),13850,6810,2013,DOE_Electric_Disturbance_Events.xlsx:2013,,False,False,False,Electrical System Separation (Islanding)
2013-02-21 00:00:00,11:00:00,2013-02-21 00:00:00,11:30:00,"Las Cruces, New Mexico",WECC,Vandalism,Unknown,Unknown,2013,DOE_Electric_Disturbance_Events.xlsx:2013,,False,False,False,Vandalism
2013-02-26 00:00:00,13:00:00,2013-03-01 00:00:00,10:00:00,Northern Missouri,SERC,Severe Weather - Winter Storm Nemo,Unknown,56444,2013,DOE_Electric_Disturbance_Events.xlsx:2013,,False,False,False,Severe Weather - Winter Storm Nemo
1-03-01 00:00:00,,,,,,,,,2013,DOE_Electric_Disturbance_Events.xlsx:2013,,False,False,False,
2013-03-03 00:00:00,06:39:00,2013-03-03 00:00:00,10:29:00,"Merced County, California",WECC,Transmission System Interruption,300,58850,2013,DOE_Electric_Disturbance_Events.xlsx:2013,,False,False,False,Transmission System Interruption
2013-03-03 00:00:00,16:27:00,2013-03-03 00:00:00,18:20:00,"Tacoma Park, Maryland",RFC,Vandalism,Unknown,Unknown,2013,DOE_Electric_Disturbance_Events.xlsx:2013,,False,False,False,Vandalism
2013-03-04 00:00:00,09:49:00,2013-03-04 00:00:00,22:00:00,Metropolitan area Puerto Rico,,Equipment Failure; Transmission System Interruption,Unknown,Unknown,2013,DOE_Electric_Disturbance_Events.xlsx:2013,,False,False,False,Equipment Failure; Transmission System Interruption
2013-03-06 00:00:00,08:22:00,2013-03-07 00:00:00,10:27:00,Northwest Virginia,SERC,Severe Weather - Winter Storm,400,233000,2013,DOE_Electric_Disturbance_Events.xlsx:2013,,False,False,False,Severe Weather - Winter Storm
2013-03-18 00:00:00,05:21:00,2013-03-18 00:00:00,05:41:00,Systemwide Puerto Rico,,Generator Trip; Load Shed,350,262937,2013,DOE_Electric_Disturbance_Events.xlsx:2013,,False,False,False,Generator Trip; Load Shed
2013-03-18 00:00:00,17:50:00,2013-03-18 00:00:00,18:07:00,Northeast Florida,FRCC,Suspected Physical Attack,0,0,2013,DOE_Electric_Disturbance_Events.xlsx:2013,,False,False,False,Suspected Physical Attack
2013-03-18 00:00:00,19:30:00,2013-03-20 00:00:00,14:30:00,North/Central Alabama; Georgia,SERC,Severe Weather - Thunderstorms,800,240000,2013,DOE_Electric_Disturbance_Events.xlsx:2013,,False,False,False,Severe Weather - Thunderstorms
2013-03-23 00:00:00,07:00:00,2013-03-23 00:00:00,09:00:00,Connecticut,NPCC,Vandalism,Unknown,Unknown,2013,DOE_Electric_Disturbance_Events.xlsx:2013,,False,False,False,Vandalism
2013-03-27 00:00:00,10:25:00,2013-03-27 00:00:00,12:19:00,Western Massachusetts,NPCC,Physical Attack; Vandalism,Unknown,Unknown,2013,DOE_Electric_Disturbance_Events.xlsx:2013,,False,False,False,Physical Attack; Vandalism
2013-03-28 00:00:00,13:01:00,2013-03-28 00:00:00,13:02:00,"Wilmington, Delaware",RFC,Vandalism,Unknown,Unknown,2013,DOE_Electric_Disturbance_Events.xlsx:2013,,False,False,False,Vandalism
2013-03-29 00:00:00,10:16:00,2013-03-29 00:00:00,10:17:00,Maryland,RFC,Suspected Physical Attack,Unknown,Unknown,2013,DOE_Electric_Disturbance_Events.xlsx:2013,,False,False,False,Suspected Physical Attack
1-04-01 00:00:00,,,,,,,,,2013,DOE_Electric_Disturbance_Events.xlsx:2013,,False,False,False,
2013-04-01 00:00:00,08:40:00,2013-04-01 00:00:00,08:41:00,Connecticut,NPCC,Vandalism - Copper Wire Theft,Unknown,Unknown,2013,DOE_Electric_Disturbance_Events.xlsx:2013,,False,False,False,Vandalism - Copper Wire Theft
2013-04-03 00:00:00,11:05:00,2013-04-03 00:00:00,14:00:00,"Colorado Springs, Colorado",WECC,Sabotage; Vandalism,0,0,2013,DOE_Electric_Disturbance_Events.xlsx:2013,,False,False,False,Sabotage; Vandalism
2013-04-09 00:00:00,11:30:00,2013-04-09 00:00:00,11:31:00,"Delaware City, Delaware",RFC,Vandalism,,,2013,DOE_Electric_Disturbance_Events.xlsx:2013,,False,False,False,Vandalism
2013-04-16 00:00:00,01:47:00,2013-04-18 00:00:00,15:25:00,California,WECC,"Loss of Part of a High Voltage Substation, Physical Attack",,0,2013,DOE_Electric_Disturbance_Events.xlsx:2013,,False,False,False,"Loss of Part of a High Voltage Substation, Physical Attack"
2013-04-17 00:00:00,15:36:00,2013-04-17 00:00:00,16:53:00,"Colbert Steam Plant in Cherokee, Alabama",SERC,Suspected Physical Attack,Unknown,Unknown,2013,DOE_Electric_Disturbance_Events.xlsx:2013,,False,False,False,Suspected Physical Attack
2013-04-18 00:00:00,15:00:00,2013-04-21 00:00:00,03:30:00,"Southeast Michigan, Michigan",RFC,Severe Weather - Storms and Wind,Unknown,99188,2013,DOE_Electric_Disturbance_Events.xlsx:2013,,False,False,False,Severe Weather - Storms and Wind
2013-04-21 00:00:00,02:11:00,2013-04-21 00:00:00,12:30:00,East Tennessee,SERC,Suspected Physical Attack,,,2013,DOE_Electric_Disturbance_Events.xlsx:2013,,False,False,False,Suspected Physical Attack
2013-04-23 00:00:00,11:00:00,2013-04-23 00:00:00,11:01:00,"Newark, Delaware",RFC,Vandalism,Unknown,Unknown,2013,DOE_Electric_Disturbance_Events.xlsx:2013,,False,False,False,Vandalism
2013-04-23 00:00:00,00:49:00,2013-04-23 00:00:00,04:04:00,"South of Humboldt, California",WECC,Electrical System Separation (Islanding),80,1,2013,DOE_Electric_Disturbance_Events.xlsx:2013,,False,False,False,Electrical System Separation (Islanding)
2013-04-25 00:00:00,16:00:00,2013-04-26 00:00:00,10:55:00,"Sunol, California",WECC,Vandalism,0,0,2013,DOE_Electric_Disturbance_Events.xlsx:2013,,False,False,False,Vandalism
1-05-01 00:00:00,,,,,,,,,2013,DOE_Electric_Disturbance_Events.xlsx:2013,,False,False,False,
2013-05-01 00:00:00,09:22:00,2013-05-01 00:00:00,09:24:00,Northeast Colorado ,WECC,Electrical System Separation (Islanding),123,35230,2013,DOE_Electric_Disturbance_Events.xlsx:2013,,False,False,False,Electrical System Separation (Islanding)
2013-05-02 00:00:00,06:52:00,2013-05-02 00:00:00,10:07:00,Unknown,WECC,Electrical System Separation (Islanding),Unknown,Unknown,2013,DOE_Electric_Disturbance_Events.xlsx:2013,,False,False,False,Electrical System Separation (Islanding)
2013-05-09 00:00:00,13:21:00,2013-05-09 00:00:00,16:21:00,"Alberta, Canada; Washington State",WECC,Electrical System Separation (Islanding),Unknown,Unknown,2013,DOE_Electric_Disturbance_Events.xlsx:2013,,False,False,False,Electrical System Separation (Islanding)
2013-05-13 00:00:00,12:52:00,Ongoing,Ongoing,Central California,WECC,Fuel Supply Emergency - Hydro,176,Unknown,2013,DOE_Electric_Disturbance_Events.xlsx:2013,,False,False,False,Fuel Supply Emergency - Hydro
2013-05-14 00:00:00,00:01:00,2013-05-14 00:00:00,13:59:00,"Portland, Oregon",WECC,Vandalism/Theft,,,2013,DOE_Electric_Disturbance_Events.xlsx:2013,,False,False,False,Vandalism/Theft
2013-05-14 00:00:00,10:25:00,2013-05-14 00:00:00,11:42:00,New Hampshire,NPCC,Vandalism,,,2013,DOE_Electric_Disturbance_Events.xlsx:2013,,False,False,False,Vandalism
2013-05-15 00:00:00,14:11:00,2013-05-15 00:00:00,14:12:00,"Wilmington, Delaware",RFC,Vandalism,Unknown,Unknown,2013,DOE_Electric_Disturbance_Events.xlsx:2013,,False,False,False,Vandalism
2013-05-17 00:00:00,08:35:00,2013-05-17 00:00:00,08:36:00,"Newcastle, Delaware",RFC,Vandalism,Unknown,Unknown,2013,DOE_Electric_Disturbance_Events.xlsx:2013,,False,False,False,Vandalism
2013-05-20 00:00:00,15:00:00,2013-05-22 00:00:00,17:00:00,"Moore, Oklahoma",SPP,Severe Weather - Tornados,Unknown,41306,2013,DOE_Electric_Disturbance_Events.xlsx:2013,,False,False,False,Severe Weather - Tornados
2013-05-20 00:00:00,17:22:00,2013-05-20 00:00:00,21:09:00,Gonzales Area Louisiana,SERC,Generator Trip; Load Shed 100+ MW,103,21800,2013,DOE_Electric_Disturbance_Events.xlsx:2013,,False,False,False,Generator Trip; Load Shed 100+ MW
2013-05-22 00:00:00,10:51:00,2013-05-22 00:00:00,10:57:00,System wide Puerto Rico,,System Wide Voltage Reduction,280,197287,2013,DOE_Electric_Disturbance_Events.xlsx:2013,,False,False,False,System Wide Voltage Reduction
2013-05-28 00:00:00,13:00:00,2013-05-28 00:00:00,18:00:00,Maine,NPCC,Vandalism/Theft,,,2013,DOE_Electric_Disturbance_Events.xlsx:2013,,False,False,False,Vandalism/Theft
2013-05-29 00:00:00,00:00:00,2013-05-29 00:00:00,00:02:00,"Henrico County, Virginia",SERC,Physical Attack,Unknown,Unknown,2013,DOE_Electric_Disturbance_Events.xlsx:2013,,False,False,False,Physical Attack
2013-05-29 00:00:00,20:58:00,2013-05-31 00:00:00,14:53:00,Central and Eastern New York,NPCC,Severe Weather - Thunderstorms,Unknown,61795,2013,DOE_Electric_Disturbance_Events.xlsx:2013,,False,False,False,Severe Weather - Thunderstorms
2013-05-29 00:00:00,09:52:00,2013-05-29 00:00:00,09:53:00,"Wilmington, Delaware",RFC,Vandalism/Theft,,,2013,DOE_Electric_Disturbance_Events.xlsx:2013,,False,False,False,Vandalism/Theft
2013-05-30 00:00:00,10:15:00,2013-05-30 00:00:00,10:16:00,"Saranac, New York",NPCC,Vandalism,,,2013,DOE_Electric_Disturbance_Events.xlsx:2013,,False,False,False,Vandalism
2013-05-31 00:00:00,01:00:00,2013-05-31 00:00:00,01:30:00,"Maumelle, Arkansas",SPP,Severe Weather - Lightning,,,2013,DOE_Electric_Disturbance_Events.xlsx:2013,,False,False,False,Severe Weather - Lightning
2013-05-31 00:00:00,18:00:00,2013-06-04 00:00:00,10:30:00,"El Reno, S. Oklahoma City, Oklahoma",SPP,Severe Weather - Tornados,Unknown,127000,2013,DOE_Electric_Disturbance_Events.xlsx:2013,,False,False,False,Severe Weather - Tornados
2013-05-31 00:00:00,19:07:00,2013-06-01 00:00:00,14:15:00,"Southeast Kansas, Northeast Oklahoma",MRO,Transmission System Interruption,102,6300,2013,DOE_Electric_Disturbance_Events.xlsx:2013,,False,False,False,Transmission System Interruption
2013-05-31 00:00:00,19:30:00,2013-06-01 00:00:00,20:00:00,St. Louis Metro Area Missouri,SERC,Severe Weather - Thunderstorms,Unknown,100000,2013,DOE_Electric_Disturbance_Events.xlsx:2013,,False,False,False,Severe Weather - Thunderstorms
1-06-01 00:00:00,,,,,,,,,2013,DOE_Electric_Disturbance_Events.xlsx:2013,,False,False,False,
2013-06-03 00:00:00,12:50:00,2013-06-03 00:00:00,13:36:00,"Alberta, Canada",WECC,Electrical System Separation (Islanding),Unknown,Unknown,2013,DOE_Electric_Disturbance_Events.xlsx:2013,,False,False,False,Electrical System Separation (Islanding)
2013-06-13 00:00:00,20:47:00,2013-06-14 00:00:00,22:47:00,Southern Company Territory,SERC,Severe Weather - Thunderstorms,550,165798,2013,DOE_Electric_Disturbance_Events.xlsx:2013,,False,False,False,Severe Weather - Thunderstorms
2013-06-13 00:00:00,15:30:00,2013-06-13 00:00:00,16:00:00,District of Columbia; Maryland,RFC,Loss of 300+ MW Load; Severe Weather - Thunderstorms,700,40000,2013,DOE_Electric_Disturbance_Events.xlsx:2013,,False,False,False,Loss of 300+ MW Load; Severe Weather - Thunderstorms
2013-06-13 00:00:00,16:08:00,2013-06-14 00:00:00,17:16:00,"Richmond Metro area, Virginia",SERC,Severe Weather - Thunderstorms,900,283000,2013,DOE_Electric_Disturbance_Events.xlsx:2013,,False,False,False,Severe Weather - Thunderstorms
2013-06-13 00:00:00,13:17:00,2013-06-14 00:00:00,17:35:00,Western Piedmont North Carolina,SERC,Severe Weather - Thunderstorms,1000,175000,2013,DOE_Electric_Disturbance_Events.xlsx:2013,,False,False,False,Severe Weather - Thunderstorms
2013-06-13 00:00:00,17:45:00,2013-06-14 00:00:00,18:30:00,Central and Eastern North Carolina,SERC,Severe Weather - Thunderstorms,Unknown,53000,2013,DOE_Electric_Disturbance_Events.xlsx:2013,,False,False,False,Severe Weather - Thunderstorms
2013-06-13 00:00:00,15:20:00,2013-06-14 00:00:00,21:10:00,Ohio; Virginia; West Virginia,RFC; SERC,Severe Weather - Thunderstorms,Unknown,90247,2013,DOE_Electric_Disturbance_Events.xlsx:2013,,False,False,False,Severe Weather - Thunderstorms
2013-06-17 00:00:00,16:17:00,2013-06-17 00:00:00,18:49:00,Hillsborough County Florida,FRCC,Load Shed of 100+ MW Under Emergency Operational Policy,180,37,2013,DOE_Electric_Disturbance_Events.xlsx:2013,,False,False,False,Load Shed of 100+ MW Under Emergency Operational Policy
2013-06-18 00:00:00,15:51:00,2013-06-18 00:00:00,16:23:00,Wyoming,WECC,Electrical System Separation (Islanding),6,Unknown,2013,DOE_Electric_Disturbance_Events.xlsx:2013,,False,False,False,Electrical System Separation (Islanding)
2013-06-19 00:00:00,19:57:00,2013-06-19 00:00:00,20:09:00,"Alberta, Canada",WECC,Electrical System Separation (Islanding),Unknown,Unknown,2013,DOE_Electric_Disturbance_Events.xlsx:2013,,False,False,False,Electrical System Separation (Islanding)
2013-06-20 00:00:00,18:00:00,2013-06-21 00:00:00,10:00:00,"Richie Station (No. 123), Maryland",RFC,Physcial Attack; Vandalism,Unknown,Unknown,2013,DOE_Electric_Disturbance_Events.xlsx:2013,,False,False,False,Physcial Attack; Vandalism
2013-06-21 00:00:00,08:31:00,2013-10-30 00:00:00,14:09:00,"Michigan, Iowa",MRO,Suspected Cyber Attack,Unknown,Unknown,2013,DOE_Electric_Disturbance_Events.xlsx:2013,,False,False,False,Suspected Cyber Attack
2013-06-21 00:00:00,07:40:00,2013-06-21 00:00:00,12:14:00,Pahrump Nevada,WECC,Physical Attack; Vandalism & Sabotage,Unknown,1100,2013,DOE_Electric_Disturbance_Events.xlsx:2013,,False,False,False,Physical Attack; Vandalism & Sabotage
2013-06-21 00:00:00,03:00:00,2013-06-26 00:00:00,12:00:00,Minnesota,MRO,Severe Weather - Hailstorm,Unknown,193000,2013,DOE_Electric_Disturbance_Events.xlsx:2013,,False,False,False,Severe Weather - Hailstorm
2013-06-21 00:00:00,23:14:00,2013-06-21 00:00:00,23:15:00,New Castle Delaware,RFC,Physical Attack; Vandalism  ,Unknown,Unknown,2013,DOE_Electric_Disturbance_Events.xlsx:2013,,False,False,False,Physical Attack; Vandalism
2013-06-21 00:00:00,17:39:00,2013-06-24 00:00:00,06:00:00,Minneapolis/St. Paul area Minnesota,MRO,Severe Weather - Hailstorm,Unknown,400000,2013,DOE_Electric_Disturbance_Events.xlsx:2013,,False,False,False,Severe Weather - Hailstorm
2013-06-22 00:00:00,16:12:00,2013-06-22 00:00:00,17:45:00,Eastern Montana,WECC,Suspected Physical Attack,Unknown,Unknown,2013,DOE_Electric_Disturbance_Events.xlsx:2013,,False,False,False,Suspected Physical Attack
2013-06-22 00:00:00,04:59:00,2013-06-22 00:00:00,21:28:00,Medford Oregon,WECC,Physical Attack; Vandalism  ,,,2013,DOE_Electric_Disturbance_Events.xlsx:2013,,False,False,False,Physical Attack; Vandalism
2013-06-23 00:00:00,21:20:00,2013-06-24 00:00:00,01:35:00,Central Coast California,WECC,Severe Weather - Fog,Unknown,148000,2013,DOE_Electric_Disturbance_Events.xlsx:2013,,False,False,False,Severe Weather - Fog
2013-06-24 00:00:00,19:30:00,2013-06-25 00:00:00,17:46:00,Illinois,RFC,Severe Weather - Thunderstorms,Unknown,283451,2013,DOE_Electric_Disturbance_Events.xlsx:2013,,False,False,False,Severe Weather - Thunderstorms
2013-06-24 00:00:00,19:30:00,2013-06-26 00:00:00,17:00:00,Indiana,RFC,Severe Weather - Thunderstorms,Unknown,86615,2013,DOE_Electric_Disturbance_Events.xlsx:2013,,False,False,False,Severe Weather - Thunderstorms
2013-06-27 00:00:00,17:00:00,2013-06-28 00:00:00,00:00:00,South Eastern Michigan,RFC,Severe Weather - Thunderstorms,Unknown,138000,2013,DOE_Electric_Disturbance_Events.xlsx:2013,,False,False,False,Severe Weather - Thunderstorms
2013-06-27 00:00:00,01:10:00,2013-06-27 00:00:00,02:45:00,"Richie Substation,Seat Pleasant, Maryland",RFC,Physical Attack; Vandalism  ,Unknown,Unknown,2013,DOE_Electric_Disturbance_Events.xlsx:2013,,False,False,False,Physical Attack; Vandalism
2013-06-28 00:00:00,18:02:00,2013-06-28 00:00:00,20:46:00,"Los Angeles and Orange Counties, California",WECC,Equipment Failure,240,65255,2013,DOE_Electric_Disturbance_Events.xlsx:2013,,False,False,False,Equipment Failure
2013-06-28 00:00:00,13:00:00,2013-06-28 00:00:00,13:01:00,Vermont,NPCC,Physical Attack; Vandalism  ,Unknown,Unknown,2013,DOE_Electric_Disturbance_Events.xlsx:2013,,False,False,False,Physical Attack; Vandalism
2013-06-28 00:00:00,17:14:00,2013-06-28 00:00:00,17:15:00,New Castle Delaware,RFC,Physical Attack; Vandalism  ,Unknown,Unknown,2013,DOE_Electric_Disturbance_Events.xlsx:2013,,False,False,False,Physical Attack; Vandalism
1-07-01 00:00:00,,,,,,,,,2013,DOE_Electric_Disturbance_Events.xlsx:2013,,False,False,False,
2013-07-02 00:00:00,14:20:00,2013-07-05 00:00:00,15:30:00,"Alberta, Canada",WECC,Load Shed 100+MW,200,Unknown,2013,DOE_Electric_Disturbance_Events.xlsx:2013,,False,False,False,Load Shed 100+MW
2013-07-03 00:00:00,09:34:00,2013-07-03 00:00:00,10:52:00,Sacramento California,WECC,Suspected Physical Attack,0,0,2013,DOE_Electric_Disturbance_Events.xlsx:2013,,False,False,False,Suspected Physical Attack
2013-07-03 00:00:00,12:04:00,2013-07-03 00:00:00,12:48:00,System-wide Puerto Rico,,Voltage Reduction; Line and Generator Trip,480,393000,2013,DOE_Electric_Disturbance_Events.xlsx:2013,,False,False,False,Voltage Reduction; Line and Generator Trip
2013-07-05 00:00:00,00:05:00,2013-07-05 00:00:00,01:51:00,California,WECC,Physical Attack; Vandalism,Unknown,2500,2013,DOE_Electric_Disturbance_Events.xlsx:2013,,False,False,False,Physical Attack; Vandalism
2013-07-10 00:00:00,14:30:00,2013-07-10 00:00:00,14:45:00,"Boston, Massachusetts",NPCC,Physical Attack; Copper Theft,0,0,2013,DOE_Electric_Disturbance_Events.xlsx:2013,,False,False,False,Physical Attack; Copper Theft
2013-07-10 00:00:00,17:30:00,2013-07-11 00:00:00,20:00:00,AEP Ohio Power Footprint,RFC,Severe Weather - Thunderstorms,,122314,2013,DOE_Electric_Disturbance_Events.xlsx:2013,,False,False,False,Severe Weather - Thunderstorms
2013-07-11 00:00:00,23:20:00,2013-07-14 00:00:00,15:22:00,Arizona,WECC,Physical Attack; Vandalism,455,Unknown,2013,DOE_Electric_Disturbance_Events.xlsx:2013,,False,False,False,Physical Attack; Vandalism
2013-07-12 00:00:00,10:00:00,2013-07-12 00:00:00,10:01:00,Washington,WECC,Physical Attack; Vandalism,Unknown,Unknown,2013,DOE_Electric_Disturbance_Events.xlsx:2013,,False,False,False,Physical Attack; Vandalism
2013-07-17 00:00:00,15:30:00,2013-07-19 00:00:00,06:45:00,"Holtsville, New York",NPCC,Fuel Supply Emergency (Natural Gas),417,Unknown,2013,DOE_Electric_Disturbance_Events.xlsx:2013,,False,False,False,Fuel Supply Emergency (Natural Gas)
2013-07-18 00:00:00,03:15:00,2013-07-18 00:00:00,03:59:00,Utah,WECC,Physical Attack; Vandalism   ,,,2013,DOE_Electric_Disturbance_Events.xlsx:2013,,False,False,False,Physical Attack; Vandalism
2013-07-18 00:00:00,11:30:00,2013-07-19 00:00:00,17:30:00,Upstate New York,NPCC,Public Appeal - Heatwave,Unknown,Unknown,2013,DOE_Electric_Disturbance_Events.xlsx:2013,,False,False,False,Public Appeal - Heatwave
2013-07-18 00:00:00,23:45:00,2013-07-19 00:00:00,10:05:00,Southern Orange County California,WECC,Equipment Failure,200,123000,2013,DOE_Electric_Disturbance_Events.xlsx:2013,,False,False,False,Equipment Failure
2013-07-19 00:00:00,18:00:00,2013-07-20 00:00:00,09:00:00,Michigan,RFC,Severe Weather - Thunderstorms,Unknown,156627,2013,DOE_Electric_Disturbance_Events.xlsx:2013,,False,False,False,Severe Weather - Thunderstorms
2013-07-19 00:00:00,22:30:00,2013-07-21 00:00:00,20:00:00,New York,NPCC,Severe Weather - Thunderstorms,Unknown,74300,2013,DOE_Electric_Disturbance_Events.xlsx:2013,,False,False,False,Severe Weather - Thunderstorms
2013-07-22 00:00:00,07:00:00,2013-07-22 00:00:00,15:00:00,California,WECC,Physical Attack; Vandalism,Unknown,Unknown,2013,DOE_Electric_Disturbance_Events.xlsx:2013,,False,False,False,Physical Attack; Vandalism
2013-07-23 00:00:00,23:38:00,2013-07-25 00:00:00,04:30:00,"Tulsa, Oklahoma",SPP,Severe Weather - Thunderstorms,500,92748,2013,DOE_Electric_Disturbance_Events.xlsx:2013,,False,False,False,Severe Weather - Thunderstorms
2013-07-25 00:00:00,13:10:00,2013-07-25 00:00:00,13:15:00,"Polk Substation, Tacoma Washington",WECC,Physical Attack; Vandalism,,,2013,DOE_Electric_Disturbance_Events.xlsx:2013,,False,False,False,Physical Attack; Vandalism
1-08-01 00:00:00,,,,,,,,,2013,DOE_Electric_Disturbance_Events.xlsx:2013,,False,False,False,
2013-08-01 00:00:00,11:00:00,2013-08-01 00:00:00,16:00:00,"Newburgh, New York",NPCC,Physical Attack; Copper Theft,,,2013,DOE_Electric_Disturbance_Events.xlsx:2013,,False,False,False,Physical Attack; Copper Theft
2013-08-01 00:00:00,18:54:00,2013-08-01 00:00:00,19:37:00,Western British Columbia,WECC,Electrical System Separation (Islanding,420,Unknown,2013,DOE_Electric_Disturbance_Events.xlsx:2013,,False,False,False,Electrical System Separation (Islanding
2013-08-01 00:00:00,23:19:00,2013-08-02 00:00:00,00:49:00,Daytona Beach Florida,FRCC,Loss of 300+ MW Load,297,104498,2013,DOE_Electric_Disturbance_Events.xlsx:2013,,False,False,False,Loss of 300+ MW Load
2013-08-04 00:00:00,03:00:00,2013-08-04 00:00:00,04:00:00,Utah,WECC,Physical Attack; Vandalism,,,2013,DOE_Electric_Disturbance_Events.xlsx:2013,,False,False,False,Physical Attack; Vandalism
2013-08-05 00:00:00,18:35:00,2013-08-05 00:00:00,18:45:00,"Vancouver, British Columbia",WECC,Electrical System Separation (Islanding); Severe Weather,Unknown,Unknown,2013,DOE_Electric_Disturbance_Events.xlsx:2013,,False,False,False,Electrical System Separation (Islanding); Severe Weather
2013-08-06 00:00:00,16:00:00,2013-08-06 00:00:00,17:32:00,"Holloman Air Force Base, New Mexico",WECC,Physcial Attack; Vandalism,Unknown,Unknown,2013,DOE_Electric_Disturbance_Events.xlsx:2013,,False,False,False,Physcial Attack; Vandalism
2013-08-07 00:00:00,07:30:00,2013-08-07 00:00:00,09:14:00,"Green Bay, Wisconsin",MRO,Fuel Supply Emergency (Natural Gas & Fuel Oil),Unknown,Unknown,2013,DOE_Electric_Disturbance_Events.xlsx:2013,,False,False,False,Fuel Supply Emergency (Natural Gas & Fuel Oil)
2013-08-07 00:00:00,14:30:00,2013-08-08 00:00:00,13:00:00,"Arlington, Oregon",WECC,Physcial Attack; Vandalism,Unknown,Unknown,2013,DOE_Electric_Disturbance_Events.xlsx:2013,,False,False,False,Physcial Attack; Vandalism
2013-08-07 00:00:00,00:15:00,2013-08-07 00:00:00,21:27:00,Eastern Central Wisconsin,MRO,Severe Weather - Thunderstorms,220,51160,2013,DOE_Electric_Disturbance_Events.xlsx:2013,,False,False,False,Severe Weather - Thunderstorms
2013-08-12 00:00:00,11:55:00,2013-08-12 00:00:00,11:59:00,"Portland, Oregon",WECC,Suspicious Activity,Unknown,Unknown,2013,DOE_Electric_Disturbance_Events.xlsx:2013,,False,False,False,Suspicious Activity
2013-08-16 00:00:00,16:58:00,2013-08-17 00:00:00,23:58:00,Houston Service Area Texas,TRE,Severe Weather - Thunderstorms,Unknown,219681,2013,DOE_Electric_Disturbance_Events.xlsx:2013,,True,True,True,Severe Weather - Thunderstorms
2013-08-19 00:00:00,19:06:00,2013-08-20 00:00:00,06:02:00,Central California,WECC,Severe Weather - Lightning Strike,685,124000,2013,DOE_Electric_Disturbance_Events.xlsx:2013,,False,False,False,Severe Weather - Lightning Strike
2013-08-21 00:00:00,14:00:00,2013-08-21 00:00:00,14:01:00,"Cabot, Arkansas",SERC,Physcial Attack; Sabotage,,,2013,DOE_Electric_Disturbance_Events.xlsx:2013,,False,False,False,Physcial Attack; Sabotage
2013-08-22 00:00:00,08:40:00,2013-08-22 00:00:00,11:49:00,"Gila River, Arizona",WECC,Physcial Attack; Sabotage,,,2013,DOE_Electric_Disturbance_Events.xlsx:2013,,False,False,False,Physcial Attack; Sabotage
2013-08-22 00:00:00,12:55:00,2013-08-22 00:00:00,14:45:00,"New Castle, Delaware",RFC,Physcial Attack; Vandalism,Unknown,Unknown,2013,DOE_Electric_Disturbance_Events.xlsx:2013,,False,False,False,Physcial Attack; Vandalism
2013-08-23 00:00:00,07:30:00,2013-08-23 00:00:00,07:31:00,"New Castle, Delaware",RFC,Physcial Attack; Vandalism,Unknown,,2013,DOE_Electric_Disturbance_Events.xlsx:2013,,False,False,False,Physcial Attack; Vandalism
2013-08-26 00:00:00,20:15:00,2013-08-26 00:00:00,20:16:00,Tacoma Washington,WECC,Physcial Attack; Vandalism,Unknown,Unknown,2013,DOE_Electric_Disturbance_Events.xlsx:2013,,False,False,False,Physcial Attack; Vandalism
2013-08-28 00:00:00,09:30:00,2013-08-28 00:00:00,09:31:00,Sweetwater County Wyoming,WECC,Physcial Attack; Vandalism,,,2013,DOE_Electric_Disturbance_Events.xlsx:2013,,False,False,False,Physcial Attack; Vandalism
2013-08-29 00:00:00,14:57:00,2013-08-29 00:00:00,15:29:00,"Ashland, Wisconsin",MRO,Electrical System Separation (Islanding); Severe Weather,15,7000,2013,DOE_Electric_Disturbance_Events.xlsx:2013,,False,False,False,Electrical System Separation (Islanding); Severe Weather
2013-08-29 00:00:00,09:50:00,2013-08-29 00:00:00,09:50:00,"Joplin, Missouri",,Physcial Attack; Vandalism,Unknown,Unknown,2013,DOE_Electric_Disturbance_Events.xlsx:2013,,False,False,False,Physcial Attack; Vandalism
2013-08-30 00:00:00,19:30:00,2013-08-31 00:00:00,01:30:00,Entire ComEd territory Illinois,RFC,Severe Weather - Thunderstorms,Unknown,157000,2013,DOE_Electric_Disturbance_Events.xlsx:2013,,False,False,False,Severe Weather - Thunderstorms
1-09-01 00:00:00,,,,,,,,,2013,DOE_Electric_Disturbance_Events.xlsx:2013,,False,False,False,
2013-09-10 00:00:00,17:42:00,2013-09-11 00:00:00,00:02:00,"Erie, Pennsylvania",RFC,Load Shed of 100+ MW,105,Unknown,2013,DOE_Electric_Disturbance_Events.xlsx:2013,,False,False,False,Load Shed of 100+ MW
2013-09-11 00:00:00,16:00:00,2013-09-15 00:00:00,16:00:00,Southeastern Michigan,RFC,Severe Weather - Thunderstorms,400,75000,2013,DOE_Electric_Disturbance_Events.xlsx:2013,,False,False,False,Severe Weather - Thunderstorms
2013-09-29 00:00:00,00:00:00,2013-09-29 00:00:00,01:00:00,Cabot Arkansas,SERC,Physcial Attack; Sabotage,Unknown,Unknown,2013,DOE_Electric_Disturbance_Events.xlsx:2013,,False,False,False,Physcial Attack; Sabotage
1-10-01 00:00:00,,,,,,,,,2013,DOE_Electric_Disturbance_Events.xlsx:2013,,False,False,False,
2013-10-06 00:00:00,07:25:00,2013-10-06 00:00:00,09:15:00,"Jacksonville, Arkansas",SPP,Physical Attack,Unknown,9200,2013,DOE_Electric_Disturbance_Events.xlsx:2013,,False,False,False,Physical Attack
2013-10-11 00:00:00,14:30:00,2013-10-11 00:00:00,18:30:00,"Keo, Arkansas",SERC,Physical Attack,Unknown,Unknown,2013,DOE_Electric_Disturbance_Events.xlsx:2013,,False,False,False,Physical Attack
2013-10-16 00:00:00,11:15:00,2013-10-16 00:00:00,18:00:00,"Roxboro Plant, North Carolina",SERC,Cyber Event with Potential to Cause Impact,0,0,2013,DOE_Electric_Disturbance_Events.xlsx:2013,,False,False,False,Cyber Event with Potential to Cause Impact
2013-10-19 00:00:00,14:32:00,2013-10-19 00:00:00,22:00:00,California,WECC,Physical Attack,Unknown,Unknown,2013,DOE_Electric_Disturbance_Events.xlsx:2013,,False,False,False,Physical Attack
2013-10-21 00:00:00,05:18:00,2013-10-21 00:00:00,05:33:00,Location Unknown,WECC,Electrical System Separation (Islanding),115,433,2013,DOE_Electric_Disturbance_Events.xlsx:2013,,False,False,False,Electrical System Separation (Islanding)
2013-10-26 00:00:00,07:13:00,2013-10-26 00:00:00,07:14:00,Arizona,WECC,Suspected Physical Attack,Unknown,Unknown,2013,DOE_Electric_Disturbance_Events.xlsx:2013,,False,False,False,Suspected Physical Attack
2013-10-27 00:00:00,04:27:00,2013-10-27 00:00:00,22:27:00,"Houston, Texas",TRE,Severe Weather - Hail Storm,Unknown,171117,2013,DOE_Electric_Disturbance_Events.xlsx:2013,,True,True,True,Severe Weather - Hail Storm
1-11-01 00:00:00,,,,,,,,,2013,DOE_Electric_Disturbance_Events.xlsx:2013,,False,False,False,
2013-11-01 00:00:00,13:26:00,2013-11-01 00:00:00,13:27:00,"Wilmington, Delaware",RFC,Physical Attack - Vandalism,Unknown,Unknown,2013,DOE_Electric_Disturbance_Events.xlsx:2013,,False,False,False,Physical Attack - Vandalism
2013-11-02 00:00:00,08:25:00,2013-11-02 00:00:00,08:26:00,"Salt Lake City, Utah",WECC,Physical Attack - Vandalism,,,2013,DOE_Electric_Disturbance_Events.xlsx:2013,,False,False,False,Physical Attack - Vandalism
2013-11-02 00:00:00,00:00:00,2013-11-04 00:00:00,06:00:00,"King, Whatcom, and Skagit, Washington",WECC,Severe Weather - Heavy Winds,Unknown,105000,2013,DOE_Electric_Disturbance_Events.xlsx:2013,,False,False,False,Severe Weather - Heavy Winds
2013-11-04 00:00:00,09:04:00,2013-11-04 00:00:00,09:05:00,Connecicut,NPCC,Physical Attack - Vandalism,Unknown,Unknown,2013,DOE_Electric_Disturbance_Events.xlsx:2013,,False,False,False,Physical Attack - Vandalism
2013-11-05 00:00:00,10:10:00,2013-11-07 00:00:00,10:10:00,Indiana,RFC,Physical Attack,Unknown,Unknown,2013,DOE_Electric_Disturbance_Events.xlsx:2013,,False,False,False,Physical Attack
2013-11-12 00:00:00,14:04:00,2013-11-12 00:00:00,14:05:00,"Valle, California",WECC,Electrical System Separation (Islanding),55,48400,2013,DOE_Electric_Disturbance_Events.xlsx:2013,,False,False,False,Electrical System Separation (Islanding)
2013-11-12 00:00:00,09:14:00,2013-11-12 00:00:00,10:30:00,Eastern Central New Mexico,SPP,Loss of Power from Wholesale Provider; Major Distribution Disruption,Unknown,Unknown,2013,DOE_Electric_Disturbance_Events.xlsx:2013,,False,False,False,Loss of Power from Wholesale Provider; Major Distribution Disruption
2013-11-16 00:00:00,15:15:00,2013-11-16 00:00:00,15:16:00,"Salt Lake County, Utah",WECC,Physical Attack - Vandalism,,,2013,DOE_Electric_Disturbance_Events.xlsx:2013,,False,False,False,Physical Attack - Vandalism
2013-11-17 00:00:00,07:00:00,2013-11-20 00:00:00,18:54:00,Michigan,RFC,Severe Weather - Ice and Snow Storm,Unknown,325325,2013,DOE_Electric_Disturbance_Events.xlsx:2013,,False,False,False,Severe Weather - Ice and Snow Storm
2013-11-17 00:00:00,12:35:00,2013-11-17 00:00:00,13:40:00,"Rochelle, Indiana",RFC,System-wide voltage reductions of 3 percent or more,38,7500,2013,DOE_Electric_Disturbance_Events.xlsx:2013,,False,False,False,System-wide voltage reductions of 3 percent or more
2013-11-17 00:00:00,16:47:00,2013-11-20 00:00:00,11:59:00,Central Indiana,RFC,Severe Weather - Tornadoes,535,61705,2013,DOE_Electric_Disturbance_Events.xlsx:2013,,False,False,False,Severe Weather - Tornadoes
2013-11-17 00:00:00,16:45:00,2013-11-21 00:00:00,16:45:00,Entire Lower Peninsula Michigan,RFC,Severe Weather - Thunderstorms,Unknown,50000,2013,DOE_Electric_Disturbance_Events.xlsx:2013,,False,False,False,Severe Weather - Thunderstorms
2013-11-17 00:00:00,12:35:00,2013-11-20 00:00:00,11:00:00,"Central Missouri, Central Illinois",SERC,Severe Weather - Tornadoes,Unknown,200000,2013,DOE_Electric_Disturbance_Events.xlsx:2013,,False,False,False,Severe Weather - Tornadoes
2013-11-17 00:00:00,13:06:00,2013-11-20 00:00:00,13:06:00,North Central Indiana,RFC,Severe Weather - Thunderstorms,Unknown,75065,2013,DOE_Electric_Disturbance_Events.xlsx:2013,,False,False,False,Severe Weather - Thunderstorms
2013-11-17 00:00:00,16:19:00,2013-11-18 00:00:00,18:00:00,"Indiana, Michigan",RFC,Severe Weather - Thunderstorms,Unknown,77346,2013,DOE_Electric_Disturbance_Events.xlsx:2013,,False,False,False,Severe Weather - Thunderstorms
2013-11-17 00:00:00,14:31:00,2013-11-17 00:00:00,22:30:00,Entire ComEd Territory Illinois,RFC,Severe Weather - Thunderstorms,Unknown,190000,2013,DOE_Electric_Disturbance_Events.xlsx:2013,,False,False,False,Severe Weather - Thunderstorms
2013-11-17 00:00:00,16:47:00,2013-11-20 00:00:00,16:47:00,Central Indiana,RFC,Severe Weather - Thunderstorms,Unknown,61705,2013,DOE_Electric_Disturbance_Events.xlsx:2013,,False,False,False,Severe Weather - Thunderstorms
2013-11-20 00:00:00,03:08:00,2013-11-20 00:00:00,03:09:00,Salt Lake County Utah,WECC,Physical Attack - Vandalism,Unknown,Unknown,2013,DOE_Electric_Disturbance_Events.xlsx:2013,,False,False,False,Physical Attack - Vandalism
2013-11-21 00:00:00,19:45:00,2013-11-22 00:00:00,03:20:00,Northern California,WECC,Severe Weather - Wind Storm,150,89500,2013,DOE_Electric_Disturbance_Events.xlsx:2013,,False,False,False,Severe Weather - Wind Storm
2013-11-24 00:00:00,07:38:00,2013-11-24 00:00:00,07:39:00,Salt Lake County Utah,WECC,Physical Attack - Vandalism,,,2013,DOE_Electric_Disturbance_Events.xlsx:2013,,False,False,False,Physical Attack - Vandalism
1-12-01 00:00:00,,,,,,,,,2013,DOE_Electric_Disturbance_Events.xlsx:2013,,False,False,False,
2013-12-04 00:00:00,05:00:00,2013-12-04 00:00:00,16:17:00,"Idaho Falls Area Idaho, Utah-Idaho Border Utah",WECC,Load Shed 100+ MW,150,Unknown,2013,DOE_Electric_Disturbance_Events.xlsx:2013,,False,False,False,Load Shed 100+ MW
2013-12-06 00:00:00,08:47:00,2013-12-06 00:00:00,08:49:00,"Saratoga, Utah",WECC,"Physical Attack - Vandalism, Theft",,,2013,DOE_Electric_Disturbance_Events.xlsx:2013,,False,False,False,"Physical Attack - Vandalism, Theft"
2013-12-06 00:00:00,01:51:00,2013-12-11 00:00:00,12:00:00,"Greater Houston, Texas",TRE,Severe Weather - Ice/Snow,Unknown,881000,2013,DOE_Electric_Disturbance_Events.xlsx:2013,,True,True,True,Severe Weather - Ice/Snow
2013-12-09 00:00:00,06:54:00,2013-12-09 00:00:00,14:22:00,Virginia Service Territory,SERC,Severe Weather - Ice/Snow,293,88000,2013,DOE_Electric_Disturbance_Events.xlsx:2013,,False,False,False,Severe Weather - Ice/Snow
2013-12-10 00:00:00,01:01:00,2013-12-11 00:00:00,01:01:00,Arizona,WECC,Suspected Physical Attack,Unknown,Unknown,2013,DOE_Electric_Disturbance_Events.xlsx:2013,,False,False,False,Suspected Physical Attack
2013-12-13 00:00:00,11:00:00,2013-12-27 00:00:00,11:00:00,Texas,TRE,Fuel Supply Emergencies (Coal),Unknown,Unknown,2013,DOE_Electric_Disturbance_Events.xlsx:2013,,True,True,True,Fuel Supply Emergencies (Coal)
2013-12-13 00:00:00,11:00:00,2013-12-27 00:00:00,11:00:00,Texas,TE,Fuel Supply Emergencies (Coal),Unknown,Unknown,2013,DOE_Electric_Disturbance_Events.xlsx:2013,,True,False,True,Fuel Supply Emergencies (Coal)
2013-12-22 00:00:00,06:16:00,2013-12-24 00:00:00,23:59:00,Frontier/Genesee/Northern New York,NPCC,Severe Weather - Ice/Snow,Unknown,59000,2013,DOE_Electric_Disturbance_Events.xlsx:2013,,False,False,False,Severe Weather - Ice/Snow
2013-12-22 00:00:00,06:30:00,2013-12-25 00:00:00,05:12:00,Michigan,RFC,Severe Weather - Ice/Snow,350,140735,2013,DOE_Electric_Disturbance_Events.xlsx:2013,,False,False,False,Severe Weather - Ice/Snow
2013-12-22 00:00:00,03:28:00,2013-12-28 00:00:00,23:45:00,"Southern Lower Penninsula, Michigan",RFC,Severe Weather - Ice/Snow,Unknown,50000,2013,DOE_Electric_Disturbance_Events.xlsx:2013,,False,False,False,Severe Weather - Ice/Snow
2013-12-23 00:00:00,15:20:00,2013-12-25 00:00:00,11:32:00,Central Maine Maine,NPCC,Severe Weather - Ice/Snow,Unknown,52500,2013,DOE_Electric_Disturbance_Events.xlsx:2013,,False,False,False,Severe Weather - Ice/Snow
2013-12-27 00:00:00,09:43:00,2013-12-27 00:00:00,12:43:00,Gilabend Arizona,WECC,Physical Attack,,,2013,DOE_Electric_Disturbance_Events.xlsx:2013,,False,False,False,Physical Attack
2013-12-30 00:00:00,11:00:00,2013-12-30 00:00:00,11:01:00,Salt Lake County Utah,WECC,Physical Attack,,,2013,DOE_Electric_Disturbance_Events.xlsx:2013,,False,False,False,Physical Attack
2013-12-30 00:00:00,11:00:00,2014-01-01 00:00:00,08:00:00,North of Roosevelt lake Arizona,WECC,Physical Attack,,,2013,DOE_Electric_Disturbance_Events.xlsx:2013,,False,False,False,Physical Attack
1-01-01 00:00:00,,,,3,,,,,2014,DOE_Electric_Disturbance_Events.xlsx:2014,,False,False,False,
2014-01-06 00:00:00,19:50:00,2014-01-06 00:00:00,20:44:00,District of Columbia,RFC,Voltage Reduction due to Severe Weather - Cold,Unknown,Unknown,2014,DOE_Electric_Disturbance_Events.xlsx:2014,,False,False,False,Voltage Reduction due to Severe Weather - Cold
2014-01-06 00:00:00,19:50:00,2014-01-06 00:00:00,20:44:00,Unknown,RFC,Voltage Reduction due to Severe Weather - Cold,Unknown,Unknown,2014,DOE_Electric_Disturbance_Events.xlsx:2014,,False,False,False,Voltage Reduction due to Severe Weather - Cold
2014-01-06 00:00:00,19:52:00,2014-01-06 00:00:00,20:45:00,Delaware,RFC,Voltage Reduction due to Severe Weather - Cold,Unknown,Unknown,2014,DOE_Electric_Disturbance_Events.xlsx:2014,,False,False,False,Voltage Reduction due to Severe Weather - Cold
2014-01-06 00:00:00,20:45:00,2014-01-07 00:00:00,21:00:00,Unknown,RFC,Public Appeal due to Severe Weather - Cold,Unknown,Unknown,2014,DOE_Electric_Disturbance_Events.xlsx:2014,,False,False,False,Public Appeal due to Severe Weather - Cold
2014-01-06 00:00:00,19:50:00,2014-01-06 00:00:00,20:49:00,Pennsylvania,RFC,Voltage Reduction due to Severe Weather - Cold,200,62000,2014,DOE_Electric_Disturbance_Events.xlsx:2014,,False,False,False,Voltage Reduction due to Severe Weather - Cold
2014-01-06 00:00:00,19:50:00,2014-01-06 00:00:00,20:44:00,Pennsylvania,RFC,Voltage Reduction due to Severe Weather - Cold,Unknown,Unknown,2014,DOE_Electric_Disturbance_Events.xlsx:2014,,False,False,False,Voltage Reduction due to Severe Weather - Cold
2014-01-06 00:00:00,14:37:00,2014-01-06 00:00:00,14:38:00,Utah,RFC,Vandalism,,,2014,DOE_Electric_Disturbance_Events.xlsx:2014,,False,False,False,Vandalism
2014-01-06 00:00:00,22:00:00,2014-01-06 00:00:00,22:01:00,Kentucky,RFC,Public Appeal due to Severe Weather - Cold,Unknown,Unknown,2014,DOE_Electric_Disturbance_Events.xlsx:2014,,False,False,False,Public Appeal due to Severe Weather - Cold
2014-01-06 00:00:00,07:01:00,2014-01-07 00:00:00,09:00:00,Texas,TRE,Public Appeal due to Severe Weather - Cold,,,2014,DOE_Electric_Disturbance_Events.xlsx:2014,,True,True,True,Public Appeal due to Severe Weather - Cold
2014-01-07 00:00:00,21:00:00,2014-01-08 00:00:00,09:00:00,Unknown,RFC,Public Appeal due to Severe Weather - Cold,Unknown,Unknown,2014,DOE_Electric_Disturbance_Events.xlsx:2014,,False,False,False,Public Appeal due to Severe Weather - Cold
2014-01-07 00:00:00,06:18:00,2014-01-07 00:00:00,06:19:00,Pennsylvania,RFC,Severe Weather - Cold,Unknown,Unknown,2014,DOE_Electric_Disturbance_Events.xlsx:2014,,False,False,False,Severe Weather - Cold
2014-01-07 00:00:00,07:58:00,2014-01-07 00:00:00,11:00:00,North Carolina,SERC,Voltage Reduction; Public Appeal due to Severe Weather - Cold,14435,Unknown,2014,DOE_Electric_Disturbance_Events.xlsx:2014,,False,False,False,Voltage Reduction; Public Appeal due to Severe Weather - Cold
2014-01-07 00:00:00,16:15:00,2014-01-08 00:00:00,13:20:00,North Carolina,SERC,Public Appeal due to Severe Weather - Cold,Unknown,Unknown,2014,DOE_Electric_Disturbance_Events.xlsx:2014,,False,False,False,Public Appeal due to Severe Weather - Cold
2014-01-07 00:00:00,06:00:00,2014-01-07 00:00:00,08:30:00,Northeast Tennessee,SERC,Public Appeal due to Severe Weather - Cold,Unknown,Unknown,2014,DOE_Electric_Disturbance_Events.xlsx:2014,,False,False,False,Public Appeal due to Severe Weather - Cold
2014-01-07 00:00:00,06:00:00,2014-01-07 00:00:00,08:30:00,Tennessee,SERC,Public Appeal due to Severe Weather - Cold,Unknown,Unknown,2014,DOE_Electric_Disturbance_Events.xlsx:2014,,False,False,False,Public Appeal due to Severe Weather - Cold
2014-01-07 00:00:00,18:00:00,2014-01-07 00:00:00,23:00:00,South Carolina,SERC,Voltage Reduction; Public Appeal; Load Shed 100+MW due to Severe Weather - Cold,4853,677858,2014,DOE_Electric_Disturbance_Events.xlsx:2014,,False,False,False,Voltage Reduction; Public Appeal; Load Shed 100+MW due to Severe Weather - Cold
2014-01-07 00:00:00,10:59:00,2014-01-09 00:00:00,09:00:00,Illinois,RFC,Fuel Supply Emergency - Natural Gas,,,2014,DOE_Electric_Disturbance_Events.xlsx:2014,,False,False,False,Fuel Supply Emergency - Natural Gas
2014-01-07 00:00:00,09:30:00,2014-01-08 00:00:00,09:30:00,"Piedmont North Carolina, Piedmont South Carolina",SERC,Fuel Supply Emergency due to Severe Weather - Cold,Unknown,Unknown,2014,DOE_Electric_Disturbance_Events.xlsx:2014,,False,False,False,Fuel Supply Emergency due to Severe Weather - Cold
2014-01-08 00:00:00,05:00:00,2014-01-08 00:00:00,06:30:00,Unknown,RFC,Voltage Reduction due to Severe Weather - Cold,576,Unknown,2014,DOE_Electric_Disturbance_Events.xlsx:2014,,False,False,False,Voltage Reduction due to Severe Weather - Cold
2014-01-08 00:00:00,06:00:00,2014-01-08 00:00:00,09:00:00,South Carolina,SERC,Voltage Reduction; Public Appeal; Load Shed 100+MW due to Severe Weather - Cold,4545,677858,2014,DOE_Electric_Disturbance_Events.xlsx:2014,,False,False,False,Voltage Reduction; Public Appeal; Load Shed 100+MW due to Severe Weather - Cold
2014-01-13 00:00:00,16:44:00,2014-01-13 00:00:00,16:45:00,Arizona,WECC,Physical Attack - Vandalism,,,2014,DOE_Electric_Disturbance_Events.xlsx:2014,,False,False,False,Physical Attack - Vandalism
2014-01-15 00:00:00,14:32:00,2014-01-15 00:00:00,14:45:00,Utah,WECC,Physical Attack - Vandalism,Unknown,Unknown,2014,DOE_Electric_Disturbance_Events.xlsx:2014,,False,False,False,Physical Attack - Vandalism
2014-01-16 00:00:00,12:30:00,2014-01-16 00:00:00,13:57:00,Arizona,WECC,Physical Attack - Vandalism,,,2014,DOE_Electric_Disturbance_Events.xlsx:2014,,False,False,False,Physical Attack - Vandalism
2014-01-17 00:00:00,12:20:00,2014-01-17 00:00:00,12:20:00,Ohio,RFC,Suspected Physical Attack,Unknown,Unknown,2014,DOE_Electric_Disturbance_Events.xlsx:2014,,False,False,False,Suspected Physical Attack
2014-01-17 00:00:00,10:30:00,2014-01-28 00:00:00,09:00:00,Illinois,RFC,Fuel Supply Emergency - Natural Gas,Unknown,Unknown,2014,DOE_Electric_Disturbance_Events.xlsx:2014,,False,False,False,Fuel Supply Emergency - Natural Gas
2014-01-18 00:00:00,17:39:00,Unknown,Unknown,Unknown,RFC,Electrical System Islanding,Unknown,Unknown,2014,DOE_Electric_Disturbance_Events.xlsx:2014,,False,False,False,Electrical System Islanding
2014-01-18 00:00:00,09:00:00,2014-01-18 00:00:00,09:45:00,Texas,TRE,Public Appeal to Reduce Electricity Usage,Unknown,Unknown,2014,DOE_Electric_Disturbance_Events.xlsx:2014,,True,True,True,Public Appeal to Reduce Electricity Usage
2014-01-21 00:00:00,17:00:00,Unknown,Unknown,New Jersey,RFC,Physical Attack - Vandalism,Unknown,Unknown,2014,DOE_Electric_Disturbance_Events.xlsx:2014,,False,False,False,Physical Attack - Vandalism
2014-01-21 00:00:00,12:14:00,2014-01-21 00:00:00,12:39:00,Missouri,SERC,Physical Attack - Vandalism,10,Unknown,2014,DOE_Electric_Disturbance_Events.xlsx:2014,,False,False,False,Physical Attack - Vandalism
2014-01-22 00:00:00,13:55:00,2014-01-22 00:00:00,14:55:00,Wisconsin,MRO,Physical Attack - Vandalism,Unknown,Unknown,2014,DOE_Electric_Disturbance_Events.xlsx:2014,,False,False,False,Physical Attack - Vandalism
2014-01-22 00:00:00,09:45:00,2014-01-22 00:00:00,20:19:00,Ohio,RFC,Physical Attack - Vandalism,Unknown,Unknown,2014,DOE_Electric_Disturbance_Events.xlsx:2014,,False,False,False,Physical Attack - Vandalism
2014-01-22 00:00:00,21:15:00,2014-01-23 00:00:00,03:08:00,"Burlington County, New Jersey",RFC,Suspected Physical Attack,Unknown,Unknown,2014,DOE_Electric_Disturbance_Events.xlsx:2014,,False,False,False,Suspected Physical Attack
2014-01-22 00:00:00,00:30:00,2014-01-22 00:00:00,02:45:00,Wisconsin,MRO,Physical Attack - Vandalism,Unknown,Unknown,2014,DOE_Electric_Disturbance_Events.xlsx:2014,,False,False,False,Physical Attack - Vandalism
2014-01-23 00:00:00,04:00:00,2014-01-24 00:00:00,12:00:00,Tennessee,SERC,Public Appeal due to Severe Weather - Cold,Unknown,Unknown,2014,DOE_Electric_Disturbance_Events.xlsx:2014,,False,False,False,Public Appeal due to Severe Weather - Cold
2014-01-23 00:00:00,21:17:00,2014-01-24 00:00:00,17:00:00,"Wynoochee, Washington",WECC,Physical Attack - Vandalism,Unknown,Unknown,2014,DOE_Electric_Disturbance_Events.xlsx:2014,,False,False,False,Physical Attack - Vandalism
2014-01-23 00:00:00,13:04:00,2014-01-24 00:00:00,09:00:00,Maryland,RFC,Public Appeal due to Severe Weather - Cold,Unknown,Unknown,2014,DOE_Electric_Disturbance_Events.xlsx:2014,,False,False,False,Public Appeal due to Severe Weather - Cold
2014-01-23 00:00:00,16:00:00,2014-01-24 00:00:00,12:00:00,Tennessee,SERC,Public Appeal due to Severe Weather - Cold,Unknown,Unknown,2014,DOE_Electric_Disturbance_Events.xlsx:2014,,False,False,False,Public Appeal due to Severe Weather - Cold
2014-01-24 00:00:00,00:00:00,2014-04-09 00:00:00,11:53:00,Wisconsin,RFC,Fuel Supply Emergency - Coal,Unknown,Unknown,2014,DOE_Electric_Disturbance_Events.xlsx:2014,,False,False,False,Fuel Supply Emergency - Coal
2014-01-24 00:00:00,15:30:00,2014-01-24 00:00:00,17:00:00,Wisconsin,MRO,Physical Attack - Vandalism,Unknown,Unknown,2014,DOE_Electric_Disturbance_Events.xlsx:2014,,False,False,False,Physical Attack - Vandalism
2014-01-25 00:00:00,10:00:00,2014-01-25 00:00:00,11:00:00,"Madison, Wisconsin",MRO,Physical Attack - Vandalism,Unknown,Unknown,2014,DOE_Electric_Disturbance_Events.xlsx:2014,,False,False,False,Physical Attack - Vandalism
2014-01-26 00:00:00,23:00:00,Unknown,Unknown,New Jersey,RFC,Physical Attack,Unknown,Unknown,2014,DOE_Electric_Disturbance_Events.xlsx:2014,,False,False,False,Physical Attack
2014-01-26 00:00:00,21:00:00,2014-01-27 00:00:00,11:00:00,Oregon,WECC,Physical Attack - Vandalism,,,2014,DOE_Electric_Disturbance_Events.xlsx:2014,,False,False,False,Physical Attack - Vandalism
2014-01-27 00:00:00,14:20:00,2014-01-28 00:00:00,21:00:00,Maryland,RFC,Public Appeal due to Severe Weather - Cold,Unknown,Unknown,2014,DOE_Electric_Disturbance_Events.xlsx:2014,,False,False,False,Public Appeal due to Severe Weather - Cold
2014-01-29 00:00:00,16:00:00,2014-01-29 00:00:00,16:44:00,Unknown,MRO,Physical Attack - Vandalism,Unknown,Unknown,2014,DOE_Electric_Disturbance_Events.xlsx:2014,,False,False,False,Physical Attack - Vandalism
2014-01-30 00:00:00,15:00:00,Unknown,Unknown,Arizona,WECC,Physical Attack - Vandalism,Unknown,Unknown,2014,DOE_Electric_Disturbance_Events.xlsx:2014,,False,False,False,Physical Attack - Vandalism
1-02-01 00:00:00,,,,,,,,,2014,DOE_Electric_Disturbance_Events.xlsx:2014,,False,False,False,
2014-02-05 00:00:00,00:00:00,2014-02-09 00:00:00,18:00:00,"Maryland, West Virginia",RFC,Severe Weather - Snow/Ice,Unknown,101580,2014,DOE_Electric_Disturbance_Events.xlsx:2014,,False,False,False,Severe Weather - Snow/Ice
2014-02-05 00:00:00,01:00:00,2014-02-09 00:00:00,20:40:00,Pennsylvania,RFC,Severe Weather - Snow/Ice,Unknown,144000,2014,DOE_Electric_Disturbance_Events.xlsx:2014,,False,False,False,Severe Weather - Snow/Ice
2014-02-05 00:00:00,05:00:00,2014-02-05 00:00:00,05:01:00,Pennsylvania,RFC,Severe Weather - Snow/Ice,Unknown,715000,2014,DOE_Electric_Disturbance_Events.xlsx:2014,,False,False,False,Severe Weather - Snow/Ice
2014-02-05 00:00:00,07:00:00,2014-02-23 00:00:00,07:00:00,New York,NPCC,Fuel Supply Emergency - Coal,300,Unknown,2014,DOE_Electric_Disturbance_Events.xlsx:2014,,False,False,False,Fuel Supply Emergency - Coal
2014-02-05 00:00:00,07:35:00,2014-02-07 00:00:00,04:03:00,"Lancaster Region, Pennsylvania",RFC,Severe Weather - Snow/Ice,Unknown,62159,2014,DOE_Electric_Disturbance_Events.xlsx:2014,,False,False,False,Severe Weather - Snow/Ice
2014-02-05 00:00:00,08:05:00,2014-02-05 00:00:00,08:06:00,"Baltimore, Maryland",RFC,Severe Weather - Ice,800,181000,2014,DOE_Electric_Disturbance_Events.xlsx:2014,,False,False,False,Severe Weather - Ice
2014-02-06 00:00:00,13:00:00,2014-02-06 00:00:00,22:00:00,California,WECC,Fuel Supply Emergency - Natural Gas,4000,Unknown,2014,DOE_Electric_Disturbance_Events.xlsx:2014,,False,False,False,Fuel Supply Emergency - Natural Gas
2014-02-06 00:00:00,13:05:00,2014-02-06 00:00:00,19:15:00,Northern California,WECC,Fuel Supply Emergency - Natural Gas,160,Unknown,2014,DOE_Electric_Disturbance_Events.xlsx:2014,,False,False,False,Fuel Supply Emergency - Natural Gas
2014-02-06 00:00:00,13:58:00,2014-02-06 00:00:00,20:40:00,Rio Grande Valley Texas,TRE,Public Appeal to Reduce Electricity Usage,Unknown,Unknown,2014,DOE_Electric_Disturbance_Events.xlsx:2014,,True,True,True,Public Appeal to Reduce Electricity Usage
2014-02-06 00:00:00,14:15:00,2014-02-06 00:00:00,19:39:00,California,WECC,Fuel Supply Emergency - Natural Gas,611,Unknown,2014,DOE_Electric_Disturbance_Events.xlsx:2014,,False,False,False,Fuel Supply Emergency - Natural Gas
2014-02-06 00:00:00,15:35:00,2014-02-07 00:00:00,11:30:00,ERCOT Region Texas,TRE,Public Appeal to Reduce Electricity Usage,Unknown,Unknown,2014,DOE_Electric_Disturbance_Events.xlsx:2014,,True,True,True,Public Appeal to Reduce Electricity Usage
2014-02-07 00:00:00,07:00:00,2014-03-21 00:00:00,08:00:00,Niagara County New York,NPCC,Fuel Supply Emergency - Coal,675,Unknown,2014,DOE_Electric_Disturbance_Events.xlsx:2014,,False,False,False,Fuel Supply Emergency - Coal
2014-02-07 00:00:00,16:30:00,2014-02-08 00:00:00,09:00:00,ERCOT Region Texas,TRE,Public Appeal to Reduce Electricity Usage,Unknown,Unknown,2014,DOE_Electric_Disturbance_Events.xlsx:2014,,True,True,True,Public Appeal to Reduce Electricity Usage
2014-02-07 00:00:00,16:50:00,2014-02-07 00:00:00,20:30:00,Texas,TRE,Public Appeal to Reduce Electricity Usage,Unknown,Unknown,2014,DOE_Electric_Disturbance_Events.xlsx:2014,,True,True,True,Public Appeal to Reduce Electricity Usage
2014-02-12 00:00:00,07:48:00,2014-02-15 00:00:00,04:30:00,Northern/Northeastern Georgia,SERC,Severe Weather - Snow/Ice,1246,373835,2014,DOE_Electric_Disturbance_Events.xlsx:2014,,False,False,False,Severe Weather - Snow/Ice
2014-02-12 00:00:00,11:03:00,2014-02-15 00:00:00,08:40:00,South Carolina,SERC,Severe Weather - Snow/Ice,700,120124,2014,DOE_Electric_Disturbance_Events.xlsx:2014,,False,False,False,Severe Weather - Snow/Ice
2014-02-12 00:00:00,12:10:00,2014-02-15 00:00:00,15:20:00,North Carolina,SERC,Severe Weather - Snow/Ice,Unknown,200000,2014,DOE_Electric_Disturbance_Events.xlsx:2014,,False,False,False,Severe Weather - Snow/Ice
2014-02-12 00:00:00,14:15:00,2014-02-12 00:00:00,14:16:00,Vermont,NPCC,Physical Attack - Vandalism,Unknown,Unknown,2014,DOE_Electric_Disturbance_Events.xlsx:2014,,False,False,False,Physical Attack - Vandalism
2014-02-14 00:00:00,13:00:00,2014-02-14 00:00:00,15:00:00,"Portland, Oregon",WECC,Physical Attack - Vandalism,Unknown,Unknown,2014,DOE_Electric_Disturbance_Events.xlsx:2014,,False,False,False,Physical Attack - Vandalism
2014-02-18 00:00:00,18:43:00,2014-02-18 00:00:00,18:44:00,"Bend, Oregon",WECC,Physical Attack - Vandalism,,,2014,DOE_Electric_Disturbance_Events.xlsx:2014,,False,False,False,Physical Attack - Vandalism
2014-02-20 00:00:00,16:40:00,2014-02-21 00:00:00,23:59:00,"Missouri, Illinois",SERC,Severe Weather - Snow/Ice,Unknown,66000,2014,DOE_Electric_Disturbance_Events.xlsx:2014,,False,False,False,Severe Weather - Snow/Ice
2014-02-21 00:00:00,02:53:00,2014-02-21 00:00:00,21:00:00,Northern/Northeastern Georgia,SERC,Severe Weather - Thunderstorms/High Winds,221,66445,2014,DOE_Electric_Disturbance_Events.xlsx:2014,,False,False,False,Severe Weather - Thunderstorms/High Winds
1-03-01 00:00:00,,,,,,,,,2014,DOE_Electric_Disturbance_Events.xlsx:2014,,False,False,False,
2014-03-02 00:00:00,19:00:00,2014-03-04 00:00:00,09:00:00,ERCOT Region Texas,TRE,Public Appeal due to Severe Weather - Cold,,,2014,DOE_Electric_Disturbance_Events.xlsx:2014,,True,True,True,Public Appeal due to Severe Weather - Cold
2014-03-03 00:00:00,17:25:00,2014-03-03 00:00:00,17:25:00,New York,NPCC,Suspected Physical Attack,Unknown,Unknown,2014,DOE_Electric_Disturbance_Events.xlsx:2014,,False,False,False,Suspected Physical Attack
2014-03-03 00:00:00,06:40:00,2014-03-03 00:00:00,15:28:00,Tennessee,SERC,Severe Weather - Winter Storm,Unknown,65904,2014,DOE_Electric_Disturbance_Events.xlsx:2014,,False,False,False,Severe Weather - Winter Storm
2014-03-03 00:00:00,01:48:00,2014-03-03 00:00:00,01:49:00,"Mid-Columbia River Generation, Washington",WECC,Fuel Supply Emergency - Hydro,630,Unknown,2014,DOE_Electric_Disturbance_Events.xlsx:2014,,False,False,False,Fuel Supply Emergency - Hydro
2014-03-04 00:00:00,09:06:00,2014-03-17 00:00:00,09:06:00,"Weston, Wisconsin",MRO,Fuel Supply Emergency - Coal,Unknown,Unknown,2014,DOE_Electric_Disturbance_Events.xlsx:2014,,False,False,False,Fuel Supply Emergency - Coal
2014-03-05 00:00:00,17:06:00,2014-03-05 00:00:00,17:07:00,"Salt Lake City, Utah",WECC,Physical Attack,Unknown,Unknown,2014,DOE_Electric_Disturbance_Events.xlsx:2014,,False,False,False,Physical Attack
2014-03-07 00:00:00,03:30:00,2014-03-07 00:00:00,21:00:00,"Triad, North Carolina",SERC,Severe Weather - Winter Storm,1500,370900,2014,DOE_Electric_Disturbance_Events.xlsx:2014,,False,False,False,Severe Weather - Winter Storm
2014-03-11 00:00:00,00:00:00,2014-03-13 00:00:00,00:00:00,"Boone County, Iowa",MRO,Suspected Physical Attack,Unknown,Unknown,2014,DOE_Electric_Disturbance_Events.xlsx:2014,,False,False,False,Suspected Physical Attack
2014-03-12 00:00:00,19:35:00,2014-03-13 00:00:00,12:00:00,North Carolina,SERC,Severe Weather - High Winds,250,61377,2014,DOE_Electric_Disturbance_Events.xlsx:2014,,False,False,False,Severe Weather - High Winds
2014-03-14 00:00:00,12:34:00,2014-03-14 00:00:00,16:45:00,"Boone County, Iowa",MRO,Physical Attack - Vandalism,Unknown,Unknown,2014,DOE_Electric_Disturbance_Events.xlsx:2014,,False,False,False,Physical Attack - Vandalism
2014-03-17 00:00:00,17:25:00,2014-03-18 00:00:00,00:56:00,"Glendale, Arizona",WECC,Physical Attack - Sabatoge,,,2014,DOE_Electric_Disturbance_Events.xlsx:2014,,False,False,False,Physical Attack - Sabatoge
2014-03-20 00:00:00,00:00:00,2014-03-20 00:00:00,00:01:00,New York,NPCC,Suspected Cyber Attack,Unknown,Unknown,2014,DOE_Electric_Disturbance_Events.xlsx:2014,,False,False,False,Suspected Cyber Attack
2014-03-24 00:00:00,11:07:00,2014-03-24 00:00:00,11:08:00,"Salt Lake City, Utah",WECC,Physical Attack - Vandalism,,,2014,DOE_Electric_Disturbance_Events.xlsx:2014,,False,False,False,Physical Attack - Vandalism
2014-03-26 00:00:00,16:00:00,2014-04-10 00:00:00,12:00:00,Iowa,MRO,Physical Attack,,,2014,DOE_Electric_Disturbance_Events.xlsx:2014,,False,False,False,Physical Attack
2014-03-26 00:00:00,13:37:00,2014-03-26 00:00:00,14:33:00,Montana,WECC,Electrical System Separation (Islanding),Unknown,Unknown,2014,DOE_Electric_Disturbance_Events.xlsx:2014,,False,False,False,Electrical System Separation (Islanding)
2014-03-31 00:00:00,15:41:00,2014-03-31 00:00:00,20:08:00,Puerto Rico,,System Wide Voltage Reduction,Unknown,Unknown,2014,DOE_Electric_Disturbance_Events.xlsx:2014,,False,False,False,System Wide Voltage Reduction
1-04-01 00:00:00,,,,,,,,,2014,DOE_Electric_Disturbance_Events.xlsx:2014,,False,False,False,
2014-04-03 00:00:00,00:00:00,Unknown,Unknown,Texas,TRE,Fuel Supply Emergency - Coal,Unknown,Unknown,2014,DOE_Electric_Disturbance_Events.xlsx:2014,,True,True,True,Fuel Supply Emergency - Coal
2014-04-03 00:00:00,14:45:00,2014-04-09 00:00:00,11:53:00,Wisconsin,MRO,Fuel Supply Emergency - Coal,Unknown,Unknown,2014,DOE_Electric_Disturbance_Events.xlsx:2014,,False,False,False,Fuel Supply Emergency - Coal
2014-04-04 00:00:00,03:30:00,2014-04-04 00:00:00,08:15:00,Central Arkansas,SERC,Severe Weather - Wind,Unknown,57200,2014,DOE_Electric_Disturbance_Events.xlsx:2014,,False,False,False,Severe Weather - Wind
2014-04-08 00:00:00,13:00:00,2014-04-08 00:00:00,13:01:00,"Davis, California",WECC,Physical Attack - Vandalism,Unknown,Unknown,2014,DOE_Electric_Disturbance_Events.xlsx:2014,,False,False,False,Physical Attack - Vandalism
2014-04-08 00:00:00,11:09:00,2014-04-08 00:00:00,11:20:00,Puerto Rico,,Voltage Reduction,Unknown,Unknown,2014,DOE_Electric_Disturbance_Events.xlsx:2014,,False,False,False,Voltage Reduction
2014-04-12 00:00:00,18:15:00,2014-04-14 00:00:00,09:00:00,Western and Central Michigan,RFC,Severe Weather - Thunderstorms,Unknown,50000,2014,DOE_Electric_Disturbance_Events.xlsx:2014,,False,False,False,Severe Weather - Thunderstorms
2014-04-12 00:00:00,20:00:00,2014-04-15 00:00:00,19:30:00,Michigan,RFC,Severe Weather,Unknown,164000,2014,DOE_Electric_Disturbance_Events.xlsx:2014,,False,False,False,Severe Weather
2014-04-23 00:00:00,19:45:00,2014-04-23 00:00:00,20:37:00,"Baton Rouge, Louisiana",SERC,Load shedding of 100 Megawatts,163,28000,2014,DOE_Electric_Disturbance_Events.xlsx:2014,,False,False,False,Load shedding of 100 Megawatts
2014-04-24 00:00:00,15:02:00,2014-04-24 00:00:00,17:13:00,"Alberta, Canada",WECC,Electrical System Separation (Islanding),Unknown,Unknown,2014,DOE_Electric_Disturbance_Events.xlsx:2014,,False,False,False,Electrical System Separation (Islanding)
2014-04-25 00:00:00,07:00:00,2014-04-25 00:00:00,07:30:00,Delaware,RFC,Physical Attack - Vandalism,Unknown,Unknown,2014,DOE_Electric_Disturbance_Events.xlsx:2014,,False,False,False,Physical Attack - Vandalism
2014-04-27 00:00:00,09:15:00,Unknown,Unknown,"Alberta, Canada",WECC,Electrical System Separation (Islanding),9750,4000000,2014,DOE_Electric_Disturbance_Events.xlsx:2014,,False,False,False,Electrical System Separation (Islanding)
2014-04-27 00:00:00,12:07:00,2014-04-27 00:00:00,12:09:00,"Albany, Oregon",WECC,Physical Attack - Vandalism,Unknown,Unknown,2014,DOE_Electric_Disturbance_Events.xlsx:2014,,False,False,False,Physical Attack - Vandalism
2014-04-29 00:00:00,23:30:00,2014-04-29 00:00:00,12:30:00,"Mississippi, Alabama",SERC,Severe Weather - Thunderstorms,355,106648,2014,DOE_Electric_Disturbance_Events.xlsx:2014,,False,False,False,Severe Weather - Thunderstorms
2014-04-29 00:00:00,09:37:00,2014-05-01 00:00:00,09:00:00,"Northeastern Mississippi, Northern Alabama",SERC,Severe Weather - Thunderstorms,Unknown,57000,2014,DOE_Electric_Disturbance_Events.xlsx:2014,,False,False,False,Severe Weather - Thunderstorms
2014-04-30 00:00:00,03:50:00,2014-04-30 00:00:00,14:00:00,"Alabama, Florida, Georgia",SERC,Severe Weather - Thunderstorms,296,89000,2014,DOE_Electric_Disturbance_Events.xlsx:2014,,False,False,False,Severe Weather - Thunderstorms
1-05-01 00:00:00,,,,,,,,,2014,DOE_Electric_Disturbance_Events.xlsx:2014,,False,False,False,
2014-05-08 00:00:00,08:39:00,2014-05-08 00:00:00,08:40:00,"Imperial Valley, California",WECC,Physical Attack,Unknown,Unknown,2014,DOE_Electric_Disturbance_Events.xlsx:2014,,False,False,False,Physical Attack
2014-05-08 00:00:00,01:00:00,2014-05-08 00:00:00,01:01:00,Mississippi,SERC,Physical Attack,Unknown,Unknown,2014,DOE_Electric_Disturbance_Events.xlsx:2014,,False,False,False,Physical Attack
2014-05-09 00:00:00,18:00:00,2014-05-11 00:00:00,13:00:00,Indiana,RFC,Severe Weather - Heavy Winds,Unknown,56000,2014,DOE_Electric_Disturbance_Events.xlsx:2014,,False,False,False,Severe Weather - Heavy Winds
2014-05-11 00:00:00,18:38:00,2014-05-11 00:00:00,18:39:00,"MISO North, Minnesota",MRO,Physical Attack - Vandalism,Unknown,Unknown,2014,DOE_Electric_Disturbance_Events.xlsx:2014,,False,False,False,Physical Attack - Vandalism
2014-05-12 00:00:00,13:14:00,2014-05-12 00:00:00,13:15:00,"Layton, Utah",WECC,Physical Attack - Vandalism,Unknown,Unknown,2014,DOE_Electric_Disturbance_Events.xlsx:2014,,False,False,False,Physical Attack - Vandalism
2014-05-14 00:00:00,15:34:00,Unknown,Unknown,"San Diego & Orange Counties, California",WECC,Public Appeal to Reduce Electricity Usage - Wild Fires,,426,2014,DOE_Electric_Disturbance_Events.xlsx:2014,,False,False,False,Public Appeal to Reduce Electricity Usage - Wild Fires
2014-05-15 00:00:00,10:43:00,Unknown,Unknown,"San Diego & Orange Counties, California",WECC,Public Appeal to Reduce Electricity Usage - Wild Fires,3300,1400000,2014,DOE_Electric_Disturbance_Events.xlsx:2014,,False,False,False,Public Appeal to Reduce Electricity Usage - Wild Fires
2014-05-15 00:00:00,12:10:00,2014-05-15 00:00:00,12:13:00,"Whiting, Indiana",RFC,Suspected Physical Attack,,,2014,DOE_Electric_Disturbance_Events.xlsx:2014,,False,False,False,Suspected Physical Attack
2014-05-16 00:00:00,10:43:00,2014-05-16 00:00:00,21:00:00,"San Diego & Orange Counties, California",WECC,Public Appeal to Reduce Electricity Usage - Wild Fires,3900,1400000,2014,DOE_Electric_Disturbance_Events.xlsx:2014,,False,False,False,Public Appeal to Reduce Electricity Usage - Wild Fires
2014-05-20 00:00:00,07:01:00,2014-05-20 00:00:00,07:02:00,"Duchesne County, Utah",WECC,Physical Attack - Vandalism,,,2014,DOE_Electric_Disturbance_Events.xlsx:2014,,False,False,False,Physical Attack - Vandalism
2014-05-23 00:00:00,15:00:00,2014-05-25 00:00:00,19:00:00,North Carolina,SERC,Physical Attack - Vandalism,Unknown,Unknown,2014,DOE_Electric_Disturbance_Events.xlsx:2014,,False,False,False,Physical Attack - Vandalism
2014-05-26 00:00:00,12:31:00,2014-05-26 00:00:00,13:18:00,"British Columbia & Alberta, Canada",WECC,Electrical System Separation (Islanding),Unknown,Unknown,2014,DOE_Electric_Disturbance_Events.xlsx:2014,,False,False,False,Electrical System Separation (Islanding)
2014-05-27 00:00:00,11:00:00,2014-05-27 00:00:00,16:53:00,"Phoenix, Arizona",WECC,Physical Attack - Vandalism,,,2014,DOE_Electric_Disturbance_Events.xlsx:2014,,False,False,False,Physical Attack - Vandalism
1-06-01 00:00:00,,,,,,,,,2014,DOE_Electric_Disturbance_Events.xlsx:2014,,False,False,False,
2014-06-03 00:00:00,01:38:00,2014-06-03 00:00:00,01:43:00,Texas,ERCOT,Physical Attack - Vandalism,Unknown,Unknown,2014,DOE_Electric_Disturbance_Events.xlsx:2014,,True,True,True,Physical Attack - Vandalism
2014-06-03 00:00:00,15:32:00,2014-06-03 00:00:00,15:59:00,"Alberta, Canada",WECC,Electrical System Islanding,338,,2014,DOE_Electric_Disturbance_Events.xlsx:2014,,False,False,False,Electrical System Islanding
2014-06-05 00:00:00,03:00:00,2014-06-07 00:00:00,23:45:00,"Shelby County, Tennessee",SERC,Severe Weather - Thunderstorms,494,38500,2014,DOE_Electric_Disturbance_Events.xlsx:2014,,False,False,False,Severe Weather - Thunderstorms
2014-06-06 00:00:00,13:00:00,Unknown,Unknown,Texas,ERCOT,Fuel Supply Emergency - Coal,Unknown,Unknown,2014,DOE_Electric_Disturbance_Events.xlsx:2014,,True,True,True,Fuel Supply Emergency - Coal
2014-06-05 00:00:00,13:06:00,2014-06-05 00:00:00,13:07:00,West Tennessee,SERC,Severe Weather - Thunderstorms,Unknown,56475,2014,DOE_Electric_Disturbance_Events.xlsx:2014,,False,False,False,Severe Weather - Thunderstorms
2014-06-07 00:00:00,23:00:00,2014-06-08 00:00:00,05:30:00,"North and Central , Alabama",SERC,Severe Weather - Thunderstorms,217,65000,2014,DOE_Electric_Disturbance_Events.xlsx:2014,,False,False,False,Severe Weather - Thunderstorms
2014-06-09 00:00:00,11:07:00,2014-06-09 00:00:00,11:30:00,"Alberta, Canada",WECC,Electrical System Islanding,Unknown,Unknown,2014,DOE_Electric_Disturbance_Events.xlsx:2014,,False,False,False,Electrical System Islanding
2014-06-11 00:00:00,09:30:00,2014-06-11 00:00:00,09:31:00,"Nogales, Arizona",WECC,Suspected Physical Attack,,,2014,DOE_Electric_Disturbance_Events.xlsx:2014,,False,False,False,Suspected Physical Attack
2014-06-10 00:00:00,21:50:00,2014-06-11 00:00:00,14:30:00,West Virginia,RFC,Severe Weather - Thunderstorms,Unknown,66383,2014,DOE_Electric_Disturbance_Events.xlsx:2014,,False,False,False,Severe Weather - Thunderstorms
2014-06-11 00:00:00,16:00:00,2014-06-11 00:00:00,16:30:00,Southern Mississippi,SERC,Physical Attack - Vandalism,,,2014,DOE_Electric_Disturbance_Events.xlsx:2014,,False,False,False,Physical Attack - Vandalism
2014-06-12 00:00:00,09:10:00,2014-06-12 00:00:00,09:11:00,"Somervell County, Texas",ERCOT,Suspected Physical Attack,Unknown,Unknown,2014,DOE_Electric_Disturbance_Events.xlsx:2014,,True,True,True,Suspected Physical Attack
2014-06-15 00:00:00,00:00:00,2014-06-15 00:00:00,01:00:00,Central Minnesota,MRO,Severe Weather - Thunderstorms,Unknown,55951,2014,DOE_Electric_Disturbance_Events.xlsx:2014,,False,False,False,Severe Weather - Thunderstorms
2014-06-18 00:00:00,09:52:00,2014-06-18 00:00:00,19:00:00,Washington,WECC,Physical Attack - Vandalism,Unknown,Unknown,2014,DOE_Electric_Disturbance_Events.xlsx:2014,,False,False,False,Physical Attack - Vandalism
2014-06-18 00:00:00,17:00:00,2014-06-20 00:00:00,15:00:00,Southeast Michigan,RFC,Severe Weather - Thunderstorms,Unknown,138802,2014,DOE_Electric_Disturbance_Events.xlsx:2014,,False,False,False,Severe Weather - Thunderstorms
2014-06-19 00:00:00,08:47:00,2014-06-19 00:00:00,08:48:00,"Nashville, Tennessee",SERC,Physical Attack - Vandalism,Unknown,Unknown,2014,DOE_Electric_Disturbance_Events.xlsx:2014,,False,False,False,Physical Attack - Vandalism
2014-06-24 00:00:00,14:54:00,2014-06-24 00:00:00,14:55:00,"Nashville, Tennessee",SERC,Physical Attack - Vandalism,Unknown,Unknown,2014,DOE_Electric_Disturbance_Events.xlsx:2014,,False,False,False,Physical Attack - Vandalism
2014-06-27 00:00:00,13:21:00,Unknown,Unknown,Wisconsin,MRO,Fuel Supply Emergency - Coal,Unknown,Unknown,2014,DOE_Electric_Disturbance_Events.xlsx:2014,,False,False,False,Fuel Supply Emergency - Coal
2014-06-30 00:00:00,17:55:00,2014-07-01 00:00:00,02:53:00,Southeast  Wisconsin,MRO,Severe Weather - Thunderstorms,424,120000,2014,DOE_Electric_Disturbance_Events.xlsx:2014,,False,False,False,Severe Weather - Thunderstorms
2014-06-30 00:00:00,20:00:00,2014-07-02 00:00:00,18:30:00,Illinois,RFC,Severe Weather - Thunderstorms,Unknown,420000,2014,DOE_Electric_Disturbance_Events.xlsx:2014,,False,False,False,Severe Weather - Thunderstorms
2014-06-30 00:00:00,23:20:00,2014-07-01 00:00:00,17:00:00,North Central Indiana,RFC,Severe Weather - Thunderstorms,Unknown,127000,2014,DOE_Electric_Disturbance_Events.xlsx:2014,,False,False,False,Severe Weather - Thunderstorms
1-07-01 00:00:00,,,,,,,,,2014,DOE_Electric_Disturbance_Events.xlsx:2014,,False,False,False,
2014-07-01 00:00:00,05:00:00,2014-07-02 00:00:00,02:00:00,"Indiana, Michigan",RFC,Severe Weather - Thunderstorms,Unknown,57237,2014,DOE_Electric_Disturbance_Events.xlsx:2014,,False,False,False,Severe Weather - Thunderstorms
2014-07-02 00:00:00,08:39:00,2014-07-28 00:00:00,15:13:00,Wisconsin,MRO,Fuel Supply Emergency - Coal,Unknown,Unknown,2014,DOE_Electric_Disturbance_Events.xlsx:2014,,False,False,False,Fuel Supply Emergency - Coal
2014-07-01 00:00:00,03:30:00,Unknown,Unknown,Southwest Michigan,RFC,Severe Weather - Thunderstorms,Unknown,51000,2014,DOE_Electric_Disturbance_Events.xlsx:2014,,False,False,False,Severe Weather - Thunderstorms
2014-07-01 00:00:00,04:00:00,2014-07-03 00:00:00,23:30:00,Southeast Michigan,RFC,Severe Weather - Thunderstorms,Unknown,140000,2014,DOE_Electric_Disturbance_Events.xlsx:2014,,False,False,False,Severe Weather - Thunderstorms
2014-07-03 00:00:00,18:00:00,2014-07-06 00:00:00,12:00:00,Pennsylvania,RFC,Severe Weather - Thunderstorms,Unknown,298165,2014,DOE_Electric_Disturbance_Events.xlsx:2014,,False,False,False,Severe Weather - Thunderstorms
2014-07-03 00:00:00,22:55:00,2014-07-04 00:00:00,01:50:00,"Vermont, New Hampshire, Maine, Rhode Island, Massachusetts, Connecticut",NPCC,Severe Weather - Thunderstorms,Unknown,64000,2014,DOE_Electric_Disturbance_Events.xlsx:2014,,False,False,False,Severe Weather - Thunderstorms
2014-07-08 00:00:00,20:30:00,2014-07-11 00:00:00,23:00:00,Pennsylvania,RFC,Severe Weather - Thunderstorms,Unknown,260000,2014,DOE_Electric_Disturbance_Events.xlsx:2014,,False,False,False,Severe Weather - Thunderstorms
2014-07-08 00:00:00,21:31:00,Unknown,Unknown,Maryland,RFC,Severe Weather - Thunderstorms,Unknown,56600,2014,DOE_Electric_Disturbance_Events.xlsx:2014,,False,False,False,Severe Weather - Thunderstorms
2014-07-08 00:00:00,18:00:00,2014-07-11 00:00:00,17:53:00,Eastern Pennsylvania,RFC,Severe Weather - Thunderstorms,Unknown,69000,2014,DOE_Electric_Disturbance_Events.xlsx:2014,,False,False,False,Severe Weather - Thunderstorms
2014-07-08 00:00:00,17:30:00,2014-07-12 00:00:00,23:20:00,"Maryland, West Virginia",RFC,Severe Weather - Thunderstorms,Unknown,96000,2014,DOE_Electric_Disturbance_Events.xlsx:2014,,False,False,False,Severe Weather - Thunderstorms
2014-07-08 00:00:00,17:30:00,2014-07-12 00:00:00,23:30:00,West Virginia,RFC,Severe Weather - Thunderstorms,Unknown,71000,2014,DOE_Electric_Disturbance_Events.xlsx:2014,,False,False,False,Severe Weather - Thunderstorms
2014-07-08 00:00:00,19:21:00,2014-07-11 00:00:00,07:00:00,Upstate New York,NPCC,Severe Weather - Thunderstorms,Unknown,65000,2014,DOE_Electric_Disturbance_Events.xlsx:2014,,False,False,False,Severe Weather - Thunderstorms
2014-07-08 00:00:00,17:30:00,2014-07-10 00:00:00,15:00:00,Central and Northeastern Pennsylvania,RFC,Severe Weather - Thunderstorms,Unknown,66000,2014,DOE_Electric_Disturbance_Events.xlsx:2014,,False,False,False,Severe Weather - Thunderstorms
2014-07-14 00:00:00,16:00:00,2014-07-14 00:00:00,16:15:00,Washington,WECC,Suspected Physical Attack,Unknown,Unknown,2014,DOE_Electric_Disturbance_Events.xlsx:2014,,False,False,False,Suspected Physical Attack
2014-07-23 00:00:00,19:14:00,2014-07-24 00:00:00,00:23:00,"Arkansas, Louisiana",SERC,Severe Weather - Thunderstorms,Unknown,57299,2014,DOE_Electric_Disturbance_Events.xlsx:2014,,False,False,False,Severe Weather - Thunderstorms
2014-07-24 00:00:00,16:29:00,2014-07-24 00:00:00,23:32:00,California,WECC,Load shedding of 100 Megawatts,126,26856,2014,DOE_Electric_Disturbance_Events.xlsx:2014,,False,False,False,Load shedding of 100 Megawatts
2014-07-27 00:00:00,17:00:00,2014-07-28 00:00:00,23:00:00,Southeast Michigan,RFC,Severe Weather - Thunderstorms,Unknown,156611,2014,DOE_Electric_Disturbance_Events.xlsx:2014,,False,False,False,Severe Weather - Thunderstorms
2014-07-27 00:00:00,23:00:00,2014-07-28 00:00:00,04:00:00,Central California,WECC,Uncontrolled Loss of 300 Megawatts,480,1,2014,DOE_Electric_Disturbance_Events.xlsx:2014,,False,False,False,Uncontrolled Loss of 300 Megawatts
1-08-01 00:00:00,,,,,,,,,2014,DOE_Electric_Disturbance_Events.xlsx:2014,,False,False,False,
2014-08-01 00:00:00,15:03:00,2014-08-01 00:00:00,15:04:00,Utah,WECC,Physical Attack,Unknown,Unknown,2014,DOE_Electric_Disturbance_Events.xlsx:2014,,False,False,False,Physical Attack
2014-08-13 00:00:00,06:08:00,2014-08-13 00:00:00,06:34:00,"Alberta, Canada",WECC,Electrical System Separation (Islanding),370,Unknown,2014,DOE_Electric_Disturbance_Events.xlsx:2014,,False,False,False,Electrical System Separation (Islanding)
2014-08-20 00:00:00,01:21:00,2014-08-20 00:00:00,01:41:00,"Alberta, Canada",WECC,Electrical System Separation (Islanding),Unknown,Unknown,2014,DOE_Electric_Disturbance_Events.xlsx:2014,,False,False,False,Electrical System Separation (Islanding)
2014-08-23 00:00:00,16:39:00,2014-08-24 00:00:00,01:46:00,"City of Highland, Illinois",RFC,Operational Failure of Electrical System,31,6549,2014,DOE_Electric_Disturbance_Events.xlsx:2014,,False,False,False,Operational Failure of Electrical System
2014-08-24 00:00:00,03:20:00,2014-08-25 00:00:00,07:05:00,"North of San Francisco, California",WECC,Earthquake,95,70000,2014,DOE_Electric_Disturbance_Events.xlsx:2014,,False,False,False,Earthquake
2014-08-26 00:00:00,15:30:00,Unknown,Unknown,Southeast Michigan,RFC,Severe Weather - Thunderstorms,Unknown,Unknown,2014,DOE_Electric_Disturbance_Events.xlsx:2014,,False,False,False,Severe Weather - Thunderstorms
2014-08-27 00:00:00,12:49:00,2014-08-27 00:00:00,13:30:00,Delaware,RFC,Suspected Physical Attack,Unknown,Unknown,2014,DOE_Electric_Disturbance_Events.xlsx:2014,,False,False,False,Suspected Physical Attack
2014-08-30 00:00:00,15:30:00,2014-09-01 00:00:00,14:30:00,"Luzerne County, Pennsylvania",RFC,Suspected Physical Attack,Unknown,Unknown,2014,DOE_Electric_Disturbance_Events.xlsx:2014,,False,False,False,Suspected Physical Attack
1-09-01 00:00:00,,,,,,,,,2014,DOE_Electric_Disturbance_Events.xlsx:2014,,False,False,False,
2014-09-05 00:00:00,20:00:00,Unknown,Unknown,Michigan,RFC,Severe Weather - Thunderstorms,Unknown,324000,2014,DOE_Electric_Disturbance_Events.xlsx:2014,,False,False,False,Severe Weather - Thunderstorms
2014-09-05 00:00:00,16:30:00,2014-09-06 00:00:00,14:00:00,Illinois,RFC,Severe Weather - Thunderstorms,Unknown,180400,2014,DOE_Electric_Disturbance_Events.xlsx:2014,,False,False,False,Severe Weather - Thunderstorms
2014-09-05 00:00:00,19:14:00,2014-09-06 00:00:00,13:00:00,Lower Peninsula of Michigan,RFC,Severe Weather - Thunderstorms,50,60000,2014,DOE_Electric_Disturbance_Events.xlsx:2014,,False,False,False,Severe Weather - Thunderstorms
2014-09-09 00:00:00,08:18:00,2014-09-09 00:00:00,23:59:00,"Alberta, Canada",WECC,Electrical System Separation (Islanding),Unknown,Unknown,2014,DOE_Electric_Disturbance_Events.xlsx:2014,,False,False,False,Electrical System Separation (Islanding)
2014-09-11 00:00:00,04:56:00,2014-09-11 00:00:00,05:37:00,"Alberta, Canada",WECC,Electrical System Separation (Islanding),Unknown,Unknown,2014,DOE_Electric_Disturbance_Events.xlsx:2014,,False,False,False,Electrical System Separation (Islanding)
2014-09-14 00:00:00,21:50:00,2014-09-17 00:00:00,15:08:00,Oregon,WECC,Electrical System Separation (Islanding),1,123,2014,DOE_Electric_Disturbance_Events.xlsx:2014,,False,False,False,Electrical System Separation (Islanding)
2014-09-16 00:00:00,11:56:00,2014-09-16 00:00:00,11:57:00,California,WECC,Physical Attack - Vandalism,Unknown,Unknown,2014,DOE_Electric_Disturbance_Events.xlsx:2014,,False,False,False,Physical Attack - Vandalism
2014-09-17 00:00:00,13:30:00,2014-09-17 00:00:00,14:00:00,Michigan,RFC,Suspected Physical Attack - Suspcious Activity,Unknown,Unknown,2014,DOE_Electric_Disturbance_Events.xlsx:2014,,False,False,False,Suspected Physical Attack - Suspcious Activity
2014-09-19 00:00:00,14:20:00,2014-09-23 00:00:00,13:10:00,"Estacada, Oregon",WECC,Electrical System Separation (Islanding),1,123,2014,DOE_Electric_Disturbance_Events.xlsx:2014,,False,False,False,Electrical System Separation (Islanding)
2014-09-22 00:00:00,11:00:00,2014-09-22 00:00:00,11:01:00,Northeast Minnesota,MRO,Fuel Supply Emergency - Coal,1000,140000,2014,DOE_Electric_Disturbance_Events.xlsx:2014,,False,False,False,Fuel Supply Emergency - Coal
2014-09-23 00:00:00,01:13:00,2014-09-23 00:00:00,03:00:00,New York,NPCC,Physical Attack - Suspcious Activity,,,2014,DOE_Electric_Disturbance_Events.xlsx:2014,,False,False,False,Physical Attack - Suspcious Activity
2014-09-21 00:00:00,13:30:00,Unknown,Unknown,New York,NPCC,Physical Attack - Suspcious Activity,Unknown,Unknown,2014,DOE_Electric_Disturbance_Events.xlsx:2014,,False,False,False,Physical Attack - Suspcious Activity
2014-09-24 00:00:00,11:30:00,2014-09-24 00:00:00,15:43:00,Washington,WECC,Physical Attack - Vandalism,Unknown,Unknown,2014,DOE_Electric_Disturbance_Events.xlsx:2014,,False,False,False,Physical Attack - Vandalism
1-10-01 00:00:00,,,,,,,,,2014,DOE_Electric_Disturbance_Events.xlsx:2014,,False,False,False,
2014-10-02 00:00:00,15:00:00,2014-10-02 00:00:00,15:01:00,"Cave Junction, Oregon",WECC,Suspected Physical Attack - Vandalism,Unknown,Unknown,2014,DOE_Electric_Disturbance_Events.xlsx:2014,,False,False,False,Suspected Physical Attack - Vandalism
2014-10-02 00:00:00,22:15:00,Unknown,Unknown,Arkansas,SERC,Severe Weather - Thunderstorms,Unknown,67300,2014,DOE_Electric_Disturbance_Events.xlsx:2014,,False,False,False,Severe Weather - Thunderstorms
2014-10-02 00:00:00,16:00:00,2014-10-07 00:00:00,10:00:00,Texas,TRE,Severe Weather - Thunderstorms,Unknown,500000,2014,DOE_Electric_Disturbance_Events.xlsx:2014,,True,True,True,Severe Weather - Thunderstorms
2014-10-06 00:00:00,10:52:00,2014-10-07 00:00:00,00:52:00,"Houston, Texas",TRE,Severe Weather - Thunderstorms,292,129237,2014,DOE_Electric_Disturbance_Events.xlsx:2014,,True,True,True,Severe Weather - Thunderstorms
2014-10-07 00:00:00,12:00:00,2014-10-07 00:00:00,12:01:00,Maryland,RFC,Suspected Physical Attack - Vandalism,Unknown,Unknown,2014,DOE_Electric_Disturbance_Events.xlsx:2014,,False,False,False,Suspected Physical Attack - Vandalism
2014-10-08 00:00:00,16:47:00,2014-10-08 00:00:00,18:29:00,Rio Grande Valley Texas,TRE,Public Appeal to Reduce Electricity Usage; Load Shed of 100 MW,Unknown,Unknown,2014,DOE_Electric_Disturbance_Events.xlsx:2014,,True,True,True,Public Appeal to Reduce Electricity Usage; Load Shed of 100 MW
2014-10-08 00:00:00,16:49:00,2014-10-08 00:00:00,18:23:00,Rio Grande Valley Texas,TRE,Public Appeal to Reduce Electricity Usage; Load Shed of 100 MW,585,120000,2014,DOE_Electric_Disturbance_Events.xlsx:2014,,True,True,True,Public Appeal to Reduce Electricity Usage; Load Shed of 100 MW
2014-10-09 00:00:00,09:27:00,Unknown,Unknown,Rio Grande Valley Texas,TRE,Public Appeal to Reduce Electricity Usage,Unknown,2800,2014,DOE_Electric_Disturbance_Events.xlsx:2014,,True,True,True,Public Appeal to Reduce Electricity Usage
2014-10-13 00:00:00,12:45:00,2014-10-13 00:00:00,16:15:00,Louisiana,SERC,Severe Weather - Thunderstorms,Unknown,68600,2014,DOE_Electric_Disturbance_Events.xlsx:2014,,False,False,False,Severe Weather - Thunderstorms
2014-10-14 00:00:00,07:33:00,2014-10-14 00:00:00,07:34:00,Oregon,WECC,Suspected Physical Attack - Vandalism,Unknown,Unknown,2014,DOE_Electric_Disturbance_Events.xlsx:2014,,False,False,False,Suspected Physical Attack - Vandalism
2014-10-14 00:00:00,18:20:00,2014-10-14 00:00:00,18:28:00,Puerto Rico,,Voltage Reduction,Unknown,Unknown,2014,DOE_Electric_Disturbance_Events.xlsx:2014,,False,False,False,Voltage Reduction
2014-10-14 00:00:00,05:44:00,2014-10-14 00:00:00,17:50:00,"Alabama, Florida, Georgia",SERC,Severe Weather - Thunderstorms,191,57475,2014,DOE_Electric_Disturbance_Events.xlsx:2014,,False,False,False,Severe Weather - Thunderstorms
2014-10-15 00:00:00,07:46:00,2014-10-15 00:00:00,07:47:00,Oregon,WECC,Suspected Physical Attack - Vandalism,Unknown,Unknown,2014,DOE_Electric_Disturbance_Events.xlsx:2014,,False,False,False,Suspected Physical Attack - Vandalism
2014-10-16 00:00:00,09:12:00,2014-10-17 00:00:00,15:00:00,"Garden City, Kansas",MRO,Suspected Physical Attack - Vandalism,Unknown,Unknown,2014,DOE_Electric_Disturbance_Events.xlsx:2014,,False,False,False,Suspected Physical Attack - Vandalism
2014-10-16 00:00:00,13:25:00,2014-10-16 00:00:00,17:26:00,Manitoba,MRO,Suspected Physical Attack,129,Unknown,2014,DOE_Electric_Disturbance_Events.xlsx:2014,,False,False,False,Suspected Physical Attack
2014-10-20 00:00:00,00:00:00,Unknown,Unknown,"Howard County, Texas",MRO,Suspected Physical Attack - Vandalism,Unknown,Unknown,2014,DOE_Electric_Disturbance_Events.xlsx:2014,,True,False,True,Suspected Physical Attack - Vandalism
2014-10-21 00:00:00,08:25:00,2014-10-21 00:00:00,10:08:00,"Carmel, Indiana",MRO,Suspected Cyber Attack,Unknown,Unknown,2014,DOE_Electric_Disturbance_Events.xlsx:2014,,False,False,False,Suspected Cyber Attack
2014-10-22 00:00:00,22:46:00,2014-10-22 00:00:00,22:47:00,"New Hampshire, Maine, Massachusetts, Rhode Island, Connecticut, Vermont",NPCC,Severe Weather,Unknown,66650,2014,DOE_Electric_Disturbance_Events.xlsx:2014,,False,False,False,Severe Weather
2014-10-24 00:00:00,18:16:00,2014-10-25 00:00:00,13:51:00,"Enfield, Connecticut ",NPCC,Suspected Physical Attack - Vandalism,Unknown,Unknown,2014,DOE_Electric_Disturbance_Events.xlsx:2014,,False,False,False,Suspected Physical Attack - Vandalism
2014-10-24 00:00:00,16:00:00,2014-10-24 00:00:00,17:50:00,"Howard County, Texas",MRO,Suspected Physical Attack - Vandalism,Unknown,Unknown,2014,DOE_Electric_Disturbance_Events.xlsx:2014,,True,False,True,Suspected Physical Attack - Vandalism
2014-10-25 00:00:00,16:00:00,2014-10-25 00:00:00,22:00:00,"Greater Portland and Salem, Oregon",WECC,Severe Weather - Wind,216,78000,2014,DOE_Electric_Disturbance_Events.xlsx:2014,,False,False,False,Severe Weather - Wind
2014-10-25 00:00:00,18:00:00,Unknown,Unknown,"King County, Thurston County and Kitsap County,  Washington",WECC,Severe Weather - Wind,154,96000,2014,DOE_Electric_Disturbance_Events.xlsx:2014,,False,False,False,Severe Weather - Wind
1-11-01 00:00:00,,,,,,,,,2014,DOE_Electric_Disturbance_Events.xlsx:2014,,False,False,False,
2014-11-01 00:00:00,01:00:00,2014-11-01 00:00:00,01:01:00,"Portland, Oregon",WECC,Suspected Physical Attack - Vandalism,Unknown,Unknown,2014,DOE_Electric_Disturbance_Events.xlsx:2014,,False,False,False,Suspected Physical Attack - Vandalism
2014-11-02 00:00:00,13:46:00,Unknown,Unknown,"Massachusetts, Maine, Vermont, New Hampshire, Rhode Island, Connecticut",NPCC,Severe Weather - Winter Storm,Unknown,63719,2014,DOE_Electric_Disturbance_Events.xlsx:2014,,False,False,False,Severe Weather - Winter Storm
2014-11-11 00:00:00,18:00:00,2014-11-14 00:00:00,15:00:00,Washington,WECC,Severe Weather - Wind,132,68000,2014,DOE_Electric_Disturbance_Events.xlsx:2014,,False,False,False,Severe Weather - Wind
2014-11-12 00:00:00,02:59:00,2014-11-12 00:00:00,03:00:00,Unknown,SERC,Suspected Physical Attack - Vandalism,Unknown,Unknown,2014,DOE_Electric_Disturbance_Events.xlsx:2014,,False,False,False,Suspected Physical Attack - Vandalism
2014-11-13 00:00:00,07:07:00,2014-11-13 00:00:00,07:08:00,"Howard County,Texas",MRO,Suspected Physical Attack - Vandalism,Unknown,Unknown,2014,DOE_Electric_Disturbance_Events.xlsx:2014,,True,False,True,Suspected Physical Attack - Vandalism
2014-11-14 00:00:00,09:50:00,2014-11-14 00:00:00,13:18:00,"Estacada, Oregon",WECC,Electrical System Islanding,1,123,2014,DOE_Electric_Disturbance_Events.xlsx:2014,,False,False,False,Electrical System Islanding
2014-11-19 00:00:00,14:44:00,2014-11-19 00:00:00,14:45:00,"Victorville, California",WECC,Suspected Physical Attack - Vandalism,Unknown,Unknown,2014,DOE_Electric_Disturbance_Events.xlsx:2014,,False,False,False,Suspected Physical Attack - Vandalism
2014-11-21 00:00:00,20:29:00,2014-11-23 00:00:00,00:16:00,"Twin Falls, Idaho",WECC,Suspected Physical Attack - Vandalism,Unknown,Unknown,2014,DOE_Electric_Disturbance_Events.xlsx:2014,,False,False,False,Suspected Physical Attack - Vandalism
2014-11-21 00:00:00,11:26:00,2014-11-23 00:00:00,17:20:00,"Sand Springs - Fort Rock, Oregon",WECC,Suspected Physical Attack - Vandalism,Unknown,Unknown,2014,DOE_Electric_Disturbance_Events.xlsx:2014,,False,False,False,Suspected Physical Attack - Vandalism
2014-11-24 00:00:00,00:00:00,Unknown,Unknown,"Nebraska, Kansas, Texas, Arkansas, Louisiana, New Mexico",SPP,Fuel Supply Emergency - Coal,Unknown,Unknown,2014,DOE_Electric_Disturbance_Events.xlsx:2014,,True,False,True,Fuel Supply Emergency - Coal
2014-11-24 00:00:00,12:00:00,2014-11-27 00:00:00,13:00:00,Michigan,RFC,Severe Weather - Wind,Unknown,186154,2014,DOE_Electric_Disturbance_Events.xlsx:2014,,False,False,False,Severe Weather - Wind
2014-11-26 00:00:00,17:50:00,2014-11-28 00:00:00,07:00:00,"New Hampshire, Massachusetts, Maine, Rhode Island, Connecticut, Vermont",NPCC,Severe Weather - Winter Storm,Unknown,79530,2014,DOE_Electric_Disturbance_Events.xlsx:2014,,False,False,False,Severe Weather - Winter Storm
1-12-01 00:00:00,,,,,,,,,2014,DOE_Electric_Disturbance_Events.xlsx:2014,,False,False,False,
2014-12-01 00:00:00,10:44:00,2014-12-01 00:00:00,10:45:00,"Fayetteville, North Carolina",SERC,Suspected Physical Attack - Vandalism,Unknown,Unknown,2014,DOE_Electric_Disturbance_Events.xlsx:2014,,False,False,False,Suspected Physical Attack - Vandalism
2014-12-03 00:00:00,12:15:00,2014-12-03 00:00:00,12:16:00,Maine,NPCC,Suspected Physical Attack - Vandalism,Unknown,Unknown,2014,DOE_Electric_Disturbance_Events.xlsx:2014,,False,False,False,Suspected Physical Attack - Vandalism
2014-12-11 00:00:00,06:40:00,Unknown,Unknown,Northern California,WECC,Severe Weather- High Winds,Unknown,Unknown,2014,DOE_Electric_Disturbance_Events.xlsx:2014,,False,False,False,Severe Weather- High Winds
2014-12-11 00:00:00,07:21:00,2014-12-11 00:00:00,21:53:00,"San Francisco, California",WECC,Distribution Interruption - Unknown Cause,225,75000,2014,DOE_Electric_Disturbance_Events.xlsx:2014,,False,False,False,Distribution Interruption - Unknown Cause
2014-12-11 00:00:00,23:15:00,Unknown,Unknown,Northern California,WECC,Severe Weather- High Winds,Unknown,Unknown,2014,DOE_Electric_Disturbance_Events.xlsx:2014,,False,False,False,Severe Weather- High Winds
2014-12-11 00:00:00,16:05:00,2014-12-11 00:00:00,21:00:00,"Portland, Oregon",WECC,Severe Weather- High Winds,250,85470,2014,DOE_Electric_Disturbance_Events.xlsx:2014,,False,False,False,Severe Weather- High Winds
2014-12-11 00:00:00,17:00:00,2014-12-12 00:00:00,10:00:00,"Kitsap, Thurston, Whatcom counties Washington",WECC,Severe Weather- High Winds,116,264000,2014,DOE_Electric_Disturbance_Events.xlsx:2014,,False,False,False,Severe Weather- High Winds
2014-12-17 00:00:00,11:00:00,2014-12-17 00:00:00,12:15:00,Washington,WECC,Suspected Physical Attack,Unknown,Unknown,2014,DOE_Electric_Disturbance_Events.xlsx:2014,,False,False,False,Suspected Physical Attack
2014-12-30 00:00:00,15:50:00,2014-12-31 00:00:00,11:00:00,"New Hampshire, Massachusetts, Maine, Rhode Island, Connecticut, Vermont",NPCC,Suspected Cyber Attack,Unknown,Unknown,2014,DOE_Electric_Disturbance_Events.xlsx:2014,,False,False,False,Suspected Cyber Attack
2014-12-30 00:00:00,13:08:00,2015-01-01 00:00:00,16:50:00,Northern California,WECC,Severe Weather- High Winds,127,84500,2014,DOE_Electric_Disturbance_Events.xlsx:2014,,False,False,False,Severe Weather- High Winds
2015-01-07 00:00:00,17:00:00,2015-01-08 00:00:00,08:35:00,Tennessee,SERC,Severe Weather - Winter,Unknown,Unknown,2015,DOE_Electric_Disturbance_Events.xlsx:2015,Public appeal to reduce the use of electricity,False,False,False,Severe Weather - Winter
2015-01-07 00:00:00,17:00:00,2015-01-08 00:00:00,08:35:00,"Tennessee, Kentucky, Virginia, North Carolina, Georgia, Alabama, Missouri",SERC,Severe Weather - Winter,Unknown,Unknown,2015,DOE_Electric_Disturbance_Events.xlsx:2015,Public appeal to reduce the use of electricity,False,False,False,Severe Weather - Winter
2015-01-22 00:00:00,04:24:00,2015-01-22 00:00:00,05:55:00,"Portland, Oregon",WECC,Vandalism,Unknown,Unknown,2015,DOE_Electric_Disturbance_Events.xlsx:2015,Suspected Physical Attack,False,False,False,Vandalism
2015-01-26 00:00:00,14:39:00,2015-01-26 00:00:00,14:40:00,"Cave Junction, Oregon",WECC,Vandalism,Unknown,Unknown,2015,DOE_Electric_Disturbance_Events.xlsx:2015,Suspected Physical Attack,False,False,False,Vandalism
2015-01-27 00:00:00,10:30:00,2015-01-27 00:00:00,10:31:00,"Kountze, Texas",SERC,Sabotage,0,0,2015,DOE_Electric_Disturbance_Events.xlsx:2015,Suspected Physical Attack,True,False,True,Sabotage
2015-02-01 00:00:00,11:24:00,2015-02-01 00:00:00,11:44:00,"Weber County, Utah",WECC,Vandalism,Unknown,Unknown,2015,DOE_Electric_Disturbance_Events.xlsx:2015,Suspected Physical Attack,False,False,False,Vandalism
2015-02-02 00:00:00,09:40:00,2015-02-02 00:00:00,09:41:00,"Conroe, Texas",TRE,Sabotage,Unknown,Unknown,2015,DOE_Electric_Disturbance_Events.xlsx:2015,Suspected Physical Attack,True,True,True,Sabotage
2015-02-04 00:00:00,11:55:00,2015-02-04 00:00:00,11:56:00,"Vollmers, California",WECC,Vandalism,Unknown,Unknown,2015,DOE_Electric_Disturbance_Events.xlsx:2015,Suspected Physical Attack,False,False,False,Vandalism
2015-02-05 00:00:00,08:15:00,2015-02-05 00:00:00,08:17:00,"Cameron, Arizona",WECC,Vandalism,Unknown,Unknown,2015,DOE_Electric_Disturbance_Events.xlsx:2015,Suspected Physical Attack,False,False,False,Vandalism
2015-02-05 00:00:00,11:20:00,2015-02-05 00:00:00,11:21:00,"Dunismuir, California",WECC,Vandalism,Unknown,Unknown,2015,DOE_Electric_Disturbance_Events.xlsx:2015,Suspected Physical Attack,False,False,False,Vandalism
2015-02-06 00:00:00,20:58:00,Unknown,Unknown,Northern California,WECC,Severe Weather - Wind,Unknown,65000,2015,DOE_Electric_Disturbance_Events.xlsx:2015,"Loss of electric service to more than 50,000 customers for 1 hour or more",False,False,False,Severe Weather - Wind
2015-02-09 00:00:00,11:30:00,2015-02-09 00:00:00,13:15:00,"Colorado Springs, Colorado",WECC,Sabotage,Unknown,Unknown,2015,DOE_Electric_Disturbance_Events.xlsx:2015,Suspected Physical Attack,False,False,False,Sabotage
2015-02-16 00:00:00,21:41:00,2015-02-18 00:00:00,07:00:00,"Northern/North Eastern, Georgia",SERC,Severe Weather - Winter,620,186035,2015,DOE_Electric_Disturbance_Events.xlsx:2015,"Loss of electric service to more than 50,000 customers for 1 hour or more",False,False,False,Severe Weather - Winter
2015-02-16 00:00:00,21:00:00,2015-02-18 00:00:00,14:00:00,"Tennessee, Kentucky, Virginia, North Carolina, Georgia, Alabama, Missouri",SERC,Severe Weather - Winter,Unknown,67189,2015,DOE_Electric_Disturbance_Events.xlsx:2015,"Loss of electric service to more than 50,000 customers for 1 hour or more",False,False,False,Severe Weather - Winter
2015-02-17 00:00:00,09:00:00,2015-02-18 00:00:00,23:00:00,"North Carolina, South Carolina",SERC,Severe Weather - Winter,Unknown,52000,2015,DOE_Electric_Disturbance_Events.xlsx:2015,"Loss of electric service to more than 50,000 customers for 1 hour or more",False,False,False,Severe Weather - Winter
2015-02-17 00:00:00,02:12:00,2015-02-18 00:00:00,16:00:00,"North Carolina, South Carolina",SERC,Severe Weather - Winter,Unknown,68000,2015,DOE_Electric_Disturbance_Events.xlsx:2015,"Loss of electric service to more than 50,000 customers for 1 hour or more",False,False,False,Severe Weather - Winter
2015-02-17 00:00:00,06:20:00,2015-02-17 00:00:00,07:30:00,"Prescott Valley, Arizona",WECC,Vandalism,Unknown,Unknown,2015,DOE_Electric_Disturbance_Events.xlsx:2015,Suspected Physical Attack,False,False,False,Vandalism
2015-02-18 00:00:00,15:00:00,2015-02-20 00:00:00,09:00:00,"Tennessee, Kentucky, Virginia, North Carolina, Georgia, Alabama, Missouri",SERC,Severe Weather - Winter,Unknown,Unknown,2015,DOE_Electric_Disturbance_Events.xlsx:2015,Public appeal to reduce the use of electricity,False,False,False,Severe Weather - Winter
2015-02-19 00:00:00,14:30:00,2015-02-19 00:00:00,15:20:00,"Winslow, Arizona",WECC,Vandalism,Unknown,Unknown,2015,DOE_Electric_Disturbance_Events.xlsx:2015,Suspected Physical Attack,False,False,False,Vandalism
2015-02-20 00:00:00,06:00:00,2015-02-20 00:00:00,10:00:00,"North Carolina, South Carolina",SERC,Severe Weather - Winter,Unknown,Unknown,2015,DOE_Electric_Disturbance_Events.xlsx:2015,System-wide voltage reductions of 3 percent or more,False,False,False,Severe Weather - Winter
2015-02-21 00:00:00,08:34:00,2015-02-21 00:00:00,12:45:00,"Fentress County, Tennessee",SERC,Severe Weather - Winter,Unknown,50000,2015,DOE_Electric_Disturbance_Events.xlsx:2015,"Loss of electric service to more than 50,000 customers for 1 hour or more",False,False,False,Severe Weather - Winter
2015-02-26 00:00:00,03:12:00,2015-02-26 00:00:00,20:00:00,"North Carolina, South Carolina",SERC,Severe Weather - Winter,Unknown,124000,2015,DOE_Electric_Disturbance_Events.xlsx:2015,"Loss of electric service to more than 50,000 customers for 1 hour or more",False,False,False,Severe Weather - Winter
2015-02-26 00:00:00,03:30:00,2015-02-27 00:00:00,12:00:00,North Carolina ,SERC,Severe Weather - Winter,400,103776,2015,DOE_Electric_Disturbance_Events.xlsx:2015,"Loss of electric service to more than 50,000 customers for 1 hour or more",False,False,False,Severe Weather - Winter
2015-03-04 00:00:00,09:05:00,2015-03-04 00:00:00,14:15:00,"Johnson City , Tennessee",SERC,Vandalism,Unknown,Unknown,2015,DOE_Electric_Disturbance_Events.xlsx:2015,Suspected Physical Attack,False,False,False,Vandalism
2015-03-09 00:00:00,23:50:00,2015-03-10 00:00:00,10:53:00,Washington,WECC,Vandalism,Unknown,Unknown,2015,DOE_Electric_Disturbance_Events.xlsx:2015,Suspected Physical Attack,False,False,False,Vandalism
2015-03-15 00:00:00,15:30:00,2015-03-15 00:00:00,19:00:00,"Greater Portland & Salem , Oregon",WECC,Severe Weather - Wind,210,71000,2015,DOE_Electric_Disturbance_Events.xlsx:2015,"Loss of electric service to more than 50,000 customers for 1 hour or more",False,False,False,Severe Weather - Wind
2015-03-16 00:00:00,07:31:00,2015-03-16 00:00:00,10:06:00,"Winona , Minnesota",MRO,Sabotage,20,5941,2015,DOE_Electric_Disturbance_Events.xlsx:2015,Suspected Physical Attack,False,False,False,Sabotage
2015-03-19 00:00:00,18:30:00,2015-03-19 00:00:00,21:37:00,Southwest Kansas,SPP,Vandalism,Unknown,Unknown,2015,DOE_Electric_Disturbance_Events.xlsx:2015,Suspected Physical Attack,False,False,False,Vandalism
2015-03-22 00:00:00,16:25:00,2015-03-22 00:00:00,16:26:00,West Virginia,RFC,Vandalism,24,0,2015,DOE_Electric_Disturbance_Events.xlsx:2015,Suspected Physical Attack,False,False,False,Vandalism
2015-03-26 00:00:00,15:21:00,2015-03-26 00:00:00,16:59:00,"Contra Costa County, California",WECC,System Operations,15,Unknown,2015,DOE_Electric_Disturbance_Events.xlsx:2015,Electrical System Separation (Islanding) where part or parts of a power grid remain(s) operational,False,False,False,System Operations
2015-03-29 00:00:00,04:26:00,2015-03-29 00:00:00,09:21:00,California,WECC,Vandalism,Unknown,Unknown,2015,DOE_Electric_Disturbance_Events.xlsx:2015,Suspected Physical Attack,False,False,False,Vandalism
2015-04-01 00:00:00,18:25:00,2015-04-01 00:00:00,18:26:00,"San Juan County, Utah",WECC,Vandalism,Unknown,37,2015,DOE_Electric_Disturbance_Events.xlsx:2015,Suspected Physical Attack,False,False,False,Vandalism
2015-04-02 00:00:00,07:04:00,2015-04-02 00:00:00,08:57:00,"San Juan County, Utah",WECC,Vandalism,6,5763,2015,DOE_Electric_Disturbance_Events.xlsx:2015,Suspected Physical Attack,False,False,False,Vandalism
2015-04-03 00:00:00,02:00:00,2015-04-03 00:00:00,07:48:00,"Harvey, Reno, and Sedgwick Counties, Kansas",SPP,Severe Weather - Thunderstorms,Unknown,70000,2015,DOE_Electric_Disturbance_Events.xlsx:2015,"Loss of electric service to more than 50,000 customers for 1 hour or more",False,False,False,Severe Weather - Thunderstorms
2015-04-06 00:00:00,08:12:00,2015-04-06 00:00:00,12:08:00,"Butte County, California",WECC,System Operations,Unknown,80000,2015,DOE_Electric_Disturbance_Events.xlsx:2015,"Loss of electric service to more than 50,000 customers for 1 hour or more",False,False,False,System Operations
2015-04-07 00:00:00,12:30:00,2015-04-07 00:00:00,17:34:00,Unknown ,RFC,System Operations,Unknown,Unknown,2015,DOE_Electric_Disturbance_Events.xlsx:2015,Uncontrolled loss of 300 Megawatts or more of firm system loads for more than 15 minutes from a single incident,False,False,False,System Operations
2015-04-07 00:00:00,15:34:00,2015-04-07 00:00:00,15:46:00,California,WECC,System Operations,0,0,2015,DOE_Electric_Disturbance_Events.xlsx:2015,Electrical System Separation (Islanding) where part or parts of a power grid remain(s) operational,False,False,False,System Operations
2015-04-17 00:00:00,21:30:00,2015-04-19 00:00:00,23:50:00,"Houston, Texas",TRE,Severe Weather,Unknown,280982,2015,DOE_Electric_Disturbance_Events.xlsx:2015,"Loss of electric service to more than 50,000 customers for 1 hour or more",True,True,True,Severe Weather
2015-04-17 00:00:00,09:16:00,2015-04-17 00:00:00,11:00:00,Canada ,WECC,System Operations,9300,Unknown,2015,DOE_Electric_Disturbance_Events.xlsx:2015,Electrical System Separation (Islanding) where part or parts of a power grid remain(s) operational,False,False,False,System Operations
2015-04-18 00:00:00,21:00:00,2015-04-21 00:00:00,04:00:00,"Dallas, Fort Worth, Texas",TRE,Severe Weather,Unknown,89000,2015,DOE_Electric_Disturbance_Events.xlsx:2015,"Loss of electric service to more than 50,000 customers for 1 hour or more",True,True,True,Severe Weather
2015-04-24 00:00:00,19:10:00,2015-04-26 00:00:00,16:00:00,"Dallas, Fort Worth, Texas",TRE,Severe Weather,Unknown,57000,2015,DOE_Electric_Disturbance_Events.xlsx:2015,"Loss of electric service to more than 50,000 customers for 1 hour or more",True,True,True,Severe Weather
2015-04-27 00:00:00,10:30:00,2015-04-28 00:00:00,18:45:00,Louisiana and Texas,SERC,Severe Weather,Unknown,199000,2015,DOE_Electric_Disturbance_Events.xlsx:2015,"Loss of electric service to more than 50,000 customers for 1 hour or more",True,False,True,Severe Weather
2015-05-02 00:00:00,22:51:00,2015-05-03 00:00:00,00:26:00,"Franklin County, Tennessee",SERC,Vandalism,1,215,2015,DOE_Electric_Disturbance_Events.xlsx:2015,Suspected Physical Attack,False,False,False,Vandalism
2015-05-04 00:00:00,15:25:00,2015-05-04 00:00:00,15:26:00,"Salt Lake County, Utah",WECC,Vandalism,Unknown,Unknown,2015,DOE_Electric_Disturbance_Events.xlsx:2015,Suspected Physical Attack,False,False,False,Vandalism
2015-05-11 00:00:00,08:32:00,2015-05-11 00:00:00,08:33:00,"Shasta County, California",WECC,Sabotage,0,0,2015,DOE_Electric_Disturbance_Events.xlsx:2015,Suspected Physical Attack,False,False,False,Sabotage
2015-05-12 00:00:00,00:40:00,2015-05-12 00:00:00,00:45:00,"Coahoma County, Mississippi",SERC,Sabotage,0,0,2015,DOE_Electric_Disturbance_Events.xlsx:2015,Suspected Physical Attack,False,False,False,Sabotage
2015-05-18 00:00:00,15:28:00,2015-05-18 00:00:00,15:47:00,Washington,WECC,Severe Weather,275,0,2015,DOE_Electric_Disturbance_Events.xlsx:2015,Electrical System Separation (Islanding) where part or parts of a power grid remain(s) operational,False,False,False,Severe Weather
2015-05-25 00:00:00,18:00:00,2015-05-29 00:00:00,07:15:00,North Texas,TRE,Severe Weather,Unknown,454000,2015,DOE_Electric_Disturbance_Events.xlsx:2015,"Loss of electric service to more than 50,000 customers for 1 hour or more",True,True,True,Severe Weather
2015-05-25 00:00:00,22:45:00,2015-05-28 00:00:00,01:25:00,"Fort Bend County, & Harris County ,Texas",TRE,Severe Weather,Unknown,61000,2015,DOE_Electric_Disturbance_Events.xlsx:2015,"Loss of electric service to more than 50,000 customers for 1 hour or more",True,True,True,Severe Weather
2015-05-25 00:00:00,20:30:00,2015-05-26 00:00:00,18:30:00,Texas,SPP,Severe Weather,Unknown,57531,2015,DOE_Electric_Disturbance_Events.xlsx:2015,"Loss of electric service to more than 50,000 customers for 1 hour or more",True,False,True,Severe Weather
2015-05-25 00:00:00,20:30:00,Unknown,Unknown,"Texas, Louisiana, Arkansas",SPP,Severe Weather,Unknown,57351,2015,DOE_Electric_Disturbance_Events.xlsx:2015,"Loss of electric service to more than 50,000 customers for 1 hour or more",True,False,True,Severe Weather
2015-05-26 00:00:00,05:30:00,2015-05-27 00:00:00,19:00:00,"Texas, Louisiana, Arkansas, Mississippi",SERC,Severe Weather,Unknown,78515,2015,DOE_Electric_Disturbance_Events.xlsx:2015,"Loss of electric service to more than 50,000 customers for 1 hour or more",True,False,True,Severe Weather
2015-06-01 00:00:00,00:27:00,2015-06-01 00:00:00,02:15:00,"Daviess County, Kentucky",SERC,Vandalism,2,110,2015,DOE_Electric_Disturbance_Events.xlsx:2015,Suspected Physical Attack,False,False,False,Vandalism
2015-06-01 00:00:00,19:19:00,2015-06-02 00:00:00,08:36:00,California,WECC,System Operations,5,484,2015,DOE_Electric_Disturbance_Events.xlsx:2015,Electrical System Separation (Islanding) where part or parts of a power grid remain(s) operational,False,False,False,System Operations
2015-06-02 00:00:00,18:58:00,2015-06-02 00:00:00,19:24:00,California,WECC,System Operations,5,727,2015,DOE_Electric_Disturbance_Events.xlsx:2015,Electrical System Separation (Islanding) where part or parts of a power grid remain(s) operational,False,False,False,System Operations
2015-06-03 00:00:00,15:00:00,2015-06-05 00:00:00,17:00:00,Texas,TRE,System Operations,Unknown,Unknown,2015,DOE_Electric_Disturbance_Events.xlsx:2015,Public appeal to reduce the use of electricity,True,True,True,System Operations
2015-06-07 00:00:00,13:54:00,2015-06-07 00:00:00,14:13:00,"Shelby County, Tennessee",SERC,System Operations,926,Unknown,2015,DOE_Electric_Disturbance_Events.xlsx:2015,"Uncontrolled loss of 300 Megawatts or more of firm system loads for more than 15 minutes from a single incident

System-wide voltage reductions of 3 percent or more",False,False,False,System Operations
2015-06-07 00:00:00,13:52:00,2015-06-07 00:00:00,14:13:00,Tennessee,SERC,System Operations,Unknown,Unknown,2015,DOE_Electric_Disturbance_Events.xlsx:2015,Uncontrolled loss of 300 Megawatts or more of firm system loads for more than 15 minutes from a single incident,False,False,False,System Operations
2015-06-08 00:00:00,00:00:00,Unknown,Unknown,"Merced County, California",WECC,System Operations,176,Unknown,2015,DOE_Electric_Disturbance_Events.xlsx:2015,Fuel supply emergencies that could impact electric power system adequacy or reliability,False,False,False,System Operations
2015-06-20 00:00:00,13:52:00,2015-06-20 00:00:00,15:30:00,"Solano County, California",WECC,Vandalism,Unknown,0,2015,DOE_Electric_Disturbance_Events.xlsx:2015,Suspected Physical Attack,False,False,False,Vandalism
2015-06-23 00:00:00,18:00:00,2015-06-30 00:00:00,18:00:00,"Gloucester County, Burlington County, Atlantic County, Cape May County, New Jersey",RFC,Severe Weather,Unknown,263000,2015,DOE_Electric_Disturbance_Events.xlsx:2015,"Loss of electric service to more than 50,000 customers for 1 hour or more",False,False,False,Severe Weather
2015-06-23 00:00:00,17:06:00,2015-06-26 00:00:00,16:00:00,"New Castle County, Delaware",RFC,Severe Weather,Unknown,65000,2015,DOE_Electric_Disturbance_Events.xlsx:2015,"Loss of electric service to more than 50,000 customers for 1 hour or more",False,False,False,Severe Weather
2015-06-23 00:00:00,17:30:00,2015-06-23 00:00:00,19:00:00,"Delaware County, PA; Chester County, PA",RFC,Severe Weather,Unknown,200000,2015,DOE_Electric_Disturbance_Events.xlsx:2015,"Loss of electric service to more than 50,000 customers for 1 hour or more",False,False,False,Severe Weather
2015-06-23 00:00:00,18:30:00,2015-06-24 00:00:00,05:00:00,"Connecticut, Maine, Massachusetts, New Hampshire, Rhode Island, Vermont",NPCC,Severe Weather,Unknown,62442,2015,DOE_Electric_Disturbance_Events.xlsx:2015,"Loss of electric service to more than 50,000 customers for 1 hour or more",False,False,False,Severe Weather
2015-06-23 00:00:00,18:18:00,2015-06-23 00:00:00,20:30:00,New Jersey,RFC,System Operations,198,156338,2015,DOE_Electric_Disturbance_Events.xlsx:2015,"Load shedding of 100 Megawatts or more implemented under emergency operational policy

Loss of electric service to more than 50,000 customers for 1 hour or more",False,False,False,System Operations
2015-06-23 00:00:00,18:26:00,Unknown,Unknown,New Jersey,NPCC,Severe Weather,90,73000,2015,DOE_Electric_Disturbance_Events.xlsx:2015,"Loss of electric service to more than 50,000 customers for 1 hour or more",False,False,False,Severe Weather
2015-06-26 00:00:00,02:00:00,Unknown,Unknown,Kansas,SPP,Severe Weather,Unknown,110000,2015,DOE_Electric_Disturbance_Events.xlsx:2015,"Loss of electric service to more than 50,000 customers for 1 hour or more",False,False,False,Severe Weather
2015-06-27 00:00:00,17:00:00,2015-06-30 00:00:00,17:18:00,"Wayne County, Michigan",RFC,Severe Weather,Unknown,68000,2015,DOE_Electric_Disturbance_Events.xlsx:2015,"Loss of electric service to more than 50,000 customers for 1 hour or more",False,False,False,Severe Weather
2015-06-29 00:00:00,19:21:00,2015-06-29 00:00:00,19:42:00,Washington,WECC,Severe Weather,0,0,2015,DOE_Electric_Disturbance_Events.xlsx:2015,Electrical System Separation (Islanding) where part or parts of a power grid remain(s) operational,False,False,False,Severe Weather
2015-06-30 00:00:00,14:00:00,2015-06-30 00:00:00,21:00:00,California,WECC,Severe Weather,Unknown,Unknown,2015,DOE_Electric_Disturbance_Events.xlsx:2015,Public appeal to reduce the use of electricity,False,False,False,Severe Weather
2015-06-30 00:00:00,10:50:00,2015-07-01 00:00:00,21:00:00,California,WECC,Severe Weather,Unknown,Unknown,2015,DOE_Electric_Disturbance_Events.xlsx:2015,Public appeal to reduce the use of electricity,False,False,False,Severe Weather
2015-07-03 00:00:00,08:30:00,2015-07-03 00:00:00,14:30:00,"Butte County, California",WECC,Suspicious Activity ,0,0,2015,DOE_Electric_Disturbance_Events.xlsx:2015,Suspected Physical Attack,False,False,False,Suspicious Activity
2015-07-03 00:00:00,17:17:00,2015-07-03 00:00:00,23:30:00,Texas,TRE,System Operations,350,30000,2015,DOE_Electric_Disturbance_Events.xlsx:2015,Uncontrolled loss of 300 Megawatts or more of firm system loads for more than 15 minutes from a single incident,True,True,True,System Operations
2015-07-13 00:00:00,14:14:00,2015-07-16 00:00:00,06:00:00,"Ohio, Kentucky",RFC,Severe Weather,480,68339,2015,DOE_Electric_Disturbance_Events.xlsx:2015,"Loss of electric service to more than 50,000 customers for 1 hour or more",False,False,False,Severe Weather
2015-07-13 00:00:00,19:40:00,2015-07-15 00:00:00,12:15:00,Virginia,RFC,Severe Weather,Unknown,52739,2015,DOE_Electric_Disturbance_Events.xlsx:2015,"Loss of electric service to more than 50,000 customers for 1 hour or more",False,False,False,Severe Weather
2015-07-14 00:00:00,15:29:00,2015-07-15 00:00:00,11:55:00,Arkansas,SPP,Severe Weather,Unknown,Unknown,2015,DOE_Electric_Disturbance_Events.xlsx:2015,Uncontrolled loss of 300 Megawatts or more of firm system loads for more than 15 minutes from a single incident,False,False,False,Severe Weather
2015-07-14 00:00:00,20:00:00,2015-07-15 00:00:00,09:23:00,Alabama,SERC,Severe Weather,366,111644,2015,DOE_Electric_Disturbance_Events.xlsx:2015,"Loss of electric service to more than 50,000 customers for 1 hour or more",False,False,False,Severe Weather
2015-07-15 00:00:00,02:00:00,2015-07-15 00:00:00,02:55:00,California,WECC,System Operations,360,0,2015,DOE_Electric_Disturbance_Events.xlsx:2015,Uncontrolled loss of 300 Megawatts or more of firm system loads for more than 15 minutes from a single incident,False,False,False,System Operations
2015-07-16 00:00:00,16:45:00,2015-07-16 00:00:00,17:48:00,Texas,SPP,System Operations,117,17311,2015,DOE_Electric_Disturbance_Events.xlsx:2015,Load shedding of 100 Megawatts or more implemented under emergency operational policy,True,False,True,System Operations
2015-07-18 00:00:00,02:00:00,2015-07-19 00:00:00,07:00:00,"Henepin and Ramsey County, Minnesota",MRO,Severe Weather,250,250000,2015,DOE_Electric_Disturbance_Events.xlsx:2015,"Loss of electric service to more than 50,000 customers for 1 hour or more",False,False,False,Severe Weather
2015-07-18 00:00:00,18:26:00,2015-07-18 00:00:00,21:03:00,California,WECC,System Operations,30,70,2015,DOE_Electric_Disturbance_Events.xlsx:2015,Electrical System Separation (Islanding) where part or parts of a power grid remain(s) operational,False,False,False,System Operations
2015-07-18 00:00:00,19:59:00,2015-07-18 00:00:00,22:45:00,California,WECC,Severe Weather,160,78164,2015,DOE_Electric_Disturbance_Events.xlsx:2015,"Loss of electric service to more than 50,000 customers for 1 hour or more",False,False,False,Severe Weather
2015-07-21 00:00:00,12:47:00,2015-07-21 00:00:00,13:12:00,Washington,WECC,System Operations,200,Unknown,2015,DOE_Electric_Disturbance_Events.xlsx:2015,Load shedding of 100 Megawatts or more implemented under emergency operational policy,False,False,False,System Operations
2015-07-27 00:00:00,03:52:00,2015-07-27 00:00:00,04:36:00,California,WECC,System Operations,Unknown,484,2015,DOE_Electric_Disturbance_Events.xlsx:2015,Electrical System Separation (Islanding) where part or parts of a power grid remain(s) operational,False,False,False,System Operations
2015-07-28 00:00:00,12:05:00,2015-07-28 00:00:00,12:26:00,Puerto Rico,,System Operations,150,Unknown,2015,DOE_Electric_Disturbance_Events.xlsx:2015,System-wide voltage reductions of 3 percent or more,False,False,False,System Operations
2015-07-29 00:00:00,16:45:00,2015-07-29 00:00:00,21:00:00,New York,NPCC,System Operations,500,0,2015,DOE_Electric_Disturbance_Events.xlsx:2015,Fuel supply emergencies that could impact electric power system adequacy or reliability,False,False,False,System Operations
2015-07-30 00:00:00,09:50:00,2015-07-30 00:00:00,19:00:00,Texas,TRE,System Operations,Unknown,Unknown,2015,DOE_Electric_Disturbance_Events.xlsx:2015,Public appeal to reduce the use of electricity,True,True,True,System Operations
2015-07-30 00:00:00,13:00:00,Unknown,Unknown,Tennessee,SERC,Vandalism,0,0,2015,DOE_Electric_Disturbance_Events.xlsx:2015,Suspected Physical Attack,False,False,False,Vandalism
2015-07-31 00:00:00,10:55:00,Unknown,Unknown,Washington,WECC,System Operations,9,0,2015,DOE_Electric_Disturbance_Events.xlsx:2015,Electrical System Separation (Islanding) where part or parts of a power grid remain(s) operational,False,False,False,System Operations
2015-08-02 00:00:00,17:45:00,2015-08-04 00:00:00,03:00:00,Michigan: Emmet County; Grand Traverse County; Leelanau County; Kalkaska County; Benzie County; Manistee County; Wexford County; Missaukee County; Mecosta County; ,RFC,Severe Weather,Unknown,162000,2015,DOE_Electric_Disturbance_Events.xlsx:2015,"Loss of electric service to more than 50,000 customers for 1 hour or more",False,False,False,Severe Weather
2015-08-03 00:00:00,00:30:00,2015-08-03 00:00:00,02:00:00,Illinois,RFC,Severe Weather,Unknown,115000,2015,DOE_Electric_Disturbance_Events.xlsx:2015,"Loss of electric service to more than 50,000 customers for 1 hour or more",False,False,False,Severe Weather
2015-08-03 00:00:00,01:00:00,2015-08-05 00:00:00,00:00:00,Michigan,RFC,Severe Weather,Unknown,72520,2015,DOE_Electric_Disturbance_Events.xlsx:2015,"Loss of electric service to more than 50,000 customers for 1 hour or more",False,False,False,Severe Weather
2015-08-03 00:00:00,08:27:00,2015-08-04 00:00:00,01:18:00,Arizona: New Mexico,WECC,Sabotage,0,Unknown,2015,DOE_Electric_Disturbance_Events.xlsx:2015,Suspected Physical Attack,False,False,False,Sabotage
2015-08-04 00:00:00,07:17:00,2015-08-05 00:00:00,12:52:00,Massachusetts: Rhode Island:,NPCC,Severe Weather,Unknown,132000,2015,DOE_Electric_Disturbance_Events.xlsx:2015,"Loss of electric service to more than 50,000 customers for 1 hour or more",False,False,False,Severe Weather
2015-08-11 00:00:00,19:30:00,2015-08-13 00:00:00,04:05:00,Texas: Houston;,TRE,Severe Weather,Unknown,100000,2015,DOE_Electric_Disturbance_Events.xlsx:2015,"Loss of electric service to more than 50,000 customers for 1 hour or more",True,True,True,Severe Weather
2015-08-13 00:00:00,15:15:00,2015-08-13 00:00:00,19:00:00,Texas: Williamson County;,TRE,Other,Unknown,Unknown,2015,DOE_Electric_Disturbance_Events.xlsx:2015,Public appeal to reduce the use of electricity,True,True,True,Other
2015-08-27 00:00:00,21:51:00,2015-08-28 00:00:00,18:00:00,Puerto Rico,WECC,System Operations,360,Unknown,2015,DOE_Electric_Disturbance_Events.xlsx:2015,"Uncontrolled loss of 300 Megawatts or more of firm system loads for more than 15 minutes from a single incident / Loss of electric service to more than 50,000 customers for 1 hour or more",False,False,False,System Operations
2015-08-29 00:00:00,10:00:00,Unknown,Unknown,Washington,WECC,Severe Weather,Unknown,500000,2015,DOE_Electric_Disturbance_Events.xlsx:2015,"Loss of electric service to more than 50,000 customers for 1 hour or more",False,False,False,Severe Weather
2015-08-29 00:00:00,11:00:00,2015-09-04 00:00:00,15:00:00,"King County, Skagit County, Whatcom County, Kitsap County, Pierce County, Thurston County, Island County, Washington",WECC,Severe Weather,250,250000,2015,DOE_Electric_Disturbance_Events.xlsx:2015,"Loss of electric service to more than 50,000 customers for 1 hour or more",False,False,False,Severe Weather
2015-08-29 00:00:00,13:00:00,2015-08-31 00:00:00,07:00:00,Washington: King County;,WECC,Severe Weather,1200,64000,2015,DOE_Electric_Disturbance_Events.xlsx:2015,"Loss of electric service to more than 50,000 customers for 1 hour or more",False,False,False,Severe Weather
2015-09-03 00:00:00,02:33:00,2015-09-03 00:00:00,06:25:00,Michigan,RFC,Severe Weather,Unknown,50114,2015,DOE_Electric_Disturbance_Events.xlsx:2015,"Loss of electric service to more than 50,000 customers for 1 hour or more",False,False,False,Severe Weather
2015-09-13 00:00:00,17:56:00,2015-09-13 00:00:00,20:37:00,New York: Dutchess County;,NPCC,Vandalism,0,0,2015,DOE_Electric_Disturbance_Events.xlsx:2015,Suspected Physical Attack,False,False,False,Vandalism
2015-09-20 00:00:00,13:12:00,2015-09-20 00:00:00,13:44:00,California,WECC,System Operations,150,Unknown,2015,DOE_Electric_Disturbance_Events.xlsx:2015,Load shedding of 100 Megawatts or more implemented under emergency operational policy,False,False,False,System Operations
2015-09-29 00:00:00,15:40:00,2015-09-29 00:00:00,15:41:00,Oregon,WECC,Vandalism,Unknown,Unknown,2015,DOE_Electric_Disturbance_Events.xlsx:2015,Suspected Physical Attack,False,False,False,Vandalism
2015-10-13 00:00:00,06:30:00,2015-10-13 00:00:00,08:30:00,Utah: Emery County;,WECC,Vandalism,0,0,2015,DOE_Electric_Disturbance_Events.xlsx:2015,Suspected Physical Attack,False,False,False,Vandalism
2015-10-13 00:00:00,10:25:00,2015-10-13 00:00:00,18:00:00,Texas,TRE,Other,Unknown,Unknown,2015,DOE_Electric_Disturbance_Events.xlsx:2015,Public appeal to reduce the use of electricity,True,True,True,Other
2015-10-13 00:00:00,16:32:00,2015-10-13 00:00:00,20:39:00,California,WECC,Other,41788,Unknown,2015,DOE_Electric_Disturbance_Events.xlsx:2015,Public appeal to reduce the use of electricity,False,False,False,Other
2015-10-16 00:00:00,12:25:00,2015-10-16 00:00:00,12:56:00,Utah ,WECC,Vandalism,0,0,2015,DOE_Electric_Disturbance_Events.xlsx:2015,Suspected Physical Attack,False,False,False,Vandalism
2015-10-18 00:00:00,07:00:00,2015-10-18 00:00:00,23:29:00,California: Central Coast area;,WECC,Severe Weather,88,55677,2015,DOE_Electric_Disturbance_Events.xlsx:2015,"Loss of electric service to more than 50,000 customers for 1 hour or more",False,False,False,Severe Weather
2015-10-23 00:00:00,09:42:00,2015-10-23 00:00:00,13:26:00,Puerto Rico,,System Operations,500,300000,2015,DOE_Electric_Disturbance_Events.xlsx:2015,"Electrical System Separation (Islanding) where part or parts of power grid remain(s) operational / Load shedding of 100 Megawatts or more implemented under emergency operational policy / System-wide voltage reductions of 3 percent of more / Loss of electric service to more than 50,000 customers for 1 hour or more",False,False,False,System Operations
2015-10-28 00:00:00,13:38:00,2015-10-29 00:00:00,17:00:00,Pennsylvania: Columbia County; Montour County; Northumberland County;,RFC,Other,Unknown,35000,2015,DOE_Electric_Disturbance_Events.xlsx:2015,Suspected Physical Attack,False,False,False,Other
2015-10-30 00:00:00,15:00:00,2015-10-30 00:00:00,16:00:00,Oregon: Josephine County;,WECC,Other,0,0,2015,DOE_Electric_Disturbance_Events.xlsx:2015,Suspected Physical Attack,False,False,False,Other
2015-10-31 00:00:00,00:45:00,2015-11-01 00:00:00,16:05:00,Texas: Harris County;,TRE,Severe Weather,Unknown,130252,2015,DOE_Electric_Disturbance_Events.xlsx:2015,"Loss of electric service to more than 50,000 customers for 1 hour or more",True,True,True,Severe Weather
2015-11-01 00:00:00,11:53:00,2015-11-01 00:00:00,12:00:00,Ohio: Hamilton County;,RFC,Vandalism,0,0,2015,DOE_Electric_Disturbance_Events.xlsx:2015,Suspected Physical Attack,False,False,False,Vandalism
2015-11-02 00:00:00,17:37:00,2015-11-04 00:00:00,09:00:00,Arkansas: Hot Spring County;,SERC,Sabotage,4,0,2015,DOE_Electric_Disturbance_Events.xlsx:2015,Suspected Physical Attack,False,False,False,Sabotage
2015-11-10 00:00:00,12:00:00,2015-11-10 00:00:00,14:00:00,Indiana: Dearborn County;,RFC,Sabotage,0,0,2015,DOE_Electric_Disturbance_Events.xlsx:2015,Suspected Physical Attack,False,False,False,Sabotage
2015-11-13 00:00:00,11:30:00,2015-11-13 00:00:00,11:35:00,New York,NPCC,Suspicious Activity ,Unknown,Unknown,2015,DOE_Electric_Disturbance_Events.xlsx:2015,Suspected Physical Attack,False,False,False,Suspicious Activity
2015-11-17 00:00:00,09:00:00,Unknown,Unknown,Washington: Snohomish County;,WECC,Severe Weather,900,89000,2015,DOE_Electric_Disturbance_Events.xlsx:2015,"Loss of electric service to more than 50,000 customers for 1 hour or more",False,False,False,Severe Weather
2015-11-17 00:00:00,10:00:00,Unknown,Unknown,Washington,WECC,Severe Weather,Unknown,300000,2015,DOE_Electric_Disturbance_Events.xlsx:2015,"Loss of electric service to more than 50,000 customers for 1 hour or more",False,False,False,Severe Weather
2015-11-17 00:00:00,13:30:00,Unknown,Unknown,"Washington: Stevens County, Lincoln County, Adams County, Whitman County, Spokane County; Idaho: Bonner County, Kootenai County, Shoshone County, Benewah County, Idaho County;",WECC,Severe Weather,Unknown,182000,2015,DOE_Electric_Disturbance_Events.xlsx:2015,"Loss of electric service to more than 50,000 customers for 1 hour or more",False,False,False,Severe Weather
2015-11-21 00:00:00,20:30:00,2015-11-23 00:00:00,01:00:00,Michigan,RFC,Severe Weather,Unknown,60000,2015,DOE_Electric_Disturbance_Events.xlsx:2015,"Loss of electric service to more than 50,000 customers for 1 hour or more",False,False,False,Severe Weather
2015-11-28 00:00:00,06:00:00,2015-11-30 00:00:00,13:00:00,Oklahoma,SPP,Severe Weather,Unknown,55609,2015,DOE_Electric_Disturbance_Events.xlsx:2015,"Loss of electric service to more than 50,000 customers for 1 hour or more",False,False,False,Severe Weather
2015-11-28 00:00:00,06:00:00,Unknown,Unknown,Oklahoma,SPP,Severe Weather,Unknown,35000,2015,DOE_Electric_Disturbance_Events.xlsx:2015,"Loss of electric service to more than 50,000 customers for 1 hour or more",False,False,False,Severe Weather
2015-11-29 00:00:00,16:48:00,2015-11-29 00:00:00,18:20:00,Puerto Rico,,System Operations,0,0,2015,DOE_Electric_Disturbance_Events.xlsx:2015,System-wide voltage reductions of 3 percent or more,False,False,False,System Operations
2015-11-30 00:00:00,06:18:00,2015-11-30 00:00:00,21:18:00,Puerto Rico,,System Operations,100,86559,2015,DOE_Electric_Disturbance_Events.xlsx:2015,System-wide voltage reductions of 3 percent or more,False,False,False,System Operations
2015-12-02 00:00:00,13:03:00,2015-12-03 00:00:00,12:29:00,Kansas: Thomas County;,SPP,Vandalism,0,0,2015,DOE_Electric_Disturbance_Events.xlsx:2015,Suspected Physical Attack,False,False,False,Vandalism
2015-12-05 00:00:00,21:00:00,2015-12-05 00:00:00,22:30:00,Kansas,SPP,Vandalism,0,0,2015,DOE_Electric_Disturbance_Events.xlsx:2015,Suspected Physical Attack,False,False,False,Vandalism
2015-12-05 00:00:00,19:22:00,2015-12-06 00:00:00,05:27:00,"New York: Orange County, Sullivan County; Pennsylvania: Pike County;",NPCC,Other,110,52476,2015,DOE_Electric_Disturbance_Events.xlsx:2015,"Loss of electric service to more than 50,000 customers for 1 hour or more",False,False,False,Other
2015-12-08 00:00:00,14:00:00,2015-12-08 00:00:00,14:01:00,Nevada: Clark County;,WECC,Sabotage,0,0,2015,DOE_Electric_Disturbance_Events.xlsx:2015,Suspected Physical Attack,False,False,False,Sabotage
2015-12-09 00:00:00,18:06:00,2015-12-09 00:00:00,21:52:00,Puerto Rico,,System Operations,0,0,2015,DOE_Electric_Disturbance_Events.xlsx:2015,System-wide voltage reductions of 3 percent or more,False,False,False,System Operations
2015-12-09 00:00:00,04:00:00,2015-12-09 00:00:00,11:00:00,Washington,WECC,Severe Weather,115,76300,2015,DOE_Electric_Disturbance_Events.xlsx:2015,"Loss of electric service to more than 50,000 customers for 1 hour or more",False,False,False,Severe Weather
2015-12-10 00:00:00,21:25:00,2015-12-10 00:00:00,22:30:00,Missouri: New Madrid County;,SERC,System Operations,400,1,2015,DOE_Electric_Disturbance_Events.xlsx:2015,Uncontrolled loss of 300 Megawatts or more of firm system loads for more than 15 minutes from a single incident,False,False,False,System Operations
2015-12-10 00:00:00,17:55:00,2015-12-10 00:00:00,17:56:00,California: Stanislaus County;,WECC,Vandalism,Unknown,Unknown,2015,DOE_Electric_Disturbance_Events.xlsx:2015,Suspected Physical Attack,False,False,False,Vandalism
2015-12-10 00:00:00,03:53:00,2015-12-10 00:00:00,04:08:00,California: Plumas County,WECC,Severe Weather,24,9956,2015,DOE_Electric_Disturbance_Events.xlsx:2015,Electrical System Separation (Islanding) where part or parts of a power grid remain(s) operational,False,False,False,Severe Weather
2015-12-10 00:00:00,06:01:00,2015-12-10 00:00:00,07:13:00,California: Northern;,WECC,Severe Weather,29,9956,2015,DOE_Electric_Disturbance_Events.xlsx:2015,Electrical System Separation (Islanding) where part or parts of a power grid remain(s) operational,False,False,False,Severe Weather
2015-12-24 00:00:00,03:00:00,2015-12-26 00:00:00,00:00:00,"Michigan: Antrim County, Charlevoix County, Manistee County, Mecosta County, Kalkaska County, Grand Traverse County, Osceola County, Lake County, Newaygo County, Clare County, Isabella County;",RFC,Severe Weather,Unknown,168000,2015,DOE_Electric_Disturbance_Events.xlsx:2015,"Loss of electric service to more than 50,000 customers for 1 hour or more",False,False,False,Severe Weather
2015-12-26 00:00:00,19:30:00,Unknown,Unknown,Texas,TRE,Severe Weather,Unknown,70000,2015,DOE_Electric_Disturbance_Events.xlsx:2015,"Loss of electric service to more than 50,000 customers for 1 hour or more",True,True,True,Severe Weather
2015-12-26 00:00:00,18:00:00,2015-12-30 00:00:00,06:00:00,Texas: Oklahoma:,SPP,Severe Weather,Unknown,116800,2015,DOE_Electric_Disturbance_Events.xlsx:2015,"Loss of electric service to more than 50,000 customers for 1 hour or more",True,False,True,Severe Weather
2015-12-27 00:00:00,23:38:00,2015-12-28 00:00:00,17:00:00,Oklahoma,SPP,Severe Weather,Unknown,54476,2015,DOE_Electric_Disturbance_Events.xlsx:2015,"Loss of electric service to more than 50,000 customers for 1 hour or more",False,False,False,Severe Weather
2015-12-27 00:00:00,17:00:00,Unknown,Unknown,Oklahoma,SPP,Severe Weather,Unknown,50500,2015,DOE_Electric_Disturbance_Events.xlsx:2015,"Loss of electric service to more than 50,000 customers for 1 hour or more",False,False,False,Severe Weather
2015-12-29 00:00:00,08:30:00,2015-12-29 00:00:00,08:31:00,Maine,NPCC,Sabotage,0,0,2015,DOE_Electric_Disturbance_Events.xlsx:2015,Suspected Physical Attack,False,False,False,Sabotage
2015-12-31 00:00:00,17:00:00,2015-12-31 00:00:00,21:40:00,Oklahoma: Blaine County;,SPP,Severe Weather,8,1500,2015,DOE_Electric_Disturbance_Events.xlsx:2015,Public appeal to reduce the use of electricity,False,False,False,Severe Weather
2015-12-31 00:00:00,11:00:00,Unknown,Unknown,Missouri,SERC,Sabotage,0,0,2015,DOE_Electric_Disturbance_Events.xlsx:2015,Suspected Physical Attack,False,False,False,Sabotage
2016-01-04 00:00:00,05:15:00,2016-01-05 00:00:00,08:00:00,Wisconsin: Milwaukee County;,MRO,Sabotage,0,0,2016,DOE_Electric_Disturbance_Events.xlsx:2016,Suspected Physical Attack,False,False,False,Sabotage
2016-01-10 00:00:00,20:46:00,2016-01-11 00:00:00,05:25:00,Maine: Connecticut: Massachusetts: Vermont: New Hampshire: Rhode Island:,NPCC,Weather,Unknown,59859,2016,DOE_Electric_Disturbance_Events.xlsx:2016,"Loss of electric service to more than 50,000 customers for 1 hour or more",False,False,False,Weather
2016-01-11 00:00:00,20:16:00,2016-01-11 00:00:00,23:00:00,Pennsylvania: Chester County;,RFC,Vandalism,0,0,2016,DOE_Electric_Disturbance_Events.xlsx:2016,Suspected Physical Attack,False,False,False,Vandalism
2016-01-14 00:00:00,08:27:00,2016-01-14 00:00:00,12:00:00,Delaware:,RFC,Vandalism,0,0,2016,DOE_Electric_Disturbance_Events.xlsx:2016,Suspected Physical Attack,False,False,False,Vandalism
2016-01-17 00:00:00,12:00:00,2016-01-17 00:00:00,13:00:00,Utah: Salt Lake County;,WECC,Sabotage,0,0,2016,DOE_Electric_Disturbance_Events.xlsx:2016,Suspected Physical Attack,False,False,False,Sabotage
2016-01-22 00:00:00,15:52:00,2016-01-24 00:00:00,12:30:00,North Carolina: South Carolina:,SERC,Weather,Unknown,150000,2016,DOE_Electric_Disturbance_Events.xlsx:2016,"Loss of electric service to more than 50,000 customers for 1 hour or more",False,False,False,Weather
2016-01-23 00:00:00,07:49:00,2016-01-23 00:00:00,09:05:00,New Jersey:,RFC,Weather,Unknown,50900,2016,DOE_Electric_Disturbance_Events.xlsx:2016,"Loss of electric service to more than 50,000 customers for 1 hour or more",False,False,False,Weather
2016-02-05 00:00:00,11:21:00,2016-02-06 00:00:00,15:48:00,Connecticut: Massachusetts: Rhode Island:,NPCC,Weather,Unknown,115057,2016,DOE_Electric_Disturbance_Events.xlsx:2016,"Loss of electric service to more than 50,000 customers for 1 hour or more",False,False,False,Weather
2016-02-07 00:00:00,11:30:00,Unknown,Unknown,New York: Orange County,NPCC,Cyber Attack,Unknown,Unknown,2016,DOE_Electric_Disturbance_Events.xlsx:2016,Suspected Cyber Attack,False,False,False,Cyber Attack
2016-02-07 00:00:00,14:58:00,Unknown,Unknown,Oregon: Klamath County,WECC,Sabotage,Unknown,Unknown,2016,DOE_Electric_Disturbance_Events.xlsx:2016,Suspected Physical Attack,False,False,False,Sabotage
2016-02-07 00:00:00,13:21:00,2016-02-07 00:00:00,13:42:00,Utah: Salt Lake County,WECC,Vandalism,0,0,2016,DOE_Electric_Disturbance_Events.xlsx:2016,Suspected Physical Attack,False,False,False,Vandalism
2016-02-13 00:00:00,12:44:00,2016-02-13 00:00:00,16:27:00,California,SERC,Islanding,7,4300,2016,DOE_Electric_Disturbance_Events.xlsx:2016,Electrical System Separation (Islanding) where part or parts of a power grid remain(s) operational in an otherwise blacked out area or within the partial failure of an integrated electrical system,False,False,False,Islanding
2016-02-16 00:00:00,08:35:00,2016-02-16 00:00:00,17:28:00,"Virginia: Roanoke County, Montgomery County; West Virginia: Kanawha County, Cabell County; Tennessee: Sullivan County;",RFC,Weather,Unknown,52640,2016,DOE_Electric_Disturbance_Events.xlsx:2016,"Loss of electric service to more than 50,000 customers for 1 hour or more",False,False,False,Weather
2016-02-19 00:00:00,22:00:00,2016-02-20 00:00:00,23:13:00,Michigan,RFC,Weather,Unknown,145314,2016,DOE_Electric_Disturbance_Events.xlsx:2016,"Loss of electric service to more than 50,000 customers for 1 hour or more",False,False,False,Weather
2016-02-21 00:00:00,15:54:00,2016-02-21 00:00:00,17:07:00,Oregon: Klamath County,WECC,Sabotage,0,0,2016,DOE_Electric_Disturbance_Events.xlsx:2016,Suspected Physical Attack,False,False,False,Sabotage
2016-02-24 00:00:00,14:45:00,2016-02-25 00:00:00,05:00:00,North Carolina: South Carolina,SERC,Weather,400,284610,2016,DOE_Electric_Disturbance_Events.xlsx:2016,"Loss of electric service to more than 50,000 customers for 1 hour or more",False,False,False,Weather
2016-02-24 00:00:00,09:10:00,2016-02-24 00:00:00,10:15:00,Delaware,RFC,Vandalism,0,0,2016,DOE_Electric_Disturbance_Events.xlsx:2016,Suspected Physical Attack,False,False,False,Vandalism
2016-02-25 00:00:00,01:44:00,2016-02-25 00:00:00,14:45:00,Connecticut: Maine: Massachusetts: Rhode Island: Vermont:,NPCC,Weather,Unknown,114190,2016,DOE_Electric_Disturbance_Events.xlsx:2016,"Loss of electric service to more than 50,000 customers for 1 hour or more",False,False,False,Weather
2016-02-26 00:00:00,16:35:00,2016-02-26 00:00:00,20:22:00,Arizona: Maricopa County,WECC,Sabotage - Operator Action(s),2,2713,2016,DOE_Electric_Disturbance_Events.xlsx:2016,Suspected Physical Attack,False,False,False,Sabotage - Operator Action(s)
2016-02-26 00:00:00,00:01:00,Unknown,Unknown,California: San Bernardino County,WECC,Fuel Supply Deficiency,0,0,2016,DOE_Electric_Disturbance_Events.xlsx:2016,Fuel supply emergencies that could impact electric power system adequacy or reliability,False,False,False,Fuel Supply Deficiency
2016-03-01 00:00:00,13:35:00,Unknown,Unknown,Idaho: Ada County;,WECC,Vandalism,0,0,2016,DOE_Electric_Disturbance_Events.xlsx:2016,Suspected Physical Attack,False,False,False,Vandalism
2016-03-01 00:00:00,15:00:00,Unknown,Unknown,"Washington: King County, Whatcom County, Kitsap County, Skagit County;",WECC,Weather,Unknown,56000,2016,DOE_Electric_Disturbance_Events.xlsx:2016,"Loss of electric service to more than 50,000 customers for 1 hour or more",False,False,False,Weather
2016-03-03 00:00:00,11:00:00,2016-04-06 00:00:00,19:47:00,California: San Bernardino County;,WECC,Fuel Supply Deficiency,0,0,2016,DOE_Electric_Disturbance_Events.xlsx:2016,Fuel supply emergencies that could impact electric power system adequacy or reliability,False,False,False,Fuel Supply Deficiency
2016-03-08 00:00:00,00:00:00,2016-03-08 00:00:00,00:00:00,Idaho: Bannock County;,WECC,Sabotage,0,0,2016,DOE_Electric_Disturbance_Events.xlsx:2016,Suspected Physical Attack,False,False,False,Sabotage
2016-03-10 00:00:00,04:00:00,2016-03-11 00:00:00,11:59:00,"Washington: Kitsap County, King County, Whatcom County, Island County, Skagit County;",WECC,Sabotage,0,0,2016,DOE_Electric_Disturbance_Events.xlsx:2016,Suspected Physical Attack,False,False,False,Sabotage
2016-03-13 00:00:00,14:00:00,Unknown,Unknown,"Washington: Island County, Skagit County, Whatcom County, King County, Kitsap County, Pierce County, Thurston County;",WECC,Sabotage,0,0,2016,DOE_Electric_Disturbance_Events.xlsx:2016,Suspected Physical Attack,False,False,False,Sabotage
2016-03-13 00:00:00,16:55:00,Unknown,Unknown,Washington:,WECC,Vandalism,0,0,2016,DOE_Electric_Disturbance_Events.xlsx:2016,Suspected Physical Attack,False,False,False,Vandalism
2016-03-23 00:00:00,05:00:00,2016-03-25 00:00:00,23:59:00,"Colorado: Denver, City and County of[12];",WECC,Weather,0,0,2016,DOE_Electric_Disturbance_Events.xlsx:2016,"Loss of electric service to more than 50,000 customers for 1 hour or more",False,False,False,Weather
2016-03-27 00:00:00,12:00:00,2016-03-27 00:00:00,13:00:00,Nevada: Clark County;,WECC,Sabotage,Unknown,110000,2016,DOE_Electric_Disturbance_Events.xlsx:2016,Suspected Physical Attack,False,False,False,Sabotage
2016-03-30 00:00:00,21:12:00,2016-03-31 00:00:00,15:00:00,Massachusetts: Middlesex County[13];,NPCC,Sabotage,200,50500,2016,DOE_Electric_Disturbance_Events.xlsx:2016,Suspected Physical Attack,False,False,False,Sabotage
2016-04-01 00:00:00,16:37:00,2016-04-01 00:00:00,18:00:00,Florida: Hillsborough County,FRCC,Sabotage,0,0,2016,DOE_Electric_Disturbance_Events.xlsx:2016,Suspected Physical Attack,False,False,False,Sabotage
2016-04-02 00:00:00,11:08:00,2016-04-02 00:00:00,11:33:00,California,WECC,System Operations,360,0,2016,DOE_Electric_Disturbance_Events.xlsx:2016,Uncontrolled loss of 300 Megawatts or more of firm system loads for more than 15 minutes from a single incident,False,False,False,System Operations
2016-04-12 00:00:00,11:30:00,2016-04-12 00:00:00,16:43:00,Washington: Pend Oreille County,WECC,Cyber Attack,0,0,2016,DOE_Electric_Disturbance_Events.xlsx:2016,Suspected Cyber Attack,False,False,False,Cyber Attack
2016-04-14 00:00:00,16:49:00,2016-04-15 00:00:00,20:42:00,Maryland: Baltimore County,RFC,Sabotage,0,0,2016,DOE_Electric_Disturbance_Events.xlsx:2016,Suspected Physical Attack,False,False,False,Sabotage
2016-04-15 00:00:00,10:00:00,2016-04-15 00:00:00,11:00:00,Utah: Weber County,WECC,Vandalism,0,0,2016,DOE_Electric_Disturbance_Events.xlsx:2016,Suspected Physical Attack,False,False,False,Vandalism
2016-04-18 00:00:00,05:05:00,2016-04-20 00:00:00,07:55:00,Texas: Harris County,TRE,Weather,Unknown,415103,2016,DOE_Electric_Disturbance_Events.xlsx:2016,"Loss of electric service to more than 50,000 customers for 1 hour or more",True,True,True,Weather
2016-04-27 00:00:00,13:36:00,Unknown,Unknown,Tennessee,SERC,Vandalism,0,0,2016,DOE_Electric_Disturbance_Events.xlsx:2016,Suspected Physical Attack,False,False,False,Vandalism
2016-04-27 00:00:00,05:50:00,2016-04-28 00:00:00,01:35:00,Texas: Harris County,TRE,Weather,Unknown,214864,2016,DOE_Electric_Disturbance_Events.xlsx:2016,"Loss of electric service to more than 50,000 customers for 1 hour or more",True,True,True,Weather
2016-04-27 00:00:00,18:00:00,2016-04-27 00:00:00,18:05:00,Texas: Rusk County,TRE,Sabotage,0,0,2016,DOE_Electric_Disturbance_Events.xlsx:2016,Suspected Physical Attack,True,True,True,Sabotage
2016-05-07 00:00:00,07:49:00,2016-05-07 00:00:00,09:02:00,New York: Dutchess County;,NPCC,Sabotage,0,0,2016,DOE_Electric_Disturbance_Events.xlsx:2016,Suspected Physical Attack,False,False,False,Sabotage
2016-05-08 00:00:00,09:12:00,Unknown ,Unknown ,Washington: Clark County;,WECC,Islanding,Unknown,Unknown,2016,DOE_Electric_Disturbance_Events.xlsx:2016,Electrical System Separation (Islanding) where part or parts of a power grid remain(s) operational in an otherwise blacked out area or within the partial failure of an integrated electrical system,False,False,False,Islanding
2016-05-10 00:00:00,20:45:00,2016-05-13 00:00:00,03:00:00,"Texas: Dallas County, Tarrant County, Parker County;",TRE,Distribution Interruption,Unknown,85000,2016,DOE_Electric_Disturbance_Events.xlsx:2016,"Loss of electric service to more than 50,000 customers for 1 hour or more",True,True,True,Distribution Interruption
2016-05-14 00:00:00,21:25:00,2016-05-15 00:00:00,17:24:00,Missouri:,SERC,Sabotage,0,0,2016,DOE_Electric_Disturbance_Events.xlsx:2016,Suspected Physical Attack,False,False,False,Sabotage
2016-05-19 00:00:00,21:36:00,2016-05-20 00:00:00,01:00:00,Utah:,WECC,System Operations,461,85179,2016,DOE_Electric_Disturbance_Events.xlsx:2016,Uncontrolled loss of 300 Megawatts or more of firm system loads for more than 15 minutes from a single incident,False,False,False,System Operations
2016-05-20 00:00:00,00:00:00,2016-05-22 00:00:00,05:00:00,Louisiana:,SERC,Distribution Interruption ,Unknown,85000,2016,DOE_Electric_Disturbance_Events.xlsx:2016,"Loss of electric service to more than 50,000 customers for 1 hour or more",False,False,False,Distribution Interruption
2016-05-20 00:00:00,01:15:00,Unknown ,Unknown ,Louisiana:,SERC,Weather,Unknown,57184,2016,DOE_Electric_Disturbance_Events.xlsx:2016,"Loss of electric service to more than 50,000 customers for 1 hour or more",False,False,False,Weather
2016-05-24 00:00:00,08:00:00,Unknown ,Unknown ,Missouri:,SERC,Vandalism,0,0,2016,DOE_Electric_Disturbance_Events.xlsx:2016,Suspected Physical Attack,False,False,False,Vandalism
2016-05-26 00:00:00,21:29:00,2016-05-27 00:00:00,00:40:00,New York:,NPCC,Transmission Interruption,82,56645,2016,DOE_Electric_Disturbance_Events.xlsx:2016,"Loss of electric service to more than 50,000 customers for 1 hour or more",False,False,False,Transmission Interruption
2016-05-31 00:00:00,07:30:00,2016-06-13 00:00:00,07:27:00,New York: Tompkins County;,NPCC,Fuel Supply Deficiency,150,Unknown,2016,DOE_Electric_Disturbance_Events.xlsx:2016,Fuel supply emergencies that could impact electric power system adequacy or reliability,False,False,False,Fuel Supply Deficiency
2016-06-07 00:00:00,12:00:00,2016-06-07 00:00:00,12:15:00,Utah,WECC,Sabotage ,0,0,2016,DOE_Electric_Disturbance_Events.xlsx:2016,Suspected Physical Attack,False,False,False,Sabotage
2016-06-14 00:00:00,07:59:00,2016-06-14 00:00:00,08:00:00,New Jersey,RFC,Vandalism,0,0,2016,DOE_Electric_Disturbance_Events.xlsx:2016,Suspected Physical Attack,False,False,False,Vandalism
2016-06-17 00:00:00,15:40:00,2016-06-18 00:00:00,08:34:00,"Georgia, Alabama, Mississippi, Florida",SERC,Weather,304,91260,2016,DOE_Electric_Disturbance_Events.xlsx:2016,"Loss of electric service to more than 50,000 customers for 1 hour or more",False,False,False,Weather
2016-06-17 00:00:00,04:30:00,2016-06-17 00:00:00,04:31:00,Delaware,RFC,Vandalism,0,0,2016,DOE_Electric_Disturbance_Events.xlsx:2016,Suspected Physical Attack,False,False,False,Vandalism
2016-07-02 00:00:00,04:00:00,2016-07-04 00:00:00,00:40:00,Oregon: Multnomah County,WECC,Actual Physical Event,0,0,2016,DOE_Electric_Disturbance_Events.xlsx:2016,Suspected Physical Attack,False,False,False,Actual Physical Event
2016-07-05 00:00:00,02:45:00,2016-07-06 00:00:00,03:00:00,"Texas: Dallas County, Tarrant County",TRE,Severe Weather,Unknown,52000,2016,DOE_Electric_Disturbance_Events.xlsx:2016,"Loss of electric service to more than 50,000 customers for 1 hour or more",True,True,True,Severe Weather
2016-07-05 00:00:00,17:30:00,2016-07-06 00:00:00,16:00:00,"Minnesota, Wisconsin",MRO,Severe Weather,Unknown,250000,2016,DOE_Electric_Disturbance_Events.xlsx:2016,"Loss of electric service to more than 50,000 customers for 1 hour or more",False,False,False,Severe Weather
2016-07-07 00:00:00,04:20:00,2016-07-07 00:00:00,08:00:00,"Kansas: Johnson County; Missouri: Jackson County, Platte County, Cass County, Buchanan County, Atchison County, Andrew County, Clay County, Nodaway County",SERC,Severe Weather,Unknown,58500,2016,DOE_Electric_Disturbance_Events.xlsx:2016,"Loss of electric service to more than 50,000 customers for 1 hour or more",False,False,False,Severe Weather
2016-07-07 00:00:00,05:53:00,2016-07-07 00:00:00,08:40:00,North Carolina: New Hanover County,SERC,Vandalism,0,0,2016,DOE_Electric_Disturbance_Events.xlsx:2016,Actual Physical Attack ,False,False,False,Vandalism
2016-07-08 00:00:00,20:50:00,2016-07-09 00:00:00,19:25:00,North Carolina,SERC,Severe Weather,600,203345,2016,DOE_Electric_Disturbance_Events.xlsx:2016,"Loss of electric service to more than 50,000 customers for 1 hour or more",False,False,False,Severe Weather
2016-07-08 00:00:00,19:00:00,2016-07-09 00:00:00,00:00:00,"Michigan: Wayne County, Oakland County, Macomb County, St. Clair County, Lapeer County, Tuscola County, Sanilac County, Huron County",RFC,Severe Weather,Unknown,160895,2016,DOE_Electric_Disturbance_Events.xlsx:2016,"Loss of electric service to more than 50,000 customers for 1 hour or more",False,False,False,Severe Weather
2016-07-08 00:00:00,18:00:00,Unknown,Unknown,West Virginia: Virginia,RFC,Severe Weather,Unknown,62961,2016,DOE_Electric_Disturbance_Events.xlsx:2016,"Loss of electric service to more than 50,000 customers for 1 hour or more",False,False,False,Severe Weather
2016-07-09 00:00:00,17:45:00,2016-07-11 00:00:00,14:00:00,Texas: Dallas County,TRE,Severe Weather,Unknown,62000,2016,DOE_Electric_Disturbance_Events.xlsx:2016,"Loss of electric service to more than 50,000 customers for 1 hour or more",True,True,True,Severe Weather
2016-07-12 00:00:00,14:10:00,2016-07-12 00:00:00,20:33:00,Puerto Rico,PR,System Operations,450,218000,2016,DOE_Electric_Disturbance_Events.xlsx:2016,Voltage Reduction,False,False,False,System Operations
2016-07-13 00:00:00,13:00:00,2016-07-13 00:00:00,13:01:00,Washington,WECC,Vandalism,0,0,2016,DOE_Electric_Disturbance_Events.xlsx:2016,Suspected Physical Attack,False,False,False,Vandalism
2016-07-13 00:00:00,15:00:00,Unknown,Unknown,Tennessee: Shelby County,SERC,System Operations,Unknown,Unknown,2016,DOE_Electric_Disturbance_Events.xlsx:2016,Public Appeal,False,False,False,System Operations
2016-07-14 00:00:00,17:30:00,2016-07-16 00:00:00,20:00:00,Oklahoma: Arkansas,SPP,Severe Weather,Unknown,7300,2016,DOE_Electric_Disturbance_Events.xlsx:2016,"Loss of electric service to more than 50,000 customers for 1 hour or more",False,False,False,Severe Weather
2016-07-14 00:00:00,16:30:00,2016-07-16 00:00:00,00:00:00,Arkansas: Louisiana: Mississippi: Texas,"SPP, SERC, TRE",Severe Weather,Unknown,170244,2016,DOE_Electric_Disturbance_Events.xlsx:2016,"Loss of electric service to more than 50,000 customers for 1 hour or more",True,True,True,Severe Weather
2016-07-14 00:00:00,14:44:00,2016-07-15 00:00:00,04:00:00,Oklahoma,SPP,Severe Weather,Unknown,96966,2016,DOE_Electric_Disturbance_Events.xlsx:2016,"Loss of electric service to more than 50,000 customers for 1 hour or more",False,False,False,Severe Weather
2016-07-19 00:00:00,15:45:00,2016-07-19 00:00:00,19:29:00,Idaho,WECC,System Operations,290,Unknown,2016,DOE_Electric_Disturbance_Events.xlsx:2016,"Islanding, Uncontrolled Loss 300+ MW",False,False,False,System Operations
2016-07-19 00:00:00,15:45:00,2016-07-19 00:00:00,19:25:00,Idaho,WECC,System Operations,485,Unknown,2016,DOE_Electric_Disturbance_Events.xlsx:2016,"Islanding, Uncontrolled Loss 300+ MW",False,False,False,System Operations
2016-07-21 00:00:00,19:21:00,2016-07-22 00:00:00,00:09:00,Puerto Rico,PR,System Operations,200,266000,2016,DOE_Electric_Disturbance_Events.xlsx:2016,"Load Shed 100+ MW, Voltage Reduction",False,False,False,System Operations
2016-07-21 00:00:00,06:18:00,2016-07-21 00:00:00,14:45:00,Delaware: New Castle County,RFC,Suspicious Activity,0,0,2016,DOE_Electric_Disturbance_Events.xlsx:2016,Suspected Physical Attack,False,False,False,Suspicious Activity
2016-07-22 00:00:00,23:50:00,2016-07-23 00:00:00,09:10:00,Massachusetts: Connecticut: Rhode Island: New Hampshire: Vermont: Maine,NPCC,Severe Weather,Unknown,57058,2016,DOE_Electric_Disturbance_Events.xlsx:2016,"Loss of electric service to more than 50,000 customers for 1 hour or more",False,False,False,Severe Weather
2016-07-23 00:00:00,15:15:00,2016-07-23 00:00:00,19:53:00,Pennsylvania: Cambria County,RFC,System Operations,87,Unknown,2016,DOE_Electric_Disturbance_Events.xlsx:2016,Voltage Reduction,False,False,False,System Operations
2016-07-23 00:00:00,19:30:00,2016-07-24 00:00:00,07:30:00,Connecticut: Massachusetts: New Hampshire: Vermont: Rhode Island,NPCC,Severe Weather,Unknown,101073,2016,DOE_Electric_Disturbance_Events.xlsx:2016,"Loss of electric service to more than 50,000 customers for 1 hour or more",False,False,False,Severe Weather
2016-07-25 00:00:00,18:51:00,2016-07-26 00:00:00,02:19:00,Puerto Rico,PR,System Operations,0,0,2016,DOE_Electric_Disturbance_Events.xlsx:2016,Voltage Reduction,False,False,False,System Operations
2016-07-26 00:00:00,18:51:00,2016-07-27 00:00:00,01:45:00,Puerto Rico,PR,System Operations,25,37100,2016,DOE_Electric_Disturbance_Events.xlsx:2016,Voltage Reduction,False,False,False,System Operations
2016-07-27 00:00:00,18:50:00,2016-07-28 00:00:00,01:38:00,Puerto Rico,PR,System Operations,80,106300,2016,DOE_Electric_Disturbance_Events.xlsx:2016,Voltage Reduction,False,False,False,System Operations
2016-07-28 00:00:00,18:51:00,2016-07-29 00:00:00,02:02:00,Puerto Rico,PR,System Operations,22,21600,2016,DOE_Electric_Disturbance_Events.xlsx:2016,Voltage Reduction,False,False,False,System Operations
2016-07-29 00:00:00,19:09:00,2016-07-29 00:00:00,19:57:00,Puerto Rico,PR,System Operations,0,0,2016,DOE_Electric_Disturbance_Events.xlsx:2016,Voltage Reduction,False,False,False,System Operations
2016-08-04 00:00:00,14:15:00,2016-08-04 00:00:00,14:23:00,Delaware: New Castle County;,RFC,Vandalism,0,0,2016,DOE_Electric_Disturbance_Events.xlsx:2016,Suspected Physical Attack,False,False,False,Vandalism
2016-08-07 00:00:00,18:39:00,2016-08-07 00:00:00,20:27:00,New Mexico: Bernalillo County;,WECC,System Operations,Unknown,Unknown,2016,DOE_Electric_Disturbance_Events.xlsx:2016,Uncontrolled loss of 300 Megawatts or more of firm system loads for more than 15 minutes from a single incident,False,False,False,System Operations
2016-08-10 00:00:00,06:00:00,Unknown,Unknown,California: Butte County;,WECC,Fuel Supply Deficiency,0,0,2016,DOE_Electric_Disturbance_Events.xlsx:2016,Fuel supply emergencies that could impact electric power system adequacy or reliability,False,False,False,Fuel Supply Deficiency
2016-08-11 00:00:00,16:30:00,2016-08-11 00:00:00,19:15:00,Ohio:,RFC,Severe Weather,Unknown,62140,2016,DOE_Electric_Disturbance_Events.xlsx:2016,"Loss of electric service to more than 50,000 customers for 1 hour or more",False,False,False,Severe Weather
2016-08-13 00:00:00,11:42:00,2016-08-13 00:00:00,14:07:00,South Carolina:,SERC,System Operations,506,0,2016,DOE_Electric_Disturbance_Events.xlsx:2016,Uncontrolled loss of 300 Megawatts or more of firm system loads for more than 15 minutes from a single incident,False,False,False,System Operations
2016-08-20 00:00:00,14:18:00,2016-08-20 00:00:00,21:19:00,New York:,NPCC,Actual Physical Event,Unknown,40000,2016,DOE_Electric_Disturbance_Events.xlsx:2016,Actual Physical Attack,False,False,False,Actual Physical Event
2016-08-23 00:00:00,17:00:00,2016-08-24 00:00:00,00:05:00,Texas: Harris County;,TRE,Severe Weather,Unknown,72200,2016,DOE_Electric_Disturbance_Events.xlsx:2016,"Loss of electric service to more than 50,000 customers for 1 hour or more",True,True,True,Severe Weather
2016-08-24 00:00:00,18:13:00,2016-08-24 00:00:00,19:14:00,Puerto Rico:,PR,System Operations,600,400000,2016,DOE_Electric_Disturbance_Events.xlsx:2016,Uncontrolled loss of 300 Megawatts or more of firm system loads for more than 15 minutes from a single incident,False,False,False,System Operations
2016-08-24 00:00:00,19:18:00,2016-08-24 00:00:00,19:47:00,Washington: King County;,WECC,Islanding,9232,Unknown,2016,DOE_Electric_Disturbance_Events.xlsx:2016,Electrical System Separation (Islanding) where part or parts of a power grid remain(s) operational in an otherwise blacked out area or within the partial failure of an integrated electrical system,False,False,False,Islanding
2016-08-25 00:00:00,18:40:00,2016-08-26 00:00:00,18:19:00,Oregon: Crook County;,WECC,Vandalism,0,0,2016,DOE_Electric_Disturbance_Events.xlsx:2016,  Suspected Physical Attack,False,False,False,Vandalism
2016-08-31 00:00:00,09:45:00,2016-08-31 00:00:00,09:55:00,Colorado:,WECC,Transmission Interruption,0,0,2016,DOE_Electric_Disturbance_Events.xlsx:2016,Electrical System Separation (Islanding) where part or parts of a power grid remain(s) operational in an otherwise blacked out area or within the partial failure of an integrated electrical system,False,False,False,Transmission Interruption
2016-08-31 00:00:00,14:52:00,Unknown,Unknown,Washington: Clark County;,WECC,Islanding,0,0,2016,DOE_Electric_Disturbance_Events.xlsx:2016,Electrical System Separation (Islanding) where part or parts of a power grid remain(s) operational in an otherwise blacked out area or within the partial failure of an integrated electrical system,False,False,False,Islanding
2016-09-01 00:00:00,22:00:00,Unknown,Unknown,Florida:,FRCC,Severe Weather,100,Unknown,2016,DOE_Electric_Disturbance_Events.xlsx:2016,"Loss of electric service to more than 50,000 customers for 1 hour or more",False,False,False,Severe Weather
2016-09-02 00:00:00,00:40:00,2016-09-04 00:00:00,20:00:00,"Florida: Leon County, Wakulla County;",FRCC,Severe Weather,450,75000,2016,DOE_Electric_Disturbance_Events.xlsx:2016,"Loss of electric service to more than 50,000 customers for 1 hour or more",False,False,False,Severe Weather
2016-09-02 00:00:00,04:00:00,2016-09-02 00:00:00,16:00:00,"Florida: Alachua County, Bay County, Citrus County, Columbia County, Dixie County, Franklin County, Gilchrist County, Gulf County, Hamilton County, Hardee County, Hernando County, Highlands County, Jefferson County, Lafayette County, Lake County, Levy County, Madison County, Marion County, Orange County, Osceola County, Pasco County, Pinellas County, Polk County, Seminole County, Sumter County, Suwannee County, Taylor County, Volusia County, Wakulla County;",FRCC,Severe Weather,225,90000,2016,DOE_Electric_Disturbance_Events.xlsx:2016,"Loss of electric service to more than 50,000 customers for 1 hour or more",False,False,False,Severe Weather
2016-09-02 00:00:00,05:45:00,2016-09-03 00:00:00,00:30:00,Georgia:,SERC,Severe Weather,Unknown,57000,2016,DOE_Electric_Disturbance_Events.xlsx:2016,"Loss of electric service to more than 50,000 customers for 1 hour or more",False,False,False,Severe Weather
2016-09-06 00:00:00,18:12:00,2016-09-06 00:00:00,21:24:00,Washington: Clark County;,WECC,Islanding,300,Unknown,2016,DOE_Electric_Disturbance_Events.xlsx:2016,Electrical System Separation (Islanding) where part or parts of a power grid remain(s) operational in an otherwise blacked out area or within the partial failure of an integrated electrical system,False,False,False,Islanding
2016-09-08 00:00:00,08:30:00,2016-09-25 00:00:00,00:00:00,New York: Tompkins County;,NPCC,Fuel Supply Deficiency,210,Unknown,2016,DOE_Electric_Disturbance_Events.xlsx:2016,Fuel supply emergencies that could impact electric power system adequacy or reliability,False,False,False,Fuel Supply Deficiency
2016-09-08 00:00:00,14:49:00,2016-09-08 00:00:00,15:03:00,Washington:,WECC,Islanding,0,0,2016,DOE_Electric_Disturbance_Events.xlsx:2016,Electrical System Separation (Islanding) where part or parts of a power grid remain(s) operational in an otherwise blacked out area or within the partial failure of an integrated electrical system,False,False,False,Islanding
2016-09-10 00:00:00,09:42:00,2016-09-10 00:00:00,09:57:00,Washington: Clark County;,WECC,Generation Inadequacy,135,Unknown,2016,DOE_Electric_Disturbance_Events.xlsx:2016,Load shedding of 100 Megawatts or more implemented under emergency operational policy,False,False,False,Generation Inadequacy
2016-09-11 00:00:00,12:05:00,2016-09-11 00:00:00,15:10:00,Connecticut: Massachusetts: New Hampshire: Rhode Island: Vermont: Maine:,NPCC,Severe Weather,Unknown,57960,2016,DOE_Electric_Disturbance_Events.xlsx:2016,"Loss of electric service to more than 50,000 customers for 1 hour or more",False,False,False,Severe Weather
2016-09-12 00:00:00,12:30:00,2016-09-12 00:00:00,17:56:00,"New Mexico: Bernalillo County, Sandoval County, Santa Fe County, Valencia County;",WECC,Generation Inadequacy,110,53753,2016,DOE_Electric_Disturbance_Events.xlsx:2016,Load shedding of 100 Megawatts or more implemented under emergency operational policy,False,False,False,Generation Inadequacy
2016-09-21 00:00:00,14:30:00,2016-09-24 00:00:00,02:30:00,Puerto Rico:,,System Operations,2750,1475000,2016,DOE_Electric_Disturbance_Events.xlsx:2016,Complete operational failure or shut-down of the transmission and/or distribution electrical system,False,False,False,System Operations
2016-09-21 00:00:00,19:44:00,2016-09-21 00:00:00,21:17:00,Texas: Lubbock County;,TRE,Actual Physical Event,0,0,2016,DOE_Electric_Disturbance_Events.xlsx:2016,Physical attack that could potentially impact electric power system adequacy or reliability; or vandalism which targets components of any security systems,True,True,True,Actual Physical Event
2016-09-22 00:00:00,10:56:00,2016-09-22 00:00:00,11:41:00,Iowa: Black Hawk County;,MRO,System Operations,69,19124,2016,DOE_Electric_Disturbance_Events.xlsx:2016,Complete operational failure or shut-down of the transmission and/or distribution electrical system,False,False,False,System Operations
2016-09-25 00:00:00,12:49:00,2016-09-25 00:00:00,18:20:00,"Utah: Kane County, Garfield County; Arizona: Coconino County, Mohave County",WECC,Vandalism,20,10000,2016,DOE_Electric_Disturbance_Events.xlsx:2016,Physical attack that could potentially impact electric power system adequacy or reliability; or vandalism which targets components of any security systems,False,False,False,Vandalism
2016-10-01 00:00:00,12:24:00,10/02/2016,02:04:00,California: Mendocino County;,WECC,Actual Physical Event,0,0,2016,DOE_Electric_Disturbance_Events.xlsx:2016,Physical attack that causes major interruptions or impacts to critical infrastructure facilities or to operations,False,False,False,Actual Physical Event
2016-10-02 00:00:00,23:30:00,10/05/2016,08:00:00,Utah:,WECC,Transmission Interruption,50,4000,2016,DOE_Electric_Disturbance_Events.xlsx:2016,Public appeal to reduce the use of electricity for purposes of maintaining the continuity of the electric power system,False,False,False,Transmission Interruption
2016-10-03 00:00:00,15:09:00,10/04/2016,19:00:00,Texas:,TRE,Public Appeal,Unknown,Unknown,2016,DOE_Electric_Disturbance_Events.xlsx:2016,Public appeal to reduce the use of electricity for purposes of maintaining the continuity of the electric power system,True,True,True,Public Appeal
2016-10-05 00:00:00,11:32:00,10/05/2016,19:00:00,Texas:,TRE,Public Appeal,Unknown,Unknown,2016,DOE_Electric_Disturbance_Events.xlsx:2016,Public appeal to reduce the use of electricity for purposes of maintaining the continuity of the electric power system,True,True,True,Public Appeal
2016-10-05 00:00:00,15:51:00,Unknown,Unknown,California: Imperial County;,WECC,Vandalism,0,0,2016,DOE_Electric_Disturbance_Events.xlsx:2016,Physical attack that could potentially impact electric power system adequacy or reliability; or vandalism which targets components of any security systems,False,False,False,Vandalism
2016-10-06 00:00:00,09:50:00,10/06/2016,19:00:00,Texas:,TRE,Public Appeal,Unknown,Unknown,2016,DOE_Electric_Disturbance_Events.xlsx:2016,Public appeal to reduce the use of electricity for purposes of maintaining the continuity of the electric power system,True,True,True,Public Appeal
2016-10-06 00:00:00,19:30:00,2016-10-08 00:00:00,18:00:00,Florida:,FRCC,Severe Weather,5600,1200000,2016,DOE_Electric_Disturbance_Events.xlsx:2016,"Loss of electric service to more than 50,000 customers for 1 hour or more",False,False,False,Severe Weather
2016-10-07 00:00:00,08:00:00,10/09/2016,13:00:00,"Florida: Alachua County, Bay County, Citrus County, Columbia County, Dixie County, Franklin County, Gilchrist County, Gulf County, Hamilton County, Hardee County, Hernando County, Highlands County, Jefferson County, Lafayette County, Lake County, Levy County, Madison County, Marion County, Orange County, Osceola County, Pasco County, Pinellas County, Polk County, Seminole County, Sumter County, Suwannee County, Taylor County, Volusia County, Wakulla County;",FRCC,Severe Weather,413,165000,2016,DOE_Electric_Disturbance_Events.xlsx:2016,"Loss of electric service to more than 50,000 customers for 1 hour or more",False,False,False,Severe Weather
2016-10-07 00:00:00,11:08:00,10/07/2016,19:00:00,Texas:,TRE,Generation Inadequacy,Unknown,Unknown,2016,DOE_Electric_Disturbance_Events.xlsx:2016,Public appeal to reduce the use of electricity for purposes of maintaining the continuity of the electric power system,True,True,True,Generation Inadequacy
2016-10-07 00:00:00,16:22:00,10/12/2016,11:00:00,Georgia:,SERC,Severe Weather,122,36384,2016,DOE_Electric_Disturbance_Events.xlsx:2016,"Loss of electric service to more than 50,000 customers for 1 hour or more",False,False,False,Severe Weather
2016-10-07 00:00:00,22:45:00,Unknown,Unknown,Florida:,FRCC,Severe Weather,Unknown,Unknown,2016,DOE_Electric_Disturbance_Events.xlsx:2016,"Loss of electric service to more than 50,000 customers for 1 hour or more",False,False,False,Severe Weather
2016-10-07 00:00:00,23:00:00,Unknown,Unknown,"South Carolina: Allendale County, Bamberg County, Beaufort County, Berkeley County, Charleston County, Chesterfield County, Clarendon County, Colleton County, Darlington County, Dorchester County, Florence County, Georgetown County, Hampton County, Horry County, Jasper County, Kershaw County, Lee County, Marion County, Marlboro County, Orangeburg County, Richland County, Sumter County, Williamsburg County;",SERC,Severe Weather,Unknown,Unknown,2016,DOE_Electric_Disturbance_Events.xlsx:2016,"Uncontrolled loss of 300 Megawatts or more of firm system loads for more than 15 minutes from a single incident
Loss of electric service to more than 50,000 customers for 1 hour or more
",False,False,False,Severe Weather
2016-10-08 00:00:00,08:21:00,10/13/2016,17:30:00,North Carolina: South Carolina:,SERC,Severe Weather,Unknown,Unknown,2016,DOE_Electric_Disturbance_Events.xlsx:2016,"Loss of electric service to more than 50,000 customers for 1 hour or more",False,False,False,Severe Weather
2016-10-08 00:00:00,14:05:00,10/09/2016,06:06:00,North Carolina:,SERC,Severe Weather,Unknown,44875,2016,DOE_Electric_Disturbance_Events.xlsx:2016,Uncontrolled loss of 300 Megawatts or more of firm system loads for more than 15 minutes from a single incident,False,False,False,Severe Weather
2016-10-08 00:00:00,01:10:00,Unknown,Unknown,South Carolina:,SERC,Severe Weather,1050,290824,2016,DOE_Electric_Disturbance_Events.xlsx:2016,"Loss of electric service to more than 50,000 customers for 1 hour or more",False,False,False,Severe Weather
2016-10-10 00:00:00,13:15:00,10/10/2016,19:00:00,Texas:,TRE,Generation Inadequacy,Unknown,Unknown,2016,DOE_Electric_Disturbance_Events.xlsx:2016,Public appeal to reduce the use of electricity for purposes of maintaining the continuity of the electric power system,True,True,True,Generation Inadequacy
2016-10-12 00:00:00,12:09:00,10/12/2016,13:16:00,Nevada: Clark County;,WECC,Vandalism,4,1671,2016,DOE_Electric_Disturbance_Events.xlsx:2016,Physical attack that could potentially impact electric power system adequacy or reliability; or vandalism which targets components of any security systems,False,False,False,Vandalism
2016-10-18 00:00:00,14:06:00,10/21/2016,15:00:00,"Oregon: Deschutes County, Lake County;",WECC,Vandalism,0,0,2016,DOE_Electric_Disturbance_Events.xlsx:2016,Physical attack that could potentially impact electric power system adequacy or reliability; or vandalism which targets components of any security systems,False,False,False,Vandalism
2016-10-20 00:00:00,12:30:00,10/20/2016,12:31:00,Oregon:,WECC,Vandalism,0,0,2016,DOE_Electric_Disturbance_Events.xlsx:2016,Physical attack that could potentially impact electric power system adequacy or reliability; or vandalism which targets components of any security systems,False,False,False,Vandalism
2016-10-25 00:00:00,07:40:00,10/27/2016,07:40:00,Tennessee: Shelby County;,SERC,Vandalism,0,0,2016,DOE_Electric_Disturbance_Events.xlsx:2016,Physical attack that could potentially impact electric power system adequacy or reliability; or vandalism which targets components of any security systems,False,False,False,Vandalism
2016-10-26 00:00:00,05:26:00,10/26/2016,05:27:00,Wyoming: Sweetwater County;,WECC,Vandalism,0,0,2016,DOE_Electric_Disturbance_Events.xlsx:2016,Physical attack that could potentially impact electric power system adequacy or reliability; or vandalism which targets components of any security systems,False,False,False,Vandalism
2016-10-28 00:00:00,13:29:00,10/28/2016,13:38:00,California: Plumas County;,WECC,Islanding,4,482,2016,DOE_Electric_Disturbance_Events.xlsx:2016,Electrical System Separation (Islanding) where part or parts of a power grid remain(s) operational in an otherwise blacked out area or within the partial failure of an integrated electrical system,False,False,False,Islanding
2016-10-31 00:00:00,08:06:00,10/31/2016,15:53:00,North Carolina: Stokes County;,SERC,Actual Physical Event,0,0,2016,DOE_Electric_Disturbance_Events.xlsx:2016,Physical attack that causes major interruptions or impacts to critical infrastructure facilities or to operations,False,False,False,Actual Physical Event
2016-11-09 00:00:00,11:59:00,11/09/2016,18:15:00,"California: Stanislaus County, San Joaquin County, Alameda County, Tuolumne County;",WECC,Cyber Attack,0,0,2016,DOE_Electric_Disturbance_Events.xlsx:2016,Cyber event that could potentially impact electric power system adequacy or reliability,False,False,False,Cyber Attack
2016-11-09 00:00:00,06:44:00,11/09/2016,07:44:00,California:,WECC,Vandalism,0,0,2016,DOE_Electric_Disturbance_Events.xlsx:2016,Physical attack that could potentially impact electric power system adequacy or reliability; or vandalism which targets components of any security systems,False,False,False,Vandalism
2016-11-01 00:00:00,20:55:00,Unknown,Unknown,Washington: Clark County;,WECC,Transmission Interruption,0,0,2016,DOE_Electric_Disturbance_Events.xlsx:2016,Electrical System Separation (Islanding) where part or parts of a power grid remain(s) operational in an otherwise blacked out area or within the partial failure of an integrated electrical system,False,False,False,Transmission Interruption
2016-12-08 00:00:00,01:00:00,12/08/2016,02:30:00,Oregon: Multnomah County;,WECC,Vandalism,0,0,2016,DOE_Electric_Disturbance_Events.xlsx:2016,Physical attack that could potentially impact electric power system adequacy or reliability; or vandalism which targets components of any security systems,False,False,False,Vandalism
2016-12-11 00:00:00,07:45:00,12/11/2016,07:46:00,Utah: Utah County;,WECC,Vandalism,0,0,2016,DOE_Electric_Disturbance_Events.xlsx:2016,Physical attack that could potentially impact electric power system adequacy or reliability; or vandalism which targets components of any security systems,False,False,False,Vandalism
2016-12-13 00:00:00,14:09:00,12/13/2016,14:30:00,California: Riverside County;,WECC,Cyber Event,0,0,2016,DOE_Electric_Disturbance_Events.xlsx:2016,Cyber event that could potentially impact electric power system adequacy or reliability,False,False,False,Cyber Event
2016-12-15 00:00:00,06:30:00,Unknown,Unknown,California: Merced County;,WECC,Fuel Supply Deficiency,Unknown,Unknown,2016,DOE_Electric_Disturbance_Events.xlsx:2016,Fuel supply emergencies that could impact electric power system adequacy or reliability,False,False,False,Fuel Supply Deficiency
2016-12-16 00:00:00,07:45:00,12/16/2016,08:45:00,Oregon: Multnomah County;,WECC,Vandalism,0,0,2016,DOE_Electric_Disturbance_Events.xlsx:2016,Physical attack that could potentially impact electric power system adequacy or reliability; or vandalism which targets components of any security systems,False,False,False,Vandalism
2016-12-26 00:00:00,04:00:00,12/26/2016,06:00:00,Washington:,WECC,Vandalism,0,0,2016,DOE_Electric_Disturbance_Events.xlsx:2016,Physical attack that could potentially impact electric power system adequacy or reliability; or vandalism which targets components of any security systems,False,False,False,Vandalism
2016-12-28 00:00:00,04:03:00,12/31/2016,06:00:00,California:,WECC,Fuel Supply Deficiency,0,0,2016,DOE_Electric_Disturbance_Events.xlsx:2016,Fuel supply emergencies that could impact electric power system adequacy or reliability,False,False,False,Fuel Supply Deficiency
2016-12-30 00:00:00,08:55:00,12/30/2016,08:56:00,Vermont: Chittenden County;,NPCC,Other,0,0,2016,DOE_Electric_Disturbance_Events.xlsx:2016,Cyber event that could potentially impact electric power system adequacy or reliability,False,False,False,Other
2016-12-30 00:00:00,02:30:00,12/30/2016,19:00:00,Maine:,NPCC,Weather or Natural Disaster,Unknown,85263,2016,DOE_Electric_Disturbance_Events.xlsx:2016,"Loss of electric service to more than 50,000 customers for 1 hour or more",False,False,False,Weather or Natural Disaster
2017-01-05 00:00:00,16:56:00,01/05/2017,16:57:00,Florida: Martin County;,FRCC,Suspected Physical Attack,0,0,2017,DOE_Electric_Disturbance_Events.xlsx:2017,Physical attack that could potentially impact electric power system adequacy or reliability; or vandalism which targets components of any security systems,False,False,False,Suspected Physical Attack
2017-01-08 00:00:00,09:07:00,01/13/2017,14:30:00,California,WECC,Severe Weather,Unknown,106000,2017,DOE_Electric_Disturbance_Events.xlsx:2017,"Loss of electric service to more than 50,000 customers for 1 hour or more",False,False,False,Severe Weather
2017-01-08 00:00:00,23:59:00,Unknown,Unknown,California,WECC,Fuel Supply Deficiency,0,0,2017,DOE_Electric_Disturbance_Events.xlsx:2017,Fuel supply emergencies that could impact electric power system adequacy or reliability,False,False,False,Fuel Supply Deficiency
2017-01-10 00:00:00,19:30:00,01/13/2017,14:30:00,California,WECC,Severe Weather,Unknown,87000,2017,DOE_Electric_Disturbance_Events.xlsx:2017,"Loss of electric service to more than 50,000 customers for 1 hour or more",False,False,False,Severe Weather
2017-01-15 00:00:00,06:35:00,01/15/2017,07:44:00,California: Los Angeles County;,WECC,Transmission Disruption,176,126000,2017,DOE_Electric_Disturbance_Events.xlsx:2017,"Loss of electric service to more than 50,000 customers for 1 hour or more",False,False,False,Transmission Disruption
2017-01-15 00:00:00,09:27:00,01/17/2017,01:58:00,Oklahoma: Harper County;,SPP,Severe Weather,1,788,2017,DOE_Electric_Disturbance_Events.xlsx:2017,Electrical System Separation (Islanding) where part or parts of a power grid remain(s) operational in an otherwise blacked out area or within the partial failure of an integrated electrical system,False,False,False,Severe Weather
2017-01-18 00:00:00,18:05:00,01/19/2017,00:05:00,California,WECC,Severe Weather,Unknown,75000,2017,DOE_Electric_Disturbance_Events.xlsx:2017,"Loss of electric service to more than 50,000 customers for 1 hour or more",False,False,False,Severe Weather
2017-01-22 00:00:00,04:15:00,01/24/2017,14:00:00,California,WECC,Severe Weather,97,64000,2017,DOE_Electric_Disturbance_Events.xlsx:2017,"Loss of electric service to more than 50,000 customers for 1 hour or more",False,False,False,Severe Weather
2017-01-22 00:00:00,06:00:00,Unknown,Unknown,California,WECC,Fuel Supply Deficiency,0,0,2017,DOE_Electric_Disturbance_Events.xlsx:2017,Fuel supply emergencies that could impact electric power system adequacy or reliability,False,False,False,Fuel Supply Deficiency
2017-01-22 00:00:00,16:00:00,01/23/2017,03:26:00,Alabama: Georgia: Mississippi: Florida:,SERC,Severe Weather,100,29965,2017,DOE_Electric_Disturbance_Events.xlsx:2017,"Loss of electric service to more than 50,000 customers for 1 hour or more",False,False,False,Severe Weather
2017-02-02 00:00:00,01:04:00,2017-02-02 00:00:00,05:00:00,"New Mexico: Bernalillo County, Santa Fe County;",WECC,Transmission Interruption,396,149223,2017,DOE_Electric_Disturbance_Events.xlsx:2017,Uncontrolled loss of 300 Megawatts or more of firm system loads for more than 15 minutes from a single incident,False,False,False,Transmission Interruption
2017-02-02 00:00:00,01:11:00,Unknown,Unknown,New Mexico: Bernalillo County;,WECC,Transmission Interruption,400,Unknown,2017,DOE_Electric_Disturbance_Events.xlsx:2017,Uncontrolled loss of 300 Megawatts or more of firm system loads for more than 15 minutes from a single incident,False,False,False,Transmission Interruption
2017-02-06 00:00:00,01:00:00,2017-02-06 00:00:00,19:30:00,"Washington: Skagit County, King County, Kitsap County;",WECC,Severe Weather,Unknown,103000,2017,DOE_Electric_Disturbance_Events.xlsx:2017,"Loss of electric service to more than 50,000 customers for 1 hour or more",False,False,False,Severe Weather
2017-02-09 00:00:00,16:05:00,2017-02-10 00:00:00,05:15:00,Connecticut: Massachusetts: Rhode Island:,NPCC,Severe Weather,Unknown,11525,2017,DOE_Electric_Disturbance_Events.xlsx:2017,"Loss of electric service to more than 50,000 customers for 1 hour or more",False,False,False,Severe Weather
2017-02-11 00:00:00,15:46:00,2017-02-11 00:00:00,15:50:00,Utah,WECC,Actual Physical Attack,0,0,2017,DOE_Electric_Disturbance_Events.xlsx:2017,Physical attack that could potentially impact electric power system adequacy or reliability; or vandalism which targets components of any security systems,False,False,False,Actual Physical Attack
2017-02-13 00:00:00,13:00:00,2017-02-15 00:00:00,13:35:00,North Carolina: Union County;,SERC,Vandalism ,0,0,2017,DOE_Electric_Disturbance_Events.xlsx:2017,Physical attack that could potentially impact electric power system adequacy or reliability; or vandalism which targets components of any security systems,False,False,False,Vandalism
2017-02-17 00:00:00,13:00:00,2017-02-17 00:00:00,13:15:00,Nevada: Clark County;,WECC,Vandalism ,0,0,2017,DOE_Electric_Disturbance_Events.xlsx:2017,Physical attack that could potentially impact electric power system adequacy or reliability; or vandalism which targets components of any security systems,False,False,False,Vandalism
2017-02-17 00:00:00,15:00:00,2017-02-20 00:00:00,11:00:00,California: Los Angeles County;,WECC,Severe Weather,Unknown,111591,2017,DOE_Electric_Disturbance_Events.xlsx:2017,"Loss of electric service to more than 50,000 customers for 1 hour or more",False,False,False,Severe Weather
2017-02-17 00:00:00,08:09:00,2017-02-22 00:00:00,19:30:00,California,WECC,Severe Weather,254,169250,2017,DOE_Electric_Disturbance_Events.xlsx:2017,"Loss of electric service to more than 50,000 customers for 1 hour or more",False,False,False,Severe Weather
2017-02-17 00:00:00,04:32:00,2017-02-17 00:00:00,05:02:00,Missouri: Arkansas: Oklahoma: Texas:,SPP,System Operations,0,0,2017,DOE_Electric_Disturbance_Events.xlsx:2017,Cyber event that could potentially impact electric power system adequacy or reliability,True,False,True,System Operations
2017-03-01 00:00:00,11:49:00,03/02/2017,21:30:00,Kentucky: West Virginia:,RFC,Severe Weather,Unknown,98575,2017,DOE_Electric_Disturbance_Events.xlsx:2017,"Loss of electric service to more than 50,000 customers for 1 hour or more",False,False,False,Severe Weather
2017-03-01 00:00:00,08:30:00,03/01/2017,14:00:00,Tennessee: Kentucky:,SERC,Severe Weather,Unknown,58000,2017,DOE_Electric_Disturbance_Events.xlsx:2017,"Loss of electric service to more than 50,000 customers for 1 hour or more",False,False,False,Severe Weather
2017-03-02 00:00:00,12:20:00,03/02/2017,23:45:00,Connecticut: Maine: Massachusetts: New Hampshire: Rhode Island: Vermont:,NPCC,Severe Weather,Unknown,54316,2017,DOE_Electric_Disturbance_Events.xlsx:2017,"Loss of electric service to more than 50,000 customers for 1 hour or more",False,False,False,Severe Weather
2017-03-06 00:00:00,20:00:00,03/07/2017,01:00:00,"Missouri: Jackson County, Platte County, Cass County, Lafayette County, Chariton County, Carroll County, Clay County, Johnson County;",SERC,Severe Weather,Unknown,97734,2017,DOE_Electric_Disturbance_Events.xlsx:2017,"Loss of electric service to more than 50,000 customers for 1 hour or more",False,False,False,Severe Weather
2017-03-08 00:00:00,11:30:00,03/08/2017,19:52:00,Ohio,RFC,Severe Weather,Unknown,71012,2017,DOE_Electric_Disturbance_Events.xlsx:2017,"Loss of electric service to more than 50,000 customers for 1 hour or more",False,False,False,Severe Weather
2017-03-08 00:00:00,12:00:00,03/11/2017,11:31:00,Michigan,RFC,Severe Weather,Unknown,800000,2017,DOE_Electric_Disturbance_Events.xlsx:2017,"Loss of electric service to more than 50,000 customers for 1 hour or more",False,False,False,Severe Weather
2017-03-08 00:00:00,09:30:00,03/11/2017,05:00:00,"Michigan: Jackson County, Calhoun County, Ingham County, Hillsdale County, Washtenaw County, Kent County, Ottawa County, Midland County, Saginaw County;",RFC,Severe Weather,Unknown,343000,2017,DOE_Electric_Disturbance_Events.xlsx:2017,"Loss of electric service to more than 50,000 customers for 1 hour or more",False,False,False,Severe Weather
2017-03-08 00:00:00,13:30:00,03/08/2017,16:30:00,New York,NPCC,Severe Weather/Transmission Interruption,Unknown,106869,2017,DOE_Electric_Disturbance_Events.xlsx:2017,"Loss of electric service to more than 50,000 customers for 1 hour or more",False,False,False,Severe Weather/Transmission Interruption
2017-03-08 00:00:00,15:33:00,Unknown,Unknown,New York,NPCC,Severe Weather,Unknown,50000,2017,DOE_Electric_Disturbance_Events.xlsx:2017,"Loss of electric service to more than 50,000 customers for 1 hour or more",False,False,False,Severe Weather
2017-03-12 00:00:00,09:56:00,03/12/2017,11:20:00,California: Imperial County;,WECC,Vandalism,0,1,2017,DOE_Electric_Disturbance_Events.xlsx:2017,Physical attack that could potentially impact electric power system adequacy or reliability; or vandalism which targets components of any security systems,False,False,False,Vandalism
2017-03-14 00:00:00,12:32:00,Unknown,Unknown,Connecticut: Massachusetts: Rhode Island: New Hampshire: Maine: Vermont:,NPCC,Severe Weather,Unknown,69647,2017,DOE_Electric_Disturbance_Events.xlsx:2017,"Loss of electric service to more than 50,000 customers for 1 hour or more",False,False,False,Severe Weather
2017-03-21 00:00:00,20:00:00,03/22/2017,09:15:00,Georgia,SERC,Severe Weather,857,257000,2017,DOE_Electric_Disturbance_Events.xlsx:2017,"Loss of electric service to more than 50,000 customers for 1 hour or more",False,False,False,Severe Weather
2017-03-24 00:00:00,06:29:00,03/24/2017,07:13:00,Oregon: Clatsop County;,WECC,Sabotage,0,0,2017,DOE_Electric_Disturbance_Events.xlsx:2017,Physical attack that could potentially impact electric power system adequacy or reliability; or vandalism which targets components of any security systems,False,False,False,Sabotage
2017-03-28 00:00:00,16:07:00,03/28/2017,16:08:00,Oregon: Josephine County;,WECC,Suspicious Activity,0,0,2017,DOE_Electric_Disturbance_Events.xlsx:2017,Physical attack that could potentially impact electric power system adequacy or reliability; or vandalism which targets components of any security systems,False,False,False,Suspicious Activity
2017-03-29 00:00:00,03:30:00,03/31/2017,06:00:00,Texas,TRE,Severe Weather,Unknown,175000,2017,DOE_Electric_Disturbance_Events.xlsx:2017,"Loss of electric service to more than 50,000 customers for 1 hour or more",True,True,True,Severe Weather
2017-03-31 00:00:00,19:15:00,03/31/2017,21:07:00,Mississippi: DeSoto County;,SERC,Vandalism,0,0,2017,DOE_Electric_Disturbance_Events.xlsx:2017,Physical attack that could potentially impact electric power system adequacy or reliability; or vandalism which targets components of any security systems,False,False,False,Vandalism
2017-04-03 00:00:00,11:00:00,04/03/2017,20:00:00,"Alabama, Georgia",SERC,Severe Weather,290,86330,2017,DOE_Electric_Disturbance_Events.xlsx:2017,"Loss of electric service to more than 50,000 customers for 1 hour or more",False,False,False,Severe Weather
2017-04-06 00:00:00,19:00:00,Unknown,Unknown,California,WECC,Severe Weather,Unknown,100000,2017,DOE_Electric_Disturbance_Events.xlsx:2017,"Loss of electric service to more than 50,000 customers for 1 hour or more",False,False,False,Severe Weather
2017-04-07 00:00:00,04:16:00,Unknown,Unknown,California: Fresno County,WECC,Fuel Supply Deficiency,0,0,2017,DOE_Electric_Disturbance_Events.xlsx:2017,Fuel supply emergencies that could impact electric power system adequacy or reliability,False,False,False,Fuel Supply Deficiency
2017-04-07 00:00:00,08:15:00,04/08/2017,00:14:00,"Oregon: Multnomah County, Washington County, Marion County, Clackamas County",WECC,Severe Weather,Unknown,153867,2017,DOE_Electric_Disturbance_Events.xlsx:2017,"Loss of electric service to more than 50,000 customers for 1 hour or more",False,False,False,Severe Weather
2017-04-07 00:00:00,04:33:00,04/07/2017,08:20:00,Oregon,WECC,Severe Weather,100,64852,2017,DOE_Electric_Disturbance_Events.xlsx:2017,"Loss of electric service to more than 50,000 customers for 1 hour or more",False,False,False,Severe Weather
2017-04-13 00:00:00,07:50:00,04/13/2017,08:07:00,Washington: Pierce County,WECC,Sabotage,53,10000,2017,DOE_Electric_Disturbance_Events.xlsx:2017,Physical attack that causes major interruptions or impacts to critical infrastructure facilities or to operations,False,False,False,Sabotage
2017-04-17 00:00:00,09:25:00,04/17/2017,09:26:00,Utah: Emery County,WECC,Sabotage,0,0,2017,DOE_Electric_Disturbance_Events.xlsx:2017,Physical attack that could potentially impact electric power system adequacy or reliability; or vandalism which targets components of any security systems,False,False,False,Sabotage
2017-04-20 00:00:00,16:00:00,04/20/2017,18:00:00,Wyoming: Converse County,WECC, Vandalism,0,0,2017,DOE_Electric_Disturbance_Events.xlsx:2017,Physical attack that could potentially impact electric power system adequacy or reliability; or vandalism which targets components of any security systems,False,False,False,Vandalism
2017-04-21 00:00:00,10:34:00,04/21/2017,15:55:00,Kentucky: Bullitt County,SERC, Vandalism,0,0,2017,DOE_Electric_Disturbance_Events.xlsx:2017,Physical attack that could potentially impact electric power system adequacy or reliability; or vandalism which targets components of any security systems,False,False,False,Vandalism
2017-04-21 00:00:00,09:06:00,04/21/2017,17:45:00,"California: San Francisco, City and County of[10]",WECC,System Operations,130,88000,2017,DOE_Electric_Disturbance_Events.xlsx:2017,"Loss of electric service to more than 50,000 customers for 1 hour or more",False,False,False,System Operations
2017-04-23 00:00:00,23:55:00,04/23/2017,23:56:00,Oregon: Multnomah County,WECC,Vandalism,0,0,2017,DOE_Electric_Disturbance_Events.xlsx:2017,Physical attack that could potentially impact electric power system adequacy or reliability; or vandalism which targets components of any security systems,False,False,False,Vandalism
2017-04-24 00:00:00,05:32:00,04/24/2017,06:33:00,North Carolina: Mecklenburg County,SERC,Severe Weather,240,74698,2017,DOE_Electric_Disturbance_Events.xlsx:2017,"Loss of electric service to more than 50,000 customers for 1 hour or more",False,False,False,Severe Weather
2017-04-30 00:00:00,01:00:00,04/30/2017,17:45:00,"Arkansas, Louisiana, Mississippi",SERC,Severe Weather,Unknown,145174,2017,DOE_Electric_Disturbance_Events.xlsx:2017,"Loss of electric service to more than 50,000 customers for 1 hour or more",False,False,False,Severe Weather
2017-05-01 00:00:00,23:14:00,05/01/2017,23:34:00,Ohio,RFC,Severe Weather,Unknown,92390,2017,DOE_Electric_Disturbance_Events.xlsx:2017,"Loss of electric service to more than 50,000 customers for 1 hour or more",False,False,False,Severe Weather
2017-05-03 00:00:00,19:05:00,05/03/2017,21:00:00,California,WECC,Generation Inadequacy,878,Unknown,2017,DOE_Electric_Disturbance_Events.xlsx:2017,Load shedding of 100 Megawatts or more implemented under emergency operational policy,False,False,False,Generation Inadequacy
2017-05-03 00:00:00,18:58:00,05/03/2017,21:15:00,California,WECC,Generation Inadequacy,572,0,2017,DOE_Electric_Disturbance_Events.xlsx:2017,Load shedding of 100 Megawatts or more implemented under emergency operational policy,False,False,False,Generation Inadequacy
2017-05-03 00:00:00,23:00:00,Unknown,Unknown,"Pennsylvania: Philadelphia County, Montgomery County",RFC,Vandalism,0,0,2017,DOE_Electric_Disturbance_Events.xlsx:2017,Physical attack that could potentially impact electric power system adequacy or reliability; or vandalism which targets components of any security systems,False,False,False,Vandalism
2017-05-04 00:00:00,05:00:00,05/04/2017,22:00:00,Alabama: Georgia,SERC,Severe Weather,200,60377,2017,DOE_Electric_Disturbance_Events.xlsx:2017,"Loss of electric service to more than 50,000 customers for 1 hour or more",False,False,False,Severe Weather
2017-05-07 00:00:00,23:30:00,05/08/2017,05:00:00,Kentucky: Daviess County,SERC,Generation Inadequacy,80,0,2017,DOE_Electric_Disturbance_Events.xlsx:2017,Public appeal to reduce the use of electricity for purposes of maintaining the continuity of the electric power system,False,False,False,Generation Inadequacy
2017-05-07 00:00:00,05:15:00,Unknown,Unknown,California: Fresno County,WECC,Fuel Supply Deficiency,0,0,2017,DOE_Electric_Disturbance_Events.xlsx:2017,Fuel supply emergencies that could impact electric power system adequacy or reliability,False,False,False,Fuel Supply Deficiency
2017-05-11 00:00:00,11:05:00,05/11/2017,13:05:00,Washington: Yakima County,WECC,Vandalism,0,0,2017,DOE_Electric_Disturbance_Events.xlsx:2017,Physical attack that could potentially impact electric power system adequacy or reliability; or vandalism which targets components of any security systems,False,False,False,Vandalism
2017-05-19 00:00:00,05:30:00,Unknown,Unknown,Missouri: St. Louis County,SERC,Severe Weather,Unknown,70696,2017,DOE_Electric_Disturbance_Events.xlsx:2017,"Loss of electric service to more than 50,000 customers for 1 hour or more",False,False,False,Severe Weather
2017-05-21 00:00:00,16:44:00,05/21/2017,17:43:00,"Idaho: Lincoln County, Jerome County",WECC,Vandalism,21,9598,2017,DOE_Electric_Disturbance_Events.xlsx:2017,Physical attack that could potentially impact electric power system adequacy or reliability; or vandalism which targets components of any security systems,False,False,False,Vandalism
2017-05-23 00:00:00,05:02:00,05/23/2017,08:40:00,Tennessee: Davidson County,SERC,Vandalism,10,4700,2017,DOE_Electric_Disturbance_Events.xlsx:2017,Physical attack that could potentially impact electric power system adequacy or reliability; or vandalism which targets components of any security systems,False,False,False,Vandalism
2017-05-27 00:00:00,23:00:00,Unknown,Unknown,"Tennessee: Shelby County, Putnam County, Knox County, Davidson County, Hamilton County; Alabama: Madison County",SERC,Severe Weather,Unknown,116000,2017,DOE_Electric_Disturbance_Events.xlsx:2017,"Loss of electric service to more than 50,000 customers for 1 hour or more",False,False,False,Severe Weather
2017-05-27 00:00:00,23:10:00,Unknown,Unknown,Tennessee: Shelby County,SERC,Severe Weather,391,188000,2017,DOE_Electric_Disturbance_Events.xlsx:2017,"Loss of electric service to more than 50,000 customers for 1 hour or more",False,False,False,Severe Weather
2017-05-28 00:00:00,19:30:00,05/29/2017,22:00:00,Louisiana: Texas,SERC,Severe Weather,Unknown,103000,2017,DOE_Electric_Disturbance_Events.xlsx:2017,"Loss of electric service to more than 50,000 customers for 1 hour or more",True,False,True,Severe Weather
2017-05-28 00:00:00,16:27:00,05/28/2017,16:28:00,Nevada: Clark County,WECC,Vandalism,0,0,2017,DOE_Electric_Disturbance_Events.xlsx:2017,Physical attack that could potentially impact electric power system adequacy or reliability; or vandalism which targets components of any security systems,False,False,False,Vandalism
2017-05-28 00:00:00,19:30:00,05/29/2017,22:00:00,Texas: Louisiana,TRE,Severe Weather,Unknown,103000,2017,DOE_Electric_Disturbance_Events.xlsx:2017,"Loss of electric service to more than 50,000 customers for 1 hour or more",True,True,True,Severe Weather
2017-06-07 00:00:00,13:12:00,06/07/2017,13:13:00,Washington: Yakima County,WECC,Vandalism ,0,0,2017,DOE_Electric_Disturbance_Events.xlsx:2017,Physical attack that could potentially impact electric power system adequacy or reliability; or vandalism which targets components of any security systems,False,False,False,Vandalism
2017-06-11 00:00:00,13:25:00,06/11/2017,19:15:00,Wisconsin,MRO,Severe Weather,Unknown,53610,2017,DOE_Electric_Disturbance_Events.xlsx:2017,"Loss of electric service to more than 50,000 customers for 1 hour or more",False,False,False,Severe Weather
2017-06-11 00:00:00,14:39:00,06/11/2017,17:55:00,Michigan,RFC,Transmission Interruption,63,Unknown,2017,DOE_Electric_Disturbance_Events.xlsx:2017,Electrical System Separation (Islanding) where part or parts of a power grid remain(s) operational in an otherwise blacked out area or within the partial failure of an integrated electrical system,False,False,False,Transmission Interruption
2017-06-11 00:00:00,07:00:00,06/11/2017,11:22:00,Minnesota,MRO,Severe Weather,Unknown,70000,2017,DOE_Electric_Disturbance_Events.xlsx:2017,"Loss of electric service to more than 50,000 customers for 1 hour or more",False,False,False,Severe Weather
2017-06-15 00:00:00,17:00:00,06/15/2017,22:00:00,"Alabama, Georgia",SERC,Severe Weather,275,82713,2017,DOE_Electric_Disturbance_Events.xlsx:2017,"Loss of electric service to more than 50,000 customers for 1 hour or more",False,False,False,Severe Weather
2017-06-16 00:00:00,20:00:00,06/17/2017,06:00:00,Arkansas,SERC,Severe Weather,Unknown,76000,2017,DOE_Electric_Disturbance_Events.xlsx:2017,"Loss of electric service to more than 50,000 customers for 1 hour or more",False,False,False,Severe Weather
2017-06-16 00:00:00,20:00:00,Unknown,Unknown,"Nebraska: Cass County, Douglas County, Sarpy County",MRO,Severe Weather,Unknown,76000,2017,DOE_Electric_Disturbance_Events.xlsx:2017,"Loss of electric service to more than 50,000 customers for 1 hour or more",False,False,False,Severe Weather
2017-06-17 00:00:00,21:00:00,06/18/2017,07:00:00,"Kansas, Missouri: Jackson County, Platte County, Clay County, Cass County",MRO,Severe Weather,Unknown,84737,2017,DOE_Electric_Disturbance_Events.xlsx:2017,"Loss of electric service to more than 50,000 customers for 1 hour or more",False,False,False,Severe Weather
2017-06-21 00:00:00,00:00:00,06/21/2017,01:00:00,Oregon: Baker County,WECC,Physical Attack,0,0,2017,DOE_Electric_Disturbance_Events.xlsx:2017,Physical attack that could potentially impact electric power system adequacy or reliability; or vandalism which targets components of any security systems,False,False,False,Physical Attack
2017-06-22 00:00:00,18:00:00,06/25/2017,12:45:00,"Michigan: Wayne County, Monroe County",RFC,Severe Weather,Unknown,118631,2017,DOE_Electric_Disturbance_Events.xlsx:2017,"Loss of electric service to more than 50,000 customers for 1 hour or more",False,False,False,Severe Weather
2017-06-29 00:00:00,04:00:00,Unknown,Unknown,Louisiana: Orleans Parish,SERC,Vandalism ,130,6467,2017,DOE_Electric_Disturbance_Events.xlsx:2017,Physical attack that could potentially impact electric power system adequacy or reliability; or vandalism which targets components of any security systems,False,False,False,Vandalism
2017-06-30 00:00:00,07:45:00,06/30/2017,07:46:00,Idaho: Ada County,WECC,Vandalism ,0,0,2017,DOE_Electric_Disturbance_Events.xlsx:2017,Physical attack that could potentially impact electric power system adequacy or reliability; or vandalism which targets components of any security systems,False,False,False,Vandalism
2017-07-06 00:00:00,00:00:00,Unknown,Unknown,Idaho: Jerome County,WECC,Vandalism,0,0,2017,DOE_Electric_Disturbance_Events.xlsx:2017,Physical attack that could potentially impact electric power system adequacy or reliability; or vandalism which targets components of any security systems,False,False,False,Vandalism
2017-07-07 00:00:00,03:30:00,07/08/2017,19:30:00,"Michigan: Kent County, Ottawa County, Muskegon County, Barry County, Oceana County, Eaton County",RFC,Severe Weather,Unknown,160000,2017,DOE_Electric_Disturbance_Events.xlsx:2017,"Loss of electric service to more than 50,000 customers for 1 hour or more",False,False,False,Severe Weather
2017-07-08 00:00:00,18:52:00,07/09/2017,08:00:00,California: Los Angeles County,WECC,Transmission Interruption,645,176867,2017,DOE_Electric_Disturbance_Events.xlsx:2017,Uncontrolled loss of 300 Megawatts or more of firm system loads for more than 15 minutes from a single incident,False,False,False,Transmission Interruption
2017-07-11 00:00:00,10:00:00,07/11/2017,12:00:00,Minnesota,MRO,Vandalism,0,0,2017,DOE_Electric_Disturbance_Events.xlsx:2017,Physical attack that could potentially impact electric power system adequacy or reliability; or vandalism which targets components of any security systems,False,False,False,Vandalism
2017-07-12 00:00:00,12:25:00,07/15/2017,09:00:00,Tennessee,SERC,Vandalism,0,0,2017,DOE_Electric_Disturbance_Events.xlsx:2017,Physical attack that could potentially impact electric power system adequacy or reliability; or vandalism which targets components of any security systems,False,False,False,Vandalism
2017-07-12 00:00:00,12:25:00,Unknown,Unknown,Tennessee: Shelby County,SERC,Vandalism,Unknown,Unknown,2017,DOE_Electric_Disturbance_Events.xlsx:2017,Physical attack that could potentially impact electric power system adequacy or reliability; or vandalism which targets components of any security systems,False,False,False,Vandalism
2017-07-18 00:00:00,04:03:00,Unknown,Unknown,Missouri,SERC,Actual Physical Attack,Unknown,700,2017,DOE_Electric_Disturbance_Events.xlsx:2017,Physical attack that could potentially impact electric power system adequacy or reliability; or vandalism which targets components of any security systems,False,False,False,Actual Physical Attack
2017-07-18 00:00:00,16:23:00,07/18/2017,18:39:00,Nevada,WECC,Severe Weather,0,0,2017,DOE_Electric_Disturbance_Events.xlsx:2017,Uncontrolled loss of 300 Megawatts or more of firm system loads for more than 15 minutes from a single incident,False,False,False,Severe Weather
2017-07-20 00:00:00,01:00:00,07/20/2017,09:46:00,Utah: Beaver County,WECC,Vandalism,0,0,2017,DOE_Electric_Disturbance_Events.xlsx:2017,Physical attack that could potentially impact electric power system adequacy or reliability; or vandalism which targets components of any security systems,False,False,False,Vandalism
2017-07-22 00:00:00,22:00:00,07/23/2017,12:00:00,"Missouri: Clay County, Jackson County, Lafayette County, Platte County; Kansas: Johnson County, Miami County, Wyandotte County",SERC,Severe Weather,Unknown,112540,2017,DOE_Electric_Disturbance_Events.xlsx:2017,"Loss of electric service to more than 50,000 customers for 1 hour or more",False,False,False,Severe Weather
2017-07-22 00:00:00,22:00:00,Unknown,Unknown,Missouri,SERC,Severe Weather,Unknown,131000,2017,DOE_Electric_Disturbance_Events.xlsx:2017,"Loss of electric service to more than 50,000 customers for 1 hour or more",False,False,False,Severe Weather
2017-07-22 00:00:00,22:00:00,Unknown,Unknown,Missouri,SERC,Severe Weather,Unknown,115000,2017,DOE_Electric_Disturbance_Events.xlsx:2017,"Loss of electric service to more than 50,000 customers for 1 hour or more",False,False,False,Severe Weather
2017-07-23 00:00:00,04:00:00,Unknown,Unknown,Missouri: Illinois,SERC,Severe Weather,Unknown,82000,2017,DOE_Electric_Disturbance_Events.xlsx:2017,"Loss of electric service to more than 50,000 customers for 1 hour or more",False,False,False,Severe Weather
2017-07-27 00:00:00,06:00:00,07/27/2017,11:29:00,California: Butte County,WECC,Fuel Supply Deficiency,0,0,2017,DOE_Electric_Disturbance_Events.xlsx:2017,Fuel supply emergencies that could impact electric power system adequacy or reliability,False,False,False,Fuel Supply Deficiency
2017-08-05 00:00:00,13:20:00,08/05/2017,14:20:00,California: Humboldt County;,WECC,Vandalism,0,0,2017,DOE_Electric_Disturbance_Events.xlsx:2017,Physical attack that could potentially impact electric power system adequacy or reliability; or vandalism which targets components of any security systems,False,False,False,Vandalism
2017-08-21 00:00:00,23:41:00,08/22/2017,00:21:00,California: Plumas County;,WECC,System Operations,1,2,2017,DOE_Electric_Disturbance_Events.xlsx:2017,Electrical System Separation (Islanding) where part or parts of a power grid remain(s) operational in an otherwise blacked out area or within the partial failure of an integrated electrical system,False,False,False,System Operations
2017-08-25 00:00:00,18:30:00,09/05/2017,17:00:00,Texas:,TRE,Severe Weather,Unknown,330000,2017,DOE_Electric_Disturbance_Events.xlsx:2017,"Loss of electric service to more than 50,000 customers for 1 hour or more",True,True,True,Severe Weather
2017-08-25 00:00:00,18:17:00,09/02/2017,17:00:00,"Texas: Matagorda County, Nueces County, Aransas County, Refugio County, San Patricio County, Calhoun County, Victoria County, Jackson County, Live Oak County, Jim Wells County, Bee County, Lavaca County;",TRE,Severe Weather,Unknown,220400,2017,DOE_Electric_Disturbance_Events.xlsx:2017,"Loss of electric service to more than 50,000 customers for 1 hour or more",True,True,True,Severe Weather
2017-08-26 00:00:00,06:26:00,09/08/2017,00:00:00,Texas:,TRE,Severe Weather,Unknown,1076868,2017,DOE_Electric_Disturbance_Events.xlsx:2017,"Loss of electric service to more than 50,000 customers for 1 hour or more",True,True,True,Severe Weather
2017-08-26 00:00:00,00:39:00,08/26/2017,00:52:00,Texas:,TRE,Severe Weather,Unknown,Unknown,2017,DOE_Electric_Disturbance_Events.xlsx:2017,Electrical System Separation (Islanding) where part or parts of a power grid remain(s) operational in an otherwise blacked out area or within the partial failure of an integrated electrical system,True,True,True,Severe Weather
2017-08-27 00:00:00,05:10:00,09/08/2017,00:00:00,Texas: Harris County;,TRE,Severe Weather,Unknown,1076868,2017,DOE_Electric_Disturbance_Events.xlsx:2017,"Loss of electric service to more than 50,000 customers for 1 hour or more",True,True,True,Severe Weather
2017-08-30 00:00:00,02:15:00,Unknown,Unknown,Texas:,TRE,Severe Weather,Unknown,78500,2017,DOE_Electric_Disturbance_Events.xlsx:2017,"Loss of electric service to more than 50,000 customers for 1 hour or more",True,True,True,Severe Weather
2017-08-31 00:00:00,14:49:00,08/31/2017,17:14:00,California: Los Angeles County;,WECC,Severe Weather,100,0,2017,DOE_Electric_Disturbance_Events.xlsx:2017,Load shedding of 100 Megawatts or more implemented under emergency operational policy,False,False,False,Severe Weather
2017-09-01 00:00:00,15:41:00,09/01/2017,20:30:00,California:,WECC,Severe Weather,337,0,2017,DOE_Electric_Disturbance_Events.xlsx:2017,Load shedding of 100 Megawatts or more implemented under emergency operational policy,False,False,False,Severe Weather
2017-09-09 00:00:00,00:00:00,Unknown,Unknown,"Florida: Hillsborough County, Pasco County, Polk County;",FRCC,Severe Weather,1275,425000,2017,DOE_Electric_Disturbance_Events.xlsx:2017,"Loss of electric service to more than 50,000 customers for 1 hour or more",False,False,False,Severe Weather
2017-09-09 00:00:00,12:30:00,Unknown,Unknown,Florida:,FRCC,Severe Weather,Unknown,3500000,2017,DOE_Electric_Disturbance_Events.xlsx:2017,"Loss of electric service to more than 50,000 customers for 1 hour or more",False,False,False,Severe Weather
2017-09-10 00:00:00,20:37:00,Unknown,Unknown,Florida:,FRCC,Severe Weather,Unknown,452555,2017,DOE_Electric_Disturbance_Events.xlsx:2017,"Loss of electric service to more than 50,000 customers for 1 hour or more",False,False,False,Severe Weather
2017-09-10 00:00:00,18:35:00,09/13/2017,17:00:00,"Florida: Alachua County, Bay County, Brevard County, Citrus County, Columbia County, Dixie County, Flagler County, Franklin County, Gilchrist County, Gulf County, Hamilton County, Hardee County, Hernando County, Highlands County, Jefferson County, Lafayette County, Lake County, Leon County, Levy County, Madison County, Marion County, Orange County, Osceola County, Pasco County, Pinellas County, Polk County, Seminole County, Sumter County, Suwannee County, Taylor County, Volusia County, Wakulla County;",FRCC,Severe Weather,4500,1000000,2017,DOE_Electric_Disturbance_Events.xlsx:2017,"Loss of electric service to more than 50,000 customers for 1 hour or more",False,False,False,Severe Weather
2017-09-11 00:00:00,02:27:00,09/15/2017,20:44:00,Georgia:,SERC,Severe Weather,132,39659,2017,DOE_Electric_Disturbance_Events.xlsx:2017,"Loss of electric service to more than 50,000 customers for 1 hour or more",False,False,False,Severe Weather
2017-09-11 00:00:00,17:30:00,09/13/2017,09:30:00,North Carolina: South Carolina:,SERC,Severe Weather,365,265729,2017,DOE_Electric_Disturbance_Events.xlsx:2017,"Loss of electric service to more than 50,000 customers for 1 hour or more",False,False,False,Severe Weather
2017-09-11 00:00:00,00:30:00,Unknown,Unknown,Florida:,FRCC,Severe Weather,200,20000,2017,DOE_Electric_Disturbance_Events.xlsx:2017,"Loss of electric service to more than 50,000 customers for 1 hour or more",False,False,False,Severe Weather
2017-09-11 00:00:00,12:55:00,09/12/2017,08:00:00,South Carolina:,SERC,Severe Weather,687,154832,2017,DOE_Electric_Disturbance_Events.xlsx:2017,"Loss of electric service to more than 50,000 customers for 1 hour or more",False,False,False,Severe Weather
2017-10-04 00:00:00,02:30:00,Unknown,Unknown,Tennessee: Shelby County;,SERC,Vandalism,0,0,2017,DOE_Electric_Disturbance_Events.xlsx:2017,Physical attack that could potentially impact electric power system adequacy or reliability; or vandalism which targets components of any security systems,False,False,False,Vandalism
2017-10-04 00:00:00,01:20:00,10/04/2017,03:00:00,Mississippi:,SERC,Actual Physical Attack,Unknown,Unknown,2017,DOE_Electric_Disturbance_Events.xlsx:2017,Physical attack that could potentially impact electric power system adequacy or reliability; or vandalism which targets components of any security systems,False,False,False,Actual Physical Attack
2017-10-08 00:00:00,03:00:00,Unknown,Unknown,Alabama: Florida: Mississippi:,SERC,Severe Weather,306,91945,2017,DOE_Electric_Disturbance_Events.xlsx:2017,"Loss of electric service to more than 50,000 customers for 1 hour or more",False,False,False,Severe Weather
2017-10-09 00:00:00,02:03:00,10/17/2017,13:30:00,California:,WECC,Severe Weather/Transmission Interruption,177,117900,2017,DOE_Electric_Disturbance_Events.xlsx:2017,"Loss of electric service to more than 50,000 customers for 1 hour or more",False,False,False,Severe Weather/Transmission Interruption
2017-10-09 00:00:00,06:44:00,Unknown,Unknown,California:,WECC,Severe Weather,100,Unknown,2017,DOE_Electric_Disturbance_Events.xlsx:2017,Electrical System Separation (Islanding) where part or parts of a power grid remain(s) operational in an otherwise blacked out area or within the partial failure of an integrated electrical system,False,False,False,Severe Weather
2017-10-12 00:00:00,09:09:00,Unknown,Unknown,Mississippi: Coahoma County;,SERC,System Operations,Unknown,Unknown,2017,DOE_Electric_Disturbance_Events.xlsx:2017,Public appeal to reduce the use of electricity for purposes of maintaining the continuity of the electric power system,False,False,False,System Operations
2017-10-16 00:00:00,15:55:00,2017-10-16 00:00:00,16:10:00,Washington:,WECC,Transmission Interruption,0,0,2017,DOE_Electric_Disturbance_Events.xlsx:2017,Electrical System Separation (Islanding) where part or parts of a power grid remain(s) operational in an otherwise blacked out area or within the partial failure of an integrated electrical system,False,False,False,Transmission Interruption
2017-10-16 00:00:00,15:45:00,10/16/2017,16:09:00,Washington: Montana:,WECC,Transmission Interruption,0,0,2017,DOE_Electric_Disturbance_Events.xlsx:2017,Electrical System Separation (Islanding) where part or parts of a power grid remain(s) operational in an otherwise blacked out area or within the partial failure of an integrated electrical system,False,False,False,Transmission Interruption
2017-10-19 00:00:00,16:01:00,10/19/2017,16:02:00,Utah: Salt Lake County;,WECC,Suspected Physical Attack,0,0,2017,DOE_Electric_Disturbance_Events.xlsx:2017,Physical attack that could potentially impact electric power system adequacy or reliability; or vandalism which targets components of any security systems,False,False,False,Suspected Physical Attack
2017-10-20 00:00:00,03:44:00,10/20/2017,03:45:00,Washington:,WECC,Severe Weather,900,Unknown,2017,DOE_Electric_Disturbance_Events.xlsx:2017,Uncontrolled loss of 300 Megawatts or more of firm system loads for more than 15 minutes from a single incident,False,False,False,Severe Weather
2017-10-20 00:00:00,18:30:00,10/20/2017,22:22:00,Texas:,TRE,Vandalism,0,0,2017,DOE_Electric_Disturbance_Events.xlsx:2017,Physical attack that could potentially impact electric power system adequacy or reliability; or vandalism which targets components of any security systems,True,True,True,Vandalism
2017-10-22 00:00:00,08:45:00,10/22/2017,14:00:00,Louisiana: Mississippi: Arkansas: Texas:,SERC,Severe Weather,Unknown,Unknown,2017,DOE_Electric_Disturbance_Events.xlsx:2017,"Loss of electric service to more than 50,000 customers for 1 hour or more",True,False,True,Severe Weather
2017-10-23 00:00:00,17:50:00,10/24/2017,18:17:00,North Carolina: South Carolina:,SERC,Severe Weather,440,115144,2017,DOE_Electric_Disturbance_Events.xlsx:2017,"Loss of electric service to more than 50,000 customers for 1 hour or more",False,False,False,Severe Weather
2017-10-25 00:00:00,12:00:00,10/25/2017,16:00:00,California:,WECC,Suspicious Activity,Unknown,Unknown,2017,DOE_Electric_Disturbance_Events.xlsx:2017,Cyber event that could potentially impact electric power system adequacy or reliability,False,False,False,Suspicious Activity
2017-10-26 00:00:00,17:50:00,Unknown,Unknown,Montana: Big Horn County;,WECC,Actual Physical Attack,0,0,2017,DOE_Electric_Disturbance_Events.xlsx:2017,Physical attack that could potentially impact electric power system adequacy or reliability; or vandalism which targets components of any security systems,False,False,False,Actual Physical Attack
2017-10-26 00:00:00,08:17:00,10/26/2017,08:41:00,Washington: Whatcom County; Montana:,WECC,Transmission Interruption,0,0,2017,DOE_Electric_Disturbance_Events.xlsx:2017,Electrical System Separation (Islanding) where part or parts of a power grid remain(s) operational in an otherwise blacked out area or within the partial failure of an integrated electrical system,False,False,False,Transmission Interruption
2017-10-26 00:00:00,08:17:00,10/26/2017,08:41:00,Washington: Clark County;,WECC,Transmission Interruption,0,0,2017,DOE_Electric_Disturbance_Events.xlsx:2017,Electrical System Separation (Islanding) where part or parts of a power grid remain(s) operational in an otherwise blacked out area or within the partial failure of an integrated electrical system,False,False,False,Transmission Interruption
2017-10-29 00:00:00,23:40:00,11/01/2017,18:08:00,Connecticut: Massachusetts: New Hampshire: Maine: Rhode Island: Vermont:,NPCC,Severe Weather,Unknown,310453,2017,DOE_Electric_Disturbance_Events.xlsx:2017,"Loss of electric service to more than 50,000 customers for 1 hour or more",False,False,False,Severe Weather
2017-11-01 00:00:00,15:40:00,11/01/2017,22:00:00,Kentucky: Daviess County;,SERC,Generation Inadequacy,0,0,2017,DOE_Electric_Disturbance_Events.xlsx:2017,Public appeal to reduce the use of electricity for purposes of maintaining the continuity of the electric power system,False,False,False,Generation Inadequacy
2017-11-05 00:00:00,19:35:00,11/05/2017,23:09:00,Ohio:,RF,Severe Weather,Unknown,89216,2017,DOE_Electric_Disturbance_Events.xlsx:2017,"Loss of electric service to more than 50,000 customers for 1 hour or more",False,False,False,Severe Weather
2017-11-07 00:00:00,12:29:00,Unknown,Unknown,Louisiana:,SERC,Suspicious Activity,0,0,2017,DOE_Electric_Disturbance_Events.xlsx:2017,Physical attack that could potentially impact electric power system adequacy or reliability; or vandalism which targets components of any security systems,False,False,False,Suspicious Activity
2017-11-09 00:00:00,08:45:00,11/09/2017,14:00:00,Colorado: Weld County;,WECC,System Operations,0,0,2017,DOE_Electric_Disturbance_Events.xlsx:2017,Cyber event that could potentially impact electric power system adequacy or reliability,False,False,False,System Operations
2017-11-13 00:00:00,16:33:00,11/16/2017,06:00:00,Washington: King County;,WECC,Severe Weather,85,68430,2017,DOE_Electric_Disturbance_Events.xlsx:2017,"Loss of electric service to more than 50,000 customers for 1 hour or more",False,False,False,Severe Weather
2017-11-13 00:00:00,02:00:00,11/15/2017,08:17:00,"Washington: Island County, King County, Kitsap County, Thurston County, Skagit County, Whatcom County;",WECC,Severe Weather,Unknown,236100,2017,DOE_Electric_Disturbance_Events.xlsx:2017,"Loss of electric service to more than 50,000 customers for 1 hour or more",False,False,False,Severe Weather
2017-11-16 00:00:00,15:05:00,11/16/2017,15:06:00,Oregon: Tillamook County;,WECC,Vandalism,0,0,2017,DOE_Electric_Disturbance_Events.xlsx:2017,Physical attack that could potentially impact electric power system adequacy or reliability; or vandalism which targets components of any security systems,False,False,False,Vandalism
2017-11-24 00:00:00,17:06:00,11/26/2017,17:22:00,Nevada: Clark County;,WECC,Vandalism,0,0,2017,DOE_Electric_Disturbance_Events.xlsx:2017,Physical attack that could potentially impact electric power system adequacy or reliability; or vandalism which targets components of any security systems,False,False,False,Vandalism
2017-12-04 00:00:00,21:53:00,Unknown,Unknown,California:,WECC,Severe Weather/Transmission Interruption,540,263000,2017,DOE_Electric_Disturbance_Events.xlsx:2017,Uncontrolled loss of 300 Megawatts or more of firm system loads for more than 15 minutes from a single incident,False,False,False,Severe Weather/Transmission Interruption
2017-12-05 00:00:00,06:30:00,12/06/2017,10:00:00,"Michigan: Oscoda County, Isabella County, Roscommon County, Ogemaw County;",RF,Severe Weather,Unknown,117500,2017,DOE_Electric_Disturbance_Events.xlsx:2017,"Loss of electric service to more than 50,000 customers for 1 hour or more",False,False,False,Severe Weather
2017-12-05 00:00:00,06:50:00,12/05/2017,09:00:00,Louisiana:,SERC,Vandalism,0,0,2017,DOE_Electric_Disturbance_Events.xlsx:2017,Physical attack that could potentially impact electric power system adequacy or reliability; or vandalism which targets components of any security systems,False,False,False,Vandalism
2017-12-07 00:00:00,20:00:00,12/08/2017,17:00:00,Texas: Bexar County;,TRE,Severe Weather,Unknown,88000,2017,DOE_Electric_Disturbance_Events.xlsx:2017,"Loss of electric service to more than 50,000 customers for 1 hour or more",True,True,True,Severe Weather
2017-12-08 00:00:00,09:30:00,12/08/2017,22:30:00,Louisiana: Mississippi:,SERC,Severe Weather,Unknown,79000,2017,DOE_Electric_Disturbance_Events.xlsx:2017,"Loss of electric service to more than 50,000 customers for 1 hour or more",False,False,False,Severe Weather
2017-12-08 00:00:00,10:00:00,12/10/2017,20:50:00,Alabama: Georgia: Mississippi:,SERC,Severe Weather,865,301872,2017,DOE_Electric_Disturbance_Events.xlsx:2017,"Loss of electric service to more than 50,000 customers for 1 hour or more",False,False,False,Severe Weather
2017-12-10 00:00:00,01:25:00,12/10/2017,02:30:00,"California: Ventura County, Santa Barbara County;",WECC,Severe Weather/Transmission Interruption,110,51323,2017,DOE_Electric_Disturbance_Events.xlsx:2017,"Loss of electric service to more than 50,000 customers for 1 hour or more",False,False,False,Severe Weather/Transmission Interruption
2017-12-12 00:00:00,02:22:00,12/12/2017,02:25:00,New York: Saratoga County;,NPCC,Actual Physical Attack,3,1208,2017,DOE_Electric_Disturbance_Events.xlsx:2017,Physical attack that could potentially impact electric power system adequacy or reliability; or vandalism which targets components of any security systems,False,False,False,Actual Physical Attack
2017-12-13 00:00:00,09:55:00,12/13/2017,14:45:00,New York: Suffolk County;,NPCC,Fuel Supply Deficiency,0,0,2017,DOE_Electric_Disturbance_Events.xlsx:2017,Fuel supply emergencies that could impact electric power system adequacy or reliability,False,False,False,Fuel Supply Deficiency
2017-12-13 00:00:00,08:50:00,Unknown,Unknown,Connecticut: New Haven County[13];,NPCC,Suspicious Activity,0,0,2017,DOE_Electric_Disturbance_Events.xlsx:2017,Physical attack that could potentially impact electric power system adequacy or reliability; or vandalism which targets components of any security systems,False,False,False,Suspicious Activity
2017-12-18 00:00:00,13:00:00,12/18/2017,17:00:00,Mississippi:,SERC,Vandalism,0,0,2017,DOE_Electric_Disturbance_Events.xlsx:2017,Physical attack that could potentially impact electric power system adequacy or reliability; or vandalism which targets components of any security systems,False,False,False,Vandalism
2017-12-19 00:00:00,08:40:00,12/19/2017,10:36:00,Florida: Alachua County;,FRCC,Vandalism,0,0,2017,DOE_Electric_Disturbance_Events.xlsx:2017,Physical attack that could potentially impact electric power system adequacy or reliability; or vandalism which targets components of any security systems,False,False,False,Vandalism
2017-12-29 00:00:00,06:15:00,12/29/2017,11:44:00,Texas: Calhoun County;,TRE,Suspicious Activity,Unknown,Unknown,2017,DOE_Electric_Disturbance_Events.xlsx:2017,Physical attack that could potentially impact electric power system adequacy or reliability; or vandalism which targets components of any security systems,True,True,True,Suspicious Activity
2017-12-29 00:00:00,07:00:00,Unknown,Unknown,New York: Tompkins County;,NPCC,Fuel Supply Deficiency,210,Unknown,2017,DOE_Electric_Disturbance_Events.xlsx:2017,Fuel supply emergencies that could impact electric power system adequacy or reliability,False,False,False,Fuel Supply Deficiency
2017-12-31 00:00:00,23:54:00,01/01/2018,14:14:00,Colorado:,WECC,Vandalism,0,0,2017,DOE_Electric_Disturbance_Events.xlsx:2017,Physical attack that could potentially impact electric power system adequacy or reliability; or vandalism which targets components of any security systems,False,False,False,Vandalism
2018-01-01 00:00:00,18:21:00,01/02/2018,18:11:00,Tennessee:,SERC,Severe Weather,Unknown,Unknown,2018,DOE_Electric_Disturbance_Events.xlsx:2018,Public appeal to reduce the use of electricity for purposes of maintaining the continuity of the electric power system ,False,False,False,Severe Weather
2018-01-01 00:00:00,17:43:00,Unknown,Unknown,Texas:,TRE,Severe Weather,Unknown,Unknown,2018,DOE_Electric_Disturbance_Events.xlsx:2018,Public appeal to reduce the use of electricity for purposes of maintaining the continuity of the electric power system ,True,True,True,Severe Weather
2018-01-01 00:00:00,21:37:00,01/02/2018,10:30:00,Tennessee:,SERC,System Operations,Unknown,Unknown,2018,DOE_Electric_Disturbance_Events.xlsx:2018,Public appeal to reduce the use of electricity for purposes of maintaining the continuity of the electric power system ,False,False,False,System Operations
2018-01-02 00:00:00,10:00:00,02/12/2018,08:00:00,New York: Niagara County;,NPCC,Fuel Supply Deficiency,675,Unknown,2018,DOE_Electric_Disturbance_Events.xlsx:2018,Fuel supply emergencies that could impact electric power system adequacy or reliability,False,False,False,Fuel Supply Deficiency
2018-01-02 00:00:00,07:30:00,Unknown,Unknown,South Carolina:,SERC,Severe Weather,0,717000,2018,DOE_Electric_Disturbance_Events.xlsx:2018,Public appeal to reduce the use of electricity for purposes of maintaining the continuity of the electric power system ,False,False,False,Severe Weather
2018-01-02 00:00:00,06:45:00,01/02/2018,09:00:00,North Carolina: South Carolina:,SERC,Severe Weather,14998,Unknown,2018,DOE_Electric_Disturbance_Events.xlsx:2018,System-wide voltage reductions of 3 percent or more,False,False,False,Severe Weather
2018-01-04 00:00:00,01:49:00,01/04/2018,02:09:00,Texas: Midland County;,TRE,Actual Physical Attack,Unknown,500,2018,DOE_Electric_Disturbance_Events.xlsx:2018,Physical attack that could potentially impact electric power system adequacy or reliability; or vandalism which targets components of any security systems,True,True,True,Actual Physical Attack
2018-01-12 00:00:00,13:08:00,01/12/2018,14:53:00,"Michigan: Midland County, Genesee County;",RF,System Operations,41,23007,2018,DOE_Electric_Disturbance_Events.xlsx:2018,Cyber event that causes interruptions of electrical system operations,False,False,False,System Operations
2018-01-15 00:00:00,04:20:00,01/18/2018,05:48:00,Texas:,TRE,Severe Weather,Unknown,Unknown,2018,DOE_Electric_Disturbance_Events.xlsx:2018,Public appeal to reduce the use of electricity for purposes of maintaining the continuity of the electric power system ,True,True,True,Severe Weather
2018-01-16 00:00:00,15:00:00,01/18/2018,13:00:00,Tennessee:,SERC,Severe Weather,Unknown,Unknown,2018,DOE_Electric_Disturbance_Events.xlsx:2018,Public appeal to reduce the use of electricity for purposes of maintaining the continuity of the electric power system ,False,False,False,Severe Weather
2018-01-16 00:00:00,15:00:00,01/18/2018,13:00:00,Tennessee: Shelby County;,SERC,System Operations,Unknown,Unknown,2018,DOE_Electric_Disturbance_Events.xlsx:2018,Public appeal to reduce the use of electricity for purposes of maintaining the continuity of the electric power system ,False,False,False,System Operations
2018-01-16 00:00:00,13:57:00,01/16/2018,14:32:00,Texas:,TRE,Severe Weather,Unknown,Unknown,2018,DOE_Electric_Disturbance_Events.xlsx:2018,Electrical System Separation (Islanding) where part or parts of a power grid remain(s) operational in an otherwise blacked out area or within the partial failure of an integrated electrical system,True,True,True,Severe Weather
2018-01-17 00:00:00,05:10:00,01/17/2018,13:00:00,Mississippi:,SERC,System Operations,1788,420000,2018,DOE_Electric_Disturbance_Events.xlsx:2018,Public appeal to reduce the use of electricity for purposes of maintaining the continuity of the electric power system ,False,False,False,System Operations
2018-01-17 00:00:00,06:10:00,01/17/2018,14:00:00,Louisiana:,SERC,System Operations,Unknown,Unknown,2018,DOE_Electric_Disturbance_Events.xlsx:2018,Public appeal to reduce the use of electricity for purposes of maintaining the continuity of the electric power system ,False,False,False,System Operations
2018-01-18 00:00:00,05:00:00,01/18/2018,11:00:00,Arkansas: Mississippi: Louisiana: Texas:,SERC,Severe Weather,31500,Unknown,2018,DOE_Electric_Disturbance_Events.xlsx:2018,Public appeal to reduce the use of electricity for purposes of maintaining the continuity of the electric power system ,True,False,True,Severe Weather
2018-01-18 00:00:00,05:00:00,01/18/2018,09:45:00,Mississippi:,SERC,System Operations,1760,420000,2018,DOE_Electric_Disturbance_Events.xlsx:2018,Public appeal to reduce the use of electricity for purposes of maintaining the continuity of the electric power system ,False,False,False,System Operations
2018-01-18 00:00:00,06:00:00,Unknown,Unknown,Louisiana:,SERC,System Operations,Unknown,Unknown,2018,DOE_Electric_Disturbance_Events.xlsx:2018,Public appeal to reduce the use of electricity for purposes of maintaining the continuity of the electric power system ,False,False,False,System Operations
2018-01-25 00:00:00,20:19:00,01/26/2018,02:00:00,Pennsylvania: Montgomery County;,RF,Suspicious Activity,Unknown,Unknown,2018,DOE_Electric_Disturbance_Events.xlsx:2018,Cyber event that could potentially impact electric power system adequacy or reliability,False,False,False,Suspicious Activity
2018-02-04 00:00:00,13:42:00,02/04/2018,15:25:00,California:,WECC,Vandalism,9760,0,2018,DOE_Electric_Disturbance_Events.xlsx:2018,Physical attack that could potentially impact electric power system adequacy or reliability; or vandalism which targets components of any security systems,False,False,False,Vandalism
2018-02-08 00:00:00,13:25:00,02/08/2018,13:31:00,California:,WECC,System Operations,30,10900,2018,DOE_Electric_Disturbance_Events.xlsx:2018,Electrical System Separation (Islanding) where part or parts of a power grid remain(s) operational in an otherwise blacked out area or within the partial failure of an integrated electrical system,False,False,False,System Operations
2018-02-17 00:00:00,16:33:00,02/18/2018,00:00:00,Oregon: Washington: California:,WECC,Vandalism,2330,0,2018,DOE_Electric_Disturbance_Events.xlsx:2018,Physical attack that causes major interruptions or impacts to critical infrastructure facilities or to operations,False,False,False,Vandalism
2018-02-17 00:00:00,17:56:00,02/18/2018,04:11:00,Oregon: Washington: California:,WECC,Vandalism,2327,0,2018,DOE_Electric_Disturbance_Events.xlsx:2018,Physical attack that causes major interruptions or impacts to critical infrastructure facilities or to operations,False,False,False,Vandalism
2018-02-28 00:00:00,12:08:00,03/01/2018,15:45:00,Florida:,FRCC,System Operations,0,0,2018,DOE_Electric_Disturbance_Events.xlsx:2018,Cyber event that could potentially impact electric power system adequacy or reliability,False,False,False,System Operations
2018-02-28 00:00:00,12:08:00,03/01/2018,15:45:00,Florida:,FRCC,System Operations,0,0,2018,DOE_Electric_Disturbance_Events.xlsx:2018,Cyber event that could potentially impact electric power system adequacy or reliability,False,False,False,System Operations
2018-03-01 00:00:00,11:43:00,03/01/2018,11:56:00,California:,WECC,Severe Weather,38,10898,2018,DOE_Electric_Disturbance_Events.xlsx:2018,Electrical System Separation (Islanding) where part or parts of a power grid remain(s) operational in an otherwise blacked out area or within the partial failure of an integrated electrical system,False,False,False,Severe Weather
2018-03-01 00:00:00,21:57:00,03/02/2018,10:14:00,Ohio:,RF,Severe Weather,Unknown,86501,2018,DOE_Electric_Disturbance_Events.xlsx:2018,"Loss of electric service to more than 50,000 customers for 1 hour or more",False,False,False,Severe Weather
2018-03-01 00:00:00,22:20:00,03/04/2018,20:00:00,"Michigan: Wayne County, Washtenaw County, Oakland County, Macomb County, Monroe County;",RF,Severe Weather,Unknown,95000,2018,DOE_Electric_Disturbance_Events.xlsx:2018,"Loss of electric service to more than 50,000 customers for 1 hour or more",False,False,False,Severe Weather
2018-03-02 00:00:00,17:00:00,03/06/2018,11:00:00,Delaware: Maryland:,RF,Severe Weather,Unknown,60000,2018,DOE_Electric_Disturbance_Events.xlsx:2018,"Loss of electric service to more than 50,000 customers for 1 hour or more",False,False,False,Severe Weather
2018-03-02 00:00:00,23:17:00,03/03/2018,00:51:00,Washington: Clark County;,WECC,Vandalism,0,0,2018,DOE_Electric_Disturbance_Events.xlsx:2018,Physical attack that could potentially impact electric power system adequacy or reliability; or vandalism which targets components of any security systems,False,False,False,Vandalism
2018-03-02 00:00:00,15:10:00,03/06/2018,04:57:00,Ohio:,RF,Severe Weather,Unknown,249322,2018,DOE_Electric_Disturbance_Events.xlsx:2018,"Loss of electric service to more than 50,000 customers for 1 hour or more",False,False,False,Severe Weather
2018-03-02 00:00:00,11:34:00,Unknown,Unknown,New York:,NPCC,Severe Weather,Unknown,50000,2018,DOE_Electric_Disturbance_Events.xlsx:2018,"Loss of electric service to more than 50,000 customers for 1 hour or more",False,False,False,Severe Weather
2018-03-02 00:00:00,15:46:00,03/04/2018,19:46:00,"New York: New York County, Westchester County;",NPCC,Severe Weather,Unknown,72353,2018,DOE_Electric_Disturbance_Events.xlsx:2018,"Loss of electric service to more than 50,000 customers for 1 hour or more",False,False,False,Severe Weather
2018-03-02 00:00:00,13:51:00,03/05/2018,13:18:00,Connecticut: Massachusetts: Rhode Island:,NPCC,Severe Weather,Unknown,325000,2018,DOE_Electric_Disturbance_Events.xlsx:2018,"Loss of electric service to more than 50,000 customers for 1 hour or more",False,False,False,Severe Weather
2018-03-02 00:00:00,13:51:00,03/04/2018,12:11:00,Pennsylvania:,RF,Severe Weather,Unknown,233136,2018,DOE_Electric_Disturbance_Events.xlsx:2018,"Loss of electric service to more than 50,000 customers for 1 hour or more",False,False,False,Severe Weather
2018-03-02 00:00:00,11:58:00,Unknown,Unknown,"Pennsylvania: Berks County, Bucks County, Carbon County, Chester County, Clinton County, Columbia County, Cumberland County, Dauphin County, Juniata County, Lackawanna County, Lancaster County, Lebanon County, Lehigh County, Luzerne County, Lycoming County, Monroe County, Montgomery County, Montour County, Northampton County, Northumberland County, Pike County, Schuylkill County, Snyder County;",RF,Severe Weather,Unknown,126000,2018,DOE_Electric_Disturbance_Events.xlsx:2018,Electrical System Separation (Islanding) where part or parts of a power grid remain(s) operational in an otherwise blacked out area or within the partial failure of an integrated electrical system,False,False,False,Severe Weather
2018-03-02 00:00:00,12:00:00,03/05/2018,00:00:00,Pennsylvania:,RF,Severe Weather,Unknown,630000,2018,DOE_Electric_Disturbance_Events.xlsx:2018,"Loss of electric service to more than 50,000 customers for 1 hour or more",False,False,False,Severe Weather
2018-03-02 00:00:00,07:00:00,Unknown,Unknown,"New York: Dutchess County, Orange County, Greene County, Ulster County, Putnam County, Sullivan County, Albany County, Columbia County;",NPCC,Severe Weather,Unknown,90000,2018,DOE_Electric_Disturbance_Events.xlsx:2018,"Loss of electric service to more than 50,000 customers for 1 hour or more",False,False,False,Severe Weather
2018-03-02 00:00:00,12:00:00,Unknown,Unknown,Maryland:,RF,Severe Weather,670,474019,2018,DOE_Electric_Disturbance_Events.xlsx:2018,Public appeal to reduce the use of electricity for purposes of maintaining the continuity of the electric power system,False,False,False,Severe Weather
2018-03-02 00:00:00,08:42:00,Unknown,Unknown,New York:,NPCC,Severe Weather,Unknown,63331,2018,DOE_Electric_Disturbance_Events.xlsx:2018,"Loss of electric service to more than 50,000 customers for 1 hour or more",False,False,False,Severe Weather
2018-03-02 00:00:00,08:00:00,03/03/2018,23:00:00,Virginia: West Virginia:,RF,Severe Weather,Unknown,65198,2018,DOE_Electric_Disturbance_Events.xlsx:2018,"Loss of electric service to more than 50,000 customers for 1 hour or more",False,False,False,Severe Weather
2018-03-07 00:00:00,16:10:00,03/10/2018,11:32:00,New Jersey:,RF,Severe Weather,Unknown,216800,2018,DOE_Electric_Disturbance_Events.xlsx:2018,"Loss of electric service to more than 50,000 customers for 1 hour or more",False,False,False,Severe Weather
2018-03-07 00:00:00,17:15:00,Unknown,Unknown,New Jersey:,RF,Severe Weather,50,58000,2018,DOE_Electric_Disturbance_Events.xlsx:2018,"Loss of electric service to more than 50,000 customers for 1 hour or more",False,False,False,Severe Weather
2018-03-07 00:00:00,12:00:00,03/07/2018,17:00:00,Pennsylvania:,RF,Severe Weather,Unknown,120000,2018,DOE_Electric_Disturbance_Events.xlsx:2018,"Loss of electric service to more than 50,000 customers for 1 hour or more",False,False,False,Severe Weather
2018-03-07 00:00:00,19:37:00,03/10/2018,16:35:00,Connecticut: Massachusetts: Maine: New Hampshire: Rhode Island: Vermont:,NPCC,Severe Weather,Unknown,102000,2018,DOE_Electric_Disturbance_Events.xlsx:2018,"Loss of electric service to more than 50,000 customers for 1 hour or more",False,False,False,Severe Weather
2018-03-12 00:00:00,00:00:00,04/06/2018,11:00:00,New York: Dutchess County;,NPCC,Vandalism,0,0,2018,DOE_Electric_Disturbance_Events.xlsx:2018,Physical attack that could potentially impact electric power system adequacy or reliability; or vandalism which targets components of any security systems,False,False,False,Vandalism
2018-03-13 00:00:00,08:50:00,03/14/2018,23:22:00,Massachusetts: Rhode Island:,NPCC,Severe Weather,Unknown,123629,2018,DOE_Electric_Disturbance_Events.xlsx:2018,"Loss of electric service to more than 50,000 customers for 1 hour or more",False,False,False,Severe Weather
2018-03-13 00:00:00,00:10:00,03/13/2018,00:34:00,Colorado:,WECC,Suspicious Activity,0,0,2018,DOE_Electric_Disturbance_Events.xlsx:2018,Physical attack that could potentially impact electric power system adequacy or reliability; or vandalism which targets components of any security systems,False,False,False,Suspicious Activity
2018-03-19 00:00:00,23:29:00,03/20/2018,03:37:00,Alabama: Georgia:,SERC,Severe Weather,261,78220,2018,DOE_Electric_Disturbance_Events.xlsx:2018,"Loss of electric service to more than 50,000 customers for 1 hour or more",False,False,False,Severe Weather
2018-03-20 00:00:00,19:00:00,03/25/2018,06:30:00,"New Jersey: Atlantic County, Camden County, Cape May County, Gloucester County, Salem County, Cumberland County, Burlington County;",RF,Severe Weather,80,124000,2018,DOE_Electric_Disturbance_Events.xlsx:2018,"Loss of electric service to more than 50,000 customers for 1 hour or more",False,False,False,Severe Weather
2018-03-24 00:00:00,22:30:00,03/26/2018,20:00:00,Virginia: West Virginia:,RF,Severe Weather,Unknown,81227,2018,DOE_Electric_Disturbance_Events.xlsx:2018,"Loss of electric service to more than 50,000 customers for 1 hour or more",False,False,False,Severe Weather
2018-03-26 00:00:00,03:05:00,03/26/2018,03:35:00,California:,WECC,Vandalism,0,0,2018,DOE_Electric_Disturbance_Events.xlsx:2018,Physical attack that could potentially impact electric power system adequacy or reliability; or vandalism which targets components of any security systems,False,False,False,Vandalism
2018-03-28 00:00:00,15:00:00,03/28/2018,16:00:00,Washington: Walla Walla County;,WECC,Vandalism,12,1185,2018,DOE_Electric_Disturbance_Events.xlsx:2018,Physical attack that could potentially impact electric power system adequacy or reliability; or vandalism which targets components of any security systems,False,False,False,Vandalism
2018-04-03 00:00:00,11:15:00,04/03/2018,11:30:00,California:,WECC,Vandalism,0,0,2018,DOE_Electric_Disturbance_Events.xlsx:2018,Physical attack that could potentially impact electric power system adequacy or reliability; or vandalism which targets components of any security systems,False,False,False,Vandalism
2018-04-04 00:00:00,16:42:00,04/07/2018,06:22:00,New York:,NPCC,Severe Weather,Unknown,72896,2018,DOE_Electric_Disturbance_Events.xlsx:2018,"Loss of electric service to more than 50,000 customers for 1 hour or more",False,False,False,Severe Weather
2018-04-05 00:00:00,00:50:00,04/05/2018,16:00:00,Connecticut: Maine: Massachusetts: New Hampshire: Rhode Island: Vermont:,NPCC,Severe Weather,Unknown,65932,2018,DOE_Electric_Disturbance_Events.xlsx:2018,"Loss of electric service to more than 50,000 customers for 1 hour or more",False,False,False,Severe Weather
2018-04-09 00:00:00,10:07:00,04/09/2018,16:00:00,Washington: Walla Walla County;,WECC,Vandalism,0,0,2018,DOE_Electric_Disturbance_Events.xlsx:2018,Physical attack that could potentially impact electric power system adequacy or reliability; or vandalism which targets components of any security systems,False,False,False,Vandalism
2018-04-09 00:00:00,12:16:00,04/09/2018,13:52:00,Utah: Salt Lake County;,WECC,Transmission Interruption,806,57000,2018,DOE_Electric_Disturbance_Events.xlsx:2018,Uncontrolled loss of 300 Megawatts or more of firm system loads for more than 15 minutes from a single incident,False,False,False,Transmission Interruption
2018-04-09 00:00:00,11:16:00,Unknown,Unknown,Utah:,WECC,Transmission Interruption,300,250000,2018,DOE_Electric_Disturbance_Events.xlsx:2018,Uncontrolled loss of 300 Megawatts or more of firm system loads for more than 15 minutes from a single incident,False,False,False,Transmission Interruption
2018-04-09 00:00:00,23:10:00,04/10/2018,06:47:00,Florida: Palm Beach County;,FRCC,Sabotage,55,27000,2018,DOE_Electric_Disturbance_Events.xlsx:2018,Physical attack that causes major interruptions or impacts to critical infrastructure facilities or to operations,False,False,False,Sabotage
2018-04-14 00:00:00,09:30:00,04/14/2018,10:00:00,Louisiana: Arkansas: Mississippi: Texas:,SERC,Severe Weather,Unknown,56350,2018,DOE_Electric_Disturbance_Events.xlsx:2018,"Loss of electric service to more than 50,000 customers for 1 hour or more",True,False,True,Severe Weather
2018-04-15 00:00:00,07:30:00,04/18/2018,07:30:00,Michigan:,RF,Severe Weather,Unknown,389591,2018,DOE_Electric_Disturbance_Events.xlsx:2018,"Loss of electric service to more than 50,000 customers for 1 hour or more",False,False,False,Severe Weather
2018-04-15 00:00:00,17:14:00,04/15/2018,23:25:00,North Carolina: South Carolina:,SERC,Severe Weather,Unknown,78100,2018,DOE_Electric_Disturbance_Events.xlsx:2018,"Loss of electric service to more than 50,000 customers for 1 hour or more",False,False,False,Severe Weather
2018-05-02 00:00:00,14:52:00,05/02/2018,16:14:00,North Carolina:,SERC,Vandalism,0,0,2018,DOE_Electric_Disturbance_Events.xlsx:2018,Physical attack that could potentially impact electric power system adequacy or reliability; or vandalism which targets components of any security systems,False,False,False,Vandalism
2018-05-04 00:00:00,14:00:00,05/05/2018,09:30:00,"Michigan: Calhoun County, Genesee County, Ingham County, Kent County, Macomb County, Midland County, Saginaw County, Gratiot County;",RF,Severe Weather,Unknown,90000,2018,DOE_Electric_Disturbance_Events.xlsx:2018,"Loss of electric service to more than 50,000 customers for 1 hour or more",False,False,False,Severe Weather
2018-05-04 00:00:00,12:00:00,05/06/2018,13:00:00,Michigan:,RF,Severe Weather,Unknown,300000,2018,DOE_Electric_Disturbance_Events.xlsx:2018,"Loss of electric service to more than 50,000 customers for 1 hour or more",False,False,False,Severe Weather
2018-05-04 00:00:00,20:10:00,Unknown,Unknown,New York:,NPCC,Severe Weather,Unknown,106150,2018,DOE_Electric_Disturbance_Events.xlsx:2018,"Loss of electric service to more than 50,000 customers for 1 hour or more",False,False,False,Severe Weather
2018-05-04 00:00:00,23:10:00,05/05/2018,00:40:00,New Hampshire: Vermont:,NPCC,Severe Weather,Unknown,56000,2018,DOE_Electric_Disturbance_Events.xlsx:2018,"Loss of electric service to more than 50,000 customers for 1 hour or more",False,False,False,Severe Weather
2018-05-05 00:00:00,04:30:00,05/05/2018,15:30:00,Vermont: New Hampshire: Maine:,NPCC,Severe Weather,Unknown,31900,2018,DOE_Electric_Disturbance_Events.xlsx:2018,"Loss of electric service to more than 50,000 customers for 1 hour or more",False,False,False,Severe Weather
2018-05-07 00:00:00,10:30:00,05/07/2018,10:36:00,New York: Tompkins County;,NPCC,Suspected Physical Attack,0,0,2018,DOE_Electric_Disturbance_Events.xlsx:2018,Physical attack that could potentially impact electric power system adequacy or reliability; or vandalism which targets components of any security systems,False,False,False,Suspected Physical Attack
2018-05-08 00:00:00,16:00:00,05/08/2018,16:01:00,Utah: Washington County;,WECC,Actual Physical Attack,0,0,2018,DOE_Electric_Disturbance_Events.xlsx:2018,Physical attack that could potentially impact electric power system adequacy or reliability; or vandalism which targets components of any security systems,False,False,False,Actual Physical Attack
2018-05-14 00:00:00,19:08:00,Unknown,Unknown,Virginia:,SERC,Severe Weather,Unknown,112000,2018,DOE_Electric_Disturbance_Events.xlsx:2018,"Loss of electric service to more than 50,000 customers for 1 hour or more",False,False,False,Severe Weather
2018-05-15 00:00:00,14:50:00,Unknown,Unknown,"Pennsylvania: Lehigh County, Schuylkill County, Cumberland County, Lancaster County, Northampton County, Berks County, Clinton County, Susquehanna County, Bucks County, Carbon County, Chester County, Columbia County, Juniata County;",RF,Severe Weather,Unknown,114000,2018,DOE_Electric_Disturbance_Events.xlsx:2018,"Loss of electric service to more than 50,000 customers for 1 hour or more",False,False,False,Severe Weather
2018-05-15 00:00:00,16:00:00,Unknown,Unknown,"New York: Dutchess County, Ulster County, Orange County;",NPCC,Severe Weather,Unknown,72000,2018,DOE_Electric_Disturbance_Events.xlsx:2018,"Loss of electric service to more than 50,000 customers for 1 hour or more",False,False,False,Severe Weather
2018-05-15 00:00:00,17:25:00,Unknown,Unknown,New Jersey:,RF,Severe Weather,Unknown,82372,2018,DOE_Electric_Disturbance_Events.xlsx:2018,"Loss of electric service to more than 50,000 customers for 1 hour or more",False,False,False,Severe Weather
2018-05-15 00:00:00,18:14:00,05/15/2018,19:00:00,Pennsylvania:,RF,Severe Weather,Unknown,52872,2018,DOE_Electric_Disturbance_Events.xlsx:2018,"Loss of electric service to more than 50,000 customers for 1 hour or more",False,False,False,Severe Weather
2018-05-15 00:00:00,18:35:00,05/18/2018,15:57:00,Connecticut: Massachusetts: Rhode Island:,NPCC,Severe Weather,Unknown,120000,2018,DOE_Electric_Disturbance_Events.xlsx:2018,"Loss of electric service to more than 50,000 customers for 1 hour or more",False,False,False,Severe Weather
2018-05-15 00:00:00,15:00:00,05/18/2018,13:48:00,Massachusetts:,NPCC,Vandalism,0,0,2018,DOE_Electric_Disturbance_Events.xlsx:2018,Physical attack that could potentially impact electric power system adequacy or reliability; or vandalism which targets components of any security systems,False,False,False,Vandalism
2018-05-15 00:00:00,17:15:00,Unknown,Unknown,New York:,NPCC,Severe Weather,Unknown,49999,2018,DOE_Electric_Disturbance_Events.xlsx:2018,"Loss of electric service to more than 50,000 customers for 1 hour or more",False,False,False,Severe Weather
2018-05-17 00:00:00,01:11:00,Unknown,Unknown,California: Contra Costa County;,WECC,Severe Weather,70,70000,2018,DOE_Electric_Disturbance_Events.xlsx:2018,"Loss of electric service to more than 50,000 customers for 1 hour or more",False,False,False,Severe Weather
2018-05-17 00:00:00,01:11:00,05/18/2018,00:38:00,California:,WECC,Transmission Disruption,124,70000,2018,DOE_Electric_Disturbance_Events.xlsx:2018,"Loss of electric service to more than 50,000 customers for 1 hour or more",False,False,False,Transmission Disruption
2018-05-26 00:00:00,18:40:00,05/27/2018,23:50:00,Texas: Harris County;,TRE,Severe Weather,Unknown,163932,2018,DOE_Electric_Disturbance_Events.xlsx:2018,"Loss of electric service to more than 50,000 customers for 1 hour or more",True,True,True,Severe Weather
2018-06-02 00:00:00,05:00:00,06/02/2018,11:00:00,"Missouri: Jackson County, Clay County, Platte County, Andrew County; Kansas: Johnson County;",SPP RE,Severe Weather,Unknown,103535,2018,DOE_Electric_Disturbance_Events.xlsx:2018,"Loss of electric service to more than 50,000 customers for 1 hour or more",False,False,False,Severe Weather
2018-06-04 00:00:00,08:50:00,06/04/2018,14:00:00,Florida: Alachua County;,FRCC,Vandalism,0,0,2018,DOE_Electric_Disturbance_Events.xlsx:2018,Physical attack that could potentially impact electric power system adequacy or reliability; or vandalism which targets components of any security systems,False,False,False,Vandalism
2018-06-09 00:00:00,09:54:00,06/09/2018,12:12:00,Georgia:,SERC,System Operations,0,0,2018,DOE_Electric_Disturbance_Events.xlsx:2018,Unplanned evacuation from its Bulk Electric System control center facility for 30 continuous minutes or more,False,False,False,System Operations
2018-06-10 00:00:00,14:25:00,06/11/2018,05:58:00,Kentucky:,SERC,System Operations,Unknown,Unknown,2018,DOE_Electric_Disturbance_Events.xlsx:2018,Unplanned evacuation from its Bulk Electric System control center facility for 30 continuous minutes or more,False,False,False,System Operations
2018-06-12 00:00:00,16:15:00,Unknown,Unknown,Nevada: Clark County;,WECC,Vandalism,0,0,2018,DOE_Electric_Disturbance_Events.xlsx:2018,Damage or destruction of its Facility that results from actual or suspected intentional human action.,False,False,False,Vandalism
2018-06-12 00:00:00,15:00:00,06/12/2018,15:15:00,California: Kern County;,WECC,Vandalism,0,0,2018,DOE_Electric_Disturbance_Events.xlsx:2018,Damage or destruction of its Facility that results from actual or suspected intentional human action.,False,False,False,Vandalism
2018-06-18 00:00:00,18:20:00,06/19/2018,00:15:00,Connecticut: Maine: Massachusetts: New Hampshire: Rhode Island: Vermont:,NPCC,Severe Weather,Unknown,112927,2018,DOE_Electric_Disturbance_Events.xlsx:2018,"Loss of electric service to more than 50,000 customers for 1 hour or more",False,False,False,Severe Weather
2018-06-20 00:00:00,22:58:00,06/21/2018,06:05:00,Florida: Palm Beach County;,FRCC,Transmission Interruption,73,27000,2018,DOE_Electric_Disturbance_Events.xlsx:2018,Complete operational failure or shut-down of the transmission and/or distribution of electrical system,False,False,False,Transmission Interruption
2018-06-22 00:00:00,14:38:00,Unknown,Unknown,Washington:,WECC,Severe Weather,10000,4200000,2018,DOE_Electric_Disturbance_Events.xlsx:2018,Electrical System Separation (Islanding) where part or parts of power grid remain(s) operational in an otherwise blocked out area or within the partial failure of an integrated electrical system,False,False,False,Severe Weather
2018-06-27 00:00:00,14:30:00,06/27/2018,14:33:00,New York: New York County;,NPCC,Suspicious Activity,0,0,2018,DOE_Electric_Disturbance_Events.xlsx:2018,"Physical threat to its Bulk Electric System control center, excluding weather or natural disaster related threats, which has the potential to degrade the normal operation of the control center. Or suspicious device or activity at its Bulk Electric System control center",False,False,False,Suspicious Activity
2018-06-28 00:00:00,18:36:00,07/01/2018,07:00:00,Missouri: Illinois:,SERC,Severe Weather,Unknown,112000,2018,DOE_Electric_Disturbance_Events.xlsx:2018,"Loss of electric service to more than 50,000 customers for 1 hour or more",False,False,False,Severe Weather
2018-06-28 00:00:00,14:50:00,06/29/2018,09:00:00,Alabama: Georgia:,SERC,Severe Weather,160,48109,2018,DOE_Electric_Disturbance_Events.xlsx:2018,"Loss of electric service to more than 50,000 customers for 1 hour or more",False,False,False,Severe Weather
2018-06-29 00:00:00,07:35:00,06/29/2018,09:30:00,Minnesota: St. Louis County;,MRO,Severe Weather,350,Unknown,2018,DOE_Electric_Disturbance_Events.xlsx:2018,Uncontrolled loss of 300 Megawatts or more of firm system loads for 15 minutes or more from a single incident,False,False,False,Severe Weather
2018-06-29 00:00:00,03:38:00,Unknown,Unknown,Kentucky:,SERC,System Operations,Unknown,Unknown,2018,DOE_Electric_Disturbance_Events.xlsx:2018,Complete loss of monitoring or control capability at its staffed Bulk Electric System control center for 30 continuous minutes or more,False,False,False,System Operations
2018-06-30 00:00:00,12:30:00,06/30/2018,12:31:00,California: Los Angeles County;,WECC,Vandalism,0,0,2018,DOE_Electric_Disturbance_Events.xlsx:2018,Damage or destruction of its Facility that results from actual or suspected intentional human action.,False,False,False,Vandalism
2018-06-30 00:00:00,10:45:00,06/30/2018,11:28:00,"Texas: Travis County, Williamson County;",TRE,System Operations,0,0,2018,DOE_Electric_Disturbance_Events.xlsx:2018,Complete loss of monitoring or control capability at its staffed Bulk Electric System control center for 30 continuous minutes or more,True,True,True,System Operations
2018-07-04 00:00:00,22:00:00,07/04/2018,22:30:00,Colorado: Pueblo County;,WECC,Vandalism,Unknown,5058,2018,DOE_Electric_Disturbance_Events.xlsx:2018,Damage or destruction of its Facility that results from actual or suspected intentional human action.,False,False,False,Vandalism
2018-07-04 00:00:00,17:54:00,07/04/2018,19:20:00,Tennessee:,SERC,System Operations,0,0,2018,DOE_Electric_Disturbance_Events.xlsx:2018,Complete loss of monitoring or control capability at its staffed Bulk Electric System control center for 30 continuous minutes or more.,False,False,False,System Operations
2018-07-09 00:00:00,13:10:00,07/09/2018,14:45:00,"California: Merced County, Kern County; Nevada: Clark County;",WECC,System Operations,0,0,2018,DOE_Electric_Disturbance_Events.xlsx:2018,Complete loss of monitoring or control capability at its staffed Bulk Electric System control center for 30 continuous minutes or more.,False,False,False,System Operations
2018-07-11 00:00:00,15:40:00,07/11/2018,16:00:00,Tennessee:,SERC,Transmission Interruption,425,26195,2018,DOE_Electric_Disturbance_Events.xlsx:2018,Uncontrolled loss of 300 Megawatts or more of firm system loads for 15 minutes or more from a single incident,False,False,False,Transmission Interruption
2018-07-11 00:00:00,00:58:00,Unknown,Unknown,California:,WECC,Fuel Supply Deficiency,0,0,2018,DOE_Electric_Disturbance_Events.xlsx:2018,Fuel supply emergencies that could impact electric power system adequacy or reliability,False,False,False,Fuel Supply Deficiency
2018-07-14 00:00:00,10:20:00,Unknown,Unknown,Ohio:,RF,System Operations,Unknown,Unknown,2018,DOE_Electric_Disturbance_Events.xlsx:2018,Complete loss of monitoring or control capability at its staffed Bulk Electric System control center for 30 continuous minutes or more.,False,False,False,System Operations
2018-07-16 00:00:00,05:15:00,Unknown,Unknown,California: Merced County;,WECC,Fuel Supply Deficiency,0,0,2018,DOE_Electric_Disturbance_Events.xlsx:2018,Fuel supply emergencies that could impact electric power system adequacy or reliability,False,False,False,Fuel Supply Deficiency
2018-07-18 00:00:00,17:28:00,07/18/2018,17:31:00,Oregon:,WECC,Severe Weather/Transmission Interruption,Unknown,Unknown,2018,DOE_Electric_Disturbance_Events.xlsx:2018,"Total generation loss, within one minute of: greater than or equal to 2,000 Megawatts in the Eastern or Western Interconnection or greater than or equal to 1,400 Megawatts in the ERCOT Interconnection.",False,False,False,Severe Weather/Transmission Interruption
2018-07-18 00:00:00,04:00:00,Unknown,Unknown,California: Fresno County;,WECC,Fuel Supply Deficiency,0,0,2018,DOE_Electric_Disturbance_Events.xlsx:2018,Fuel supply emergencies that could impact electric power system adequacy or reliability,False,False,False,Fuel Supply Deficiency
2018-07-19 00:00:00,20:25:00,Unknown,Unknown,Kentucky:,SERC,System Operations,Unknown,Unknown,2018,DOE_Electric_Disturbance_Events.xlsx:2018,Complete loss of monitoring or control capability at its staffed Bulk Electric System control center for 30 continuous minutes or more.,False,False,False,System Operations
2018-07-19 00:00:00,12:38:00,07/19/2018,13:22:00,Louisiana: Rapides Parish;,SERC,System Operations,0,0,2018,DOE_Electric_Disturbance_Events.xlsx:2018,Complete loss of monitoring or control capability at its staffed Bulk Electric System control center for 30 continuous minutes or more.,False,False,False,System Operations
2018-07-20 00:00:00,12:46:00,07/20/2018,13:30:00,Maine: Hancock County;,NPCC,System Operations,0,0,2018,DOE_Electric_Disturbance_Events.xlsx:2018,"Physical threat to its Facility excluding weather or natural disaster related threats, which has the potential to degrade the normal operation of the Facility. Or suspicious device or activity at its Facility.",False,False,False,System Operations
2018-07-20 00:00:00,16:19:00,07/20/2018,16:48:00,Kentucky:,SERC,Severe Weather,Unknown,87833,2018,DOE_Electric_Disturbance_Events.xlsx:2018,"Loss of electric service to more than 50,000 customers for 1 hour or more",False,False,False,Severe Weather
2018-07-21 00:00:00,04:45:00,07/21/2018,11:15:00,Arkansas:,SERC,Severe Weather,Unknown,64930,2018,DOE_Electric_Disturbance_Events.xlsx:2018,"Loss of electric service to more than 50,000 customers for 1 hour or more",False,False,False,Severe Weather
2018-07-21 00:00:00,07:20:00,07/21/2018,11:30:00,Georgia:,SERC,Severe Weather,143,42901,2018,DOE_Electric_Disturbance_Events.xlsx:2018,"Loss of electric service to more than 50,000 customers for 1 hour or more",False,False,False,Severe Weather
2018-07-23 00:00:00,04:16:00,07/23/2018,04:29:00,Florida: Pinellas County;,FRCC,Severe Weather/Transmission Interruption,40,Unknown,2018,DOE_Electric_Disturbance_Events.xlsx:2018,"Unexpected Transmission loss within its area, contrary to design, of three or more Bulk Electric System Facilities caused by a common disturbance (excluding successful automatic reclosing).",False,False,False,Severe Weather/Transmission Interruption
2018-07-26 00:00:00,20:24:00,Unknown,Unknown,California: Shasta County;,WECC,Natural Disaster,Unknown,Unknown,2018,DOE_Electric_Disturbance_Events.xlsx:2018,Public appeal to reduce the use of electricity for purposes of maintaining the continuity of the Bulk Electric System,False,False,False,Natural Disaster
2018-07-27 00:00:00,16:28:00,07/27/2018,16:33:00,New York: New York County;,NPCC,Severe Weather/Transmission Interruption,0,0,2018,DOE_Electric_Disturbance_Events.xlsx:2018,"Unexpected Transmission loss within its area, contrary to design, of three or more Bulk Electric System Facilities caused by a common disturbance (excluding successful automatic reclosing).",False,False,False,Severe Weather/Transmission Interruption
2018-07-27 00:00:00,09:34:00,07/27/2018,09:51:00,Washington: Clark County;,WECC,System Operations,Unknown,Unknown,2018,DOE_Electric_Disturbance_Events.xlsx:2018,Electrical System Separation (Islanding) where part or parts of power grid remain(s) operational in an otherwise blocked out area or within the partial failure of an integrated electrical system,False,False,False,System Operations
2018-07-28 00:00:00,23:11:00,07/29/2018,01:51:00,Nevada: Nye County;,WECC,System Operations,0,0,2018,DOE_Electric_Disturbance_Events.xlsx:2018,Complete loss of monitoring or control capability at its staffed Bulk Electric System control center for 30 continuous minutes or more.,False,False,False,System Operations
2018-07-29 00:00:00,14:33:00,07/29/2018,18:23:00,California:,WECC,Natural Disaster,83,57670,2018,DOE_Electric_Disturbance_Events.xlsx:2018,"Loss of electric service to more than 50,000 customers for 1 hour or more",False,False,False,Natural Disaster
2018-07-30 00:00:00,06:30:00,07/30/2018,23:00:00,Arizona: Maricopa County;,WECC,Severe Weather,Unknown,82000,2018,DOE_Electric_Disturbance_Events.xlsx:2018,"Loss of electric service to more than 50,000 customers for 1 hour or more",False,False,False,Severe Weather
2018-07-31 00:00:00,11:44:00,07/31/2018,14:17:00,California: Kern County;,WECC,Suspicious Activity,Unknown,Unknown,2018,DOE_Electric_Disturbance_Events.xlsx:2018,Damage or destruction of its Facility that results from actual or suspected intentional human action.,False,False,False,Suspicious Activity
2018-08-01 00:00:00,09:11:00,08/01/2018,10:56:00,Montana:,WECC,Vandalism,0,0,2018,DOE_Electric_Disturbance_Events.xlsx:2018,Physical attack that causes major interruptions or impacts to critical infrastructure or to operations.,False,False,False,Vandalism
2018-08-04 00:00:00,08:20:00,08/04/2018,08:21:00,California: Kern County;,WECC,Vandalism,Unknown,Unknown,2018,DOE_Electric_Disturbance_Events.xlsx:2018,Damage or destruction of its Facility that results from actual or suspected intentional human action.,False,False,False,Vandalism
2018-08-07 00:00:00,01:22:00,08/07/2018,01:59:00,California: Butte County;,WECC,Natural Disaster,5,485,2018,DOE_Electric_Disturbance_Events.xlsx:2018,Electrical System Separation (Islanding) where part or parts of power grid remain(s) operational in an otherwise blocked out area or within the partial failure of an integrated electrical system.,False,False,False,Natural Disaster
2018-08-07 00:00:00,01:22:00,08/07/2018,19:04:00,California: Butte County;,WECC,Natural Disaster,27,11383,2018,DOE_Electric_Disturbance_Events.xlsx:2018,Electrical System Separation (Islanding) where part or parts of power grid remain(s) operational in an otherwise blocked out area or within the partial failure of an integrated electrical system.,False,False,False,Natural Disaster
2018-08-14 00:00:00,21:00:00,08/14/2018,21:01:00,Virginia: Hanover County;,SERC,Suspicious Activity,0,0,2018,DOE_Electric_Disturbance_Events.xlsx:2018,"Physical threat to its Facility excluding weather or natural disaster related threats, which has the potential to degrade the normal operation of the Facility. Or suspicious device or activity at its Facility.",False,False,False,Suspicious Activity
2018-08-15 00:00:00,00:00:00,08/15/2018,01:00:00,Missouri: Boone County;,SERC,Vandalism,0,0,2018,DOE_Electric_Disturbance_Events.xlsx:2018,Damage or destruction of its Facility that results from actual or suspected intentional human action.,False,False,False,Vandalism
2018-08-17 00:00:00,13:07:00,08/17/2018,13:40:00,California:,WECC,System Operations,0,0,2018,DOE_Electric_Disturbance_Events.xlsx:2018,Complete loss of monitoring or control capability at its staffed Bulk Electric System control center for 30 continuous minutes or more.,False,False,False,System Operations
2018-08-19 00:00:00,15:20:00,08/19/2018,15:21:00,Utah: Box Elder County;,WECC,Vandalism,0,0,2018,DOE_Electric_Disturbance_Events.xlsx:2018,Damage or destruction of its Facility that results from actual or suspected intentional human action.,False,False,False,Vandalism
2018-08-20 00:00:00,22:46:00,08/21/2018,00:14:00,Louisiana:,SERC,System Operations,0,0,2018,DOE_Electric_Disturbance_Events.xlsx:2018,Complete loss of monitoring or control capability at its staffed Bulk Electric System control center for 30 continuous minutes or more.,False,False,False,System Operations
2018-08-24 00:00:00,12:24:00,08/24/2018,12:59:00,Virginia: Roanoke County;,SERC,System Operations,0,0,2018,DOE_Electric_Disturbance_Events.xlsx:2018,Unplanned evacuation from its Bulk Electric System control center facility for 30 continuous minutes or more.,False,False,False,System Operations
2018-08-26 00:00:00,22:00:00,08/27/2018,04:56:00,"Michigan: Muskegon County, Newaygo County, Oceana County, Mason County, Kent County, Mecosta County, Montcalm County, Isabella County, Midland County, Saginaw County;",RF,Severe Weather,Unknown,67000,2018,DOE_Electric_Disturbance_Events.xlsx:2018,"Loss of electric service to more than 50,000 customers for 1 hour or more.",False,False,False,Severe Weather
2018-08-28 00:00:00,23:41:00,08/29/2018,00:13:00,Ohio: Montgomery County;,RF,System Operations,0,0,2018,DOE_Electric_Disturbance_Events.xlsx:2018,Unplanned evacuation from its Bulk Electric System control center facility for 30 continuous minutes or more.,False,False,False,System Operations
2018-08-28 00:00:00,20:00:00,08/30/2018,14:59:00,"Michigan: Benzie County, Barry County, Grand Traverse County, Kalkaska County, Mason County, Oceana County, Muskegon County, Kent County, Newaygo County, Montcalm County, Mecosta County, Antrim County, Eaton County, Ionia County, Isabella County, Clare County, Saginaw County;",RF,Severe Weather,Unknown,110000,2018,DOE_Electric_Disturbance_Events.xlsx:2018,"Loss of electric service to more than 50,000 customers for 1 hour or more.",False,False,False,Severe Weather
2018-08-29 00:00:00,03:27:00,08/29/2018,04:00:00,Maryland: Montgomery County; District of Columbia:,RF,Suspicious Activity,0,0,2018,DOE_Electric_Disturbance_Events.xlsx:2018,"Physical threat to its Bulk Electric System control center, excluding weather or natural disaster related threats, which has the potential to degrade the normal operation of the control center. OR suspicious device or activity at its Bulk Electric System control center.",False,False,False,Suspicious Activity
2018-08-29 00:00:00,00:00:00,08/30/2018,00:00:00,Illinois:,SERC,Severe Weather,Unknown,100000,2018,DOE_Electric_Disturbance_Events.xlsx:2018,"Loss of electric service to more than 50,000 customers for 1 hour or more.",False,False,False,Severe Weather
2018-08-29 00:00:00,09:00:00,08/29/2018,09:06:00,Arkansas:,SERC,Suspicious Activity,0,0,2018,DOE_Electric_Disturbance_Events.xlsx:2018,"Physical threat to its Facility excluding weather or natural disaster related threats, which has the potential to degrade the normal operation of the Facility. Or suspicious device or activity at its Facility.",False,False,False,Suspicious Activity
2018-08-30 00:00:00,12:00:00,08/30/2018,12:20:00,California:,WECC,Vandalism,0,0,2018,DOE_Electric_Disturbance_Events.xlsx:2018,Physical attack that could potentially impact electric power system adequacy or reliability; or vandalism which targets components of any security systems.,False,False,False,Vandalism
2018-08-31 00:00:00,15:07:00,08/31/2018,15:31:00,Oregon:,WECC,Natural Disaster/Transmission Interruption,96,50000,2018,DOE_Electric_Disturbance_Events.xlsx:2018,"Unexpected Transmission loss within its area, contrary to design, of three or more Bulk Electric System Facilities caused by a common disturbance (excluding successful automatic reclosing).",False,False,False,Natural Disaster/Transmission Interruption
2018-08-31 00:00:00,18:34:00,08/31/2018,18:40:00,"New York: New York County, Westchester County;",NPCC,Suspicious Activity,0,0,2018,DOE_Electric_Disturbance_Events.xlsx:2018,"Physical threat to its Bulk Electric System control center, excluding weather or natural disaster related threats, which has the potential to degrade the normal operation of the control center. OR suspicious device or activity at its Bulk Electric System control center.",False,False,False,Suspicious Activity
2018-09-01 00:00:00,00:00:00,09/01/2018,15:22:00,Arkansas:,SPP RE,Suspicious Activity,0,0,2018,DOE_Electric_Disturbance_Events.xlsx:2018,"Physical threat to its Facility excluding weather or natural disaster related threats, which has the potential to degrade the normal operation of the Facility. Or suspicious device or activity at its Facility.",False,False,False,Suspicious Activity
2018-09-05 00:00:00,13:00:00,09/05/2018,13:01:00,California: Kern County;,WECC,Vandalism,Unknown,Unknown,2018,DOE_Electric_Disturbance_Events.xlsx:2018,Damage or destruction of its Facility that results from actual or suspected intentional human action.,False,False,False,Vandalism
2018-09-06 00:00:00,02:26:00,09/06/2018,02:27:00,Florida: Hillsborough County;,FRCC,Transmission Interruption,0,0,2018,DOE_Electric_Disturbance_Events.xlsx:2018,"Unexpected Transmission loss within its area, contrary to design, of three or more Bulk Electric System Facilities caused by a common disturbance (excluding successful automatic reclosing).",False,False,False,Transmission Interruption
2018-09-12 00:00:00,22:00:00,09/12/2018,22:05:00,Texas:,TRE,Suspicious Activity,0,0,2018,DOE_Electric_Disturbance_Events.xlsx:2018,"Physical threat to its Facility excluding weather or natural disaster related threats, which has the potential to degrade the normal operation of the Facility. Or suspicious device or activity at its Facility.",True,True,True,Suspicious Activity
2018-09-13 00:00:00,20:56:00,09/20/2018,19:00:00,North Carolina: South Carolina:,SERC,Severe Weather,Unknown,1457583,2018,DOE_Electric_Disturbance_Events.xlsx:2018,"Loss of electric service to more than 50,000 customers for 1 hour or more.",False,False,False,Severe Weather
2018-09-13 00:00:00,20:30:00,09/19/2018,17:00:00,North Carolina:,SERC,Severe Weather,300,325000,2018,DOE_Electric_Disturbance_Events.xlsx:2018,"Loss of electric service to more than 50,000 customers for 1 hour or more.",False,False,False,Severe Weather
2018-09-15 00:00:00,15:00:00,09/15/2018,18:00:00,Mississippi: Forrest County;,SERC,System Operations,1322,420000,2018,DOE_Electric_Disturbance_Events.xlsx:2018,Public appeal to reduce the use of electricity for purposes of maintaining the continuity of the Bulk Electric System.,False,False,False,System Operations
2018-09-15 00:00:00,01:05:00,09/17/2018,16:00:00,"South Carolina: Horry County, Chesterfield County, Dillon County, Georgetown County, Marlboro County, Darlington County;",SERC,Severe Weather,Unknown,50100,2018,DOE_Electric_Disturbance_Events.xlsx:2018,"Loss of electric service to more than 50,000 customers for 1 hour or more.",False,False,False,Severe Weather
2018-09-15 00:00:00,15:00:00,09/15/2018,18:00:00,Louisiana:,SERC,System Operations,Unknown,Unknown,2018,DOE_Electric_Disturbance_Events.xlsx:2018,Public appeal to reduce the use of electricity for purposes of maintaining the continuity of the Bulk Electric System.,False,False,False,System Operations
2018-09-16 00:00:00,08:00:00,09/18/2018,19:40:00,North Carolina: South Carolina:,SERC,Severe Weather,Unknown,50000,2018,DOE_Electric_Disturbance_Events.xlsx:2018,"Loss of electric service to more than 50,000 customers for 1 hour or more.",False,False,False,Severe Weather
2018-09-19 00:00:00,11:00:00,09/20/2018,12:00:00,Indiana: Benton County;,RF,System Operations,0,0,2018,DOE_Electric_Disturbance_Events.xlsx:2018,Complete loss of monitoring or control capability at its staffed Bulk Electric System control center for 30 continuous minutes or more.,False,False,False,System Operations
2018-09-20 00:00:00,12:39:00,Unknown,Unknown,Nevada: Clark County;,WECC,Vandalism,0,0,2018,DOE_Electric_Disturbance_Events.xlsx:2018,Damage or destruction of its Facility that results from actual or suspected intentional human action.,False,False,False,Vandalism
2018-09-22 00:00:00,15:23:00,09/22/2018,23:00:00,California: Los Angeles County;,WECC,Natural Disaster,3507,2500,2018,DOE_Electric_Disturbance_Events.xlsx:2018,"Unexpected Transmission loss within its area, contrary to design, of three or more Bulk Electric System Facilities caused by a common disturbance (excluding successful automatic reclosing).",False,False,False,Natural Disaster
2018-09-25 00:00:00,00:33:00,09/25/2018,03:10:00,Illinois:,SERC,System Operations,0,0,2018,DOE_Electric_Disturbance_Events.xlsx:2018,Complete loss of monitoring or control capability at its staffed Bulk Electric System control center for 30 continuous minutes or more.,False,False,False,System Operations
2018-09-26 00:00:00,13:54:00,09/26/2018,17:58:00,Texas: Harris County;,TRE,Transmission Interruption,0,0,2018,DOE_Electric_Disturbance_Events.xlsx:2018,"Unexpected Transmission loss within its area, contrary to design, of three or more Bulk Electric System Facilities caused by a common disturbance (excluding successful automatic reclosing).",True,True,True,Transmission Interruption
2018-09-28 00:00:00,18:58:00,09/28/2018,19:29:00,Ohio:,RF,System Operations,0,0,2018,DOE_Electric_Disturbance_Events.xlsx:2018,Complete loss of monitoring or control capability at its staffed Bulk Electric System control center for 30 continuous minutes or more.,False,False,False,System Operations
2018-10-01 00:00:00,12:44:00,10/01/2018,17:32:00,Ohio: Indiana: Michigan: Kentucky: West Virginia: Virginia:,RF,System Operations,Unknown,Unknown,2018,DOE_Electric_Disturbance_Events.xlsx:2018,Complete loss of monitoring or control capability at its staffed Bulk Electric System control center for 30 continuous minutes or more.,False,False,False,System Operations
2018-10-03 00:00:00,07:38:00,10/03/2018,07:48:00,Illinois:,SERC,System Operations,0,0,2018,DOE_Electric_Disturbance_Events.xlsx:2018,Complete loss of monitoring or control capability at its staffed Bulk Electric System control center for 30 continuous minutes or more.,False,False,False,System Operations
2018-10-04 00:00:00,06:00:00,10/04/2018,08:00:00,Oklahoma: Osage County;,SPP RE,Vandalism,4,2089,2018,DOE_Electric_Disturbance_Events.xlsx:2018,"Physical threat to its Facility excluding weather or natural disaster related threats, which has the potential to degrade the normal operation of the Facility. Or suspicious device or activity at its Facility.",False,False,False,Vandalism
2018-10-04 00:00:00,16:01:00,10/04/2018,18:25:00,California:,WECC,Suspicious Activity,0,0,2018,DOE_Electric_Disturbance_Events.xlsx:2018,Physical attack that could potentially impact electric power system adequacy or reliability; or vandalism which targets components of any security systems,False,False,False,Suspicious Activity
2018-10-09 00:00:00,20:12:00,10/09/2018,21:12:00,Colorado: El Paso County;,WECC,System Operations,0,0,2018,DOE_Electric_Disturbance_Events.xlsx:2018,"Unplanned evacuation from its Bulk Electric System control center facility for 30 continuous minutes or more;
Complete loss of monitoring or control capability at its staffed Bulk Electric System control center for 30 continuous minutes or more.",False,False,False,System Operations
2018-10-10 00:00:00,11:59:00,Unknown,Unknown,Florida: Alabama: Georgia:,FRCC,Severe Weather,152,45604,2018,DOE_Electric_Disturbance_Events.xlsx:2018,"Loss of electric service to more than 50,000 customers for 1 hour or more",False,False,False,Severe Weather
2018-10-10 00:00:00,16:00:00,10/19/2018,06:00:00,Florida:,FRCC,Severe Weather,330,55000,2018,DOE_Electric_Disturbance_Events.xlsx:2018,"Loss of electric service to more than 50,000 customers for 1 hour or more",False,False,False,Severe Weather
2018-10-10 00:00:00,17:00:00,10/15/2018,05:00:00,Utah:,WECC,Vandalism,0,0,2018,DOE_Electric_Disturbance_Events.xlsx:2018,Physical attack that could potentially impact electric power system adequacy or reliability; or vandalism which targets components of any security systems,False,False,False,Vandalism
2018-10-10 00:00:00,14:00:00,10/11/2018,06:00:00,Florida:,FRCC,Severe Weather,135,60717,2018,DOE_Electric_Disturbance_Events.xlsx:2018,"Loss of electric service to more than 50,000 customers for 1 hour or more",False,False,False,Severe Weather
2018-10-10 00:00:00,05:41:00,10/10/2018,07:54:00,Maine:,NPCC,System Operations,0,0,2018,DOE_Electric_Disturbance_Events.xlsx:2018,Complete loss of monitoring or control capability at its staffed Bulk Electric System control center for 30 continuous minutes or more.,False,False,False,System Operations
2018-10-11 00:00:00,16:42:00,10/12/2018,21:00:00,North Carolina: South Carolina:,SERC,Severe Weather,Unknown,170222,2018,DOE_Electric_Disturbance_Events.xlsx:2018,"Loss of electric service to more than 50,000 customers for 1 hour or more",False,False,False,Severe Weather
2018-10-11 00:00:00,18:55:00,10/12/2018,12:00:00,North Carolina:,SERC,Severe Weather,Unknown,117000,2018,DOE_Electric_Disturbance_Events.xlsx:2018,"Loss of electric service to more than 50,000 customers for 1 hour or more",False,False,False,Severe Weather
2018-10-11 00:00:00,13:15:00,Unknown,Unknown,North Carolina: South Carolina:,SERC,Severe Weather,Unknown,240807,2018,DOE_Electric_Disturbance_Events.xlsx:2018,"Loss of electric service to more than 50,000 customers for 1 hour or more",False,False,False,Severe Weather
2018-10-11 00:00:00,07:21:00,10/11/2018,15:00:00,South Carolina:,SERC,Severe Weather,Unknown,71654,2018,DOE_Electric_Disturbance_Events.xlsx:2018,"Loss of electric service to more than 50,000 customers for 1 hour or more",False,False,False,Severe Weather
2018-10-12 00:00:00,03:36:00,10/12/2018,13:56:00,Maryland: Garrett County;,RF,Transmission Interruption,0,0,2018,DOE_Electric_Disturbance_Events.xlsx:2018,"Unexpected Transmission loss within its area, contrary to design, of three or more Bulk Electric System Facilities caused by a common disturbance (excluding successful automatic reclosing).",False,False,False,Transmission Interruption
2018-10-14 00:00:00,22:11:00,Unknown,Unknown,California:,WECC,Natural Disaster,Unknown,60000,2018,DOE_Electric_Disturbance_Events.xlsx:2018,"Loss of electric service to more than 50,000 customers for 1 hour or more",False,False,False,Natural Disaster
2018-10-16 00:00:00,04:15:00,10/16/2018,17:11:00,Connecticut: Rhode Island: Massachusetts: Vermont: New Hampshire: Maine:,NPCC,Severe Weather,Unknown,18000,2018,DOE_Electric_Disturbance_Events.xlsx:2018,"Loss of electric service to more than 50,000 customers for 1 hour or more",False,False,False,Severe Weather
2018-10-21 00:00:00,00:16:00,10/21/2018,16:14:00,West Virginia:,RF,Severe Weather,Unknown,63408,2018,DOE_Electric_Disturbance_Events.xlsx:2018,"Loss of electric service to more than 50,000 customers for 1 hour or more",False,False,False,Severe Weather
2018-10-22 00:00:00,10:25:00,10/22/2018,10:31:00,Utah: Salt Lake County;,WECC,Vandalism,0,0,2018,DOE_Electric_Disturbance_Events.xlsx:2018,Damage or destruction of its Facility that results from actual or suspected intentional human action.,False,False,False,Vandalism
2018-10-24 00:00:00,12:32:00,10/24/2018,13:33:00,Michigan: Wayne County;,RF,System Operations,0,0,2018,DOE_Electric_Disturbance_Events.xlsx:2018,Complete loss of monitoring or control capability at its staffed Bulk Electric System control center for 30 continuous minutes or more.,False,False,False,System Operations
2018-10-29 00:00:00,05:00:00,11/07/2018,07:00:00,California: Shasta County;,WECC,Vandalism,0,0,2018,DOE_Electric_Disturbance_Events.xlsx:2018,Physical attack that could potentially impact electric power system adequacy or reliability; or vandalism which targets components of any security systems,False,False,False,Vandalism
2018-10-29 00:00:00,08:39:00,Unknown,Unknown,Minnesota: Douglas County;,MRO,Vandalism,0,0,2018,DOE_Electric_Disturbance_Events.xlsx:2018,Physical attack that could potentially impact electric power system adequacy or reliability; or vandalism which targets components of any security systems,False,False,False,Vandalism
2018-10-30 00:00:00,14:02:00,10/30/2018,14:42:00,"Maryland: Baltimore, City of;",RF,System Operations,0,0,2018,DOE_Electric_Disturbance_Events.xlsx:2018,Complete loss of monitoring or control capability at its staffed Bulk Electric System control center for 30 continuous minutes or more.,False,False,False,System Operations
2018-10-31 00:00:00,19:30:00,11/01/2018,18:55:00,Texas: Harris County;,TRE,Severe Weather,402,140932,2018,DOE_Electric_Disturbance_Events.xlsx:2018,"Loss of electric service to more than 50,000 customers for 1 hour or more",True,True,True,Severe Weather
2018-11-02 00:00:00,09:50:00,Unknown,Unknown,Minnesota: Douglas County;,MRO,Vandalism,0,0,2018,DOE_Electric_Disturbance_Events.xlsx:2018,Physical attack that could potentially impact electric power system adequacy or reliability; or vandalism which targets components of any security systems.,False,False,False,Vandalism
2018-11-03 00:00:00,05:53:00,11/03/2018,05:57:00,Illinois:,SERC,System Operations,0,0,2018,DOE_Electric_Disturbance_Events.xlsx:2018,Complete loss of monitoring or control capability at its staffed Bulk Electric System control center for 30 continuous minutes or more.,False,False,False,System Operations
2018-11-03 00:00:00,17:20:00,11/04/2018,14:30:00,Connecticut: Massachusetts: New Hampshire: Vermont: Maine: Rhode Island:,NPCC,Severe Weather,Unknown,62000,2018,DOE_Electric_Disturbance_Events.xlsx:2018,"Loss of electric service to more than 50,000 customers for 1 hour or more.",False,False,False,Severe Weather
2018-11-06 00:00:00,09:49:00,11/09/2018,14:05:00,Tennessee:,SERC,Severe Weather,Unknown,61000,2018,DOE_Electric_Disturbance_Events.xlsx:2018,"Loss of electric service to more than 50,000 customers for 1 hour or more.",False,False,False,Severe Weather
2018-11-08 00:00:00,07:16:00,11/28/2018,16:32:00,California: Butte County;,WECC,Natural Disaster/Transmission Interruption,32,11844,2018,DOE_Electric_Disturbance_Events.xlsx:2018,Electrical System Separation (Islanding) where part or parts of power grid remain(s) operational in an otherwise blocked out area or within the partial failure of an integrated electrical system,False,False,False,Natural Disaster/Transmission Interruption
2018-11-08 00:00:00,16:00:00,Unknown,Unknown,"Nevada: Carson City, Consolidated Municipality of[19];",WECC,Vandalism,0,0,2018,DOE_Electric_Disturbance_Events.xlsx:2018,Damage or destruction of its Facility that results from actual or suspected intentional human action.,False,False,False,Vandalism
2018-11-09 00:00:00,09:02:00,11/09/2018,10:23:00,Iowa: Muscatine County;,MRO,System Operations,0,0,2018,DOE_Electric_Disturbance_Events.xlsx:2018,Complete loss of monitoring or control capability at its staffed Bulk Electric System control center for 30 continuous minutes or more.,False,False,False,System Operations
2018-11-10 00:00:00,17:02:00,11/14/2018,15:00:00,Wisconsin:,MRO,Fuel Supply Deficiency,0,0,2018,DOE_Electric_Disturbance_Events.xlsx:2018,Fuel supply emergencies that could impact electric power system adequacy or reliability,False,False,False,Fuel Supply Deficiency
2018-11-13 00:00:00,18:19:00,11/13/2018,19:40:00,Arkansas: Oklahoma: Louisiana: Texas:,SPP RE,System Operations,0,0,2018,DOE_Electric_Disturbance_Events.xlsx:2018,Complete loss of monitoring or control capability at its staffed Bulk Electric System control center for 30 continuous minutes or more.,True,False,True,System Operations
2018-11-15 00:00:00,10:50:00,11/17/2018,13:12:00,Virginia: West Virginia:,RF,Severe Weather,Unknown,50600,2018,DOE_Electric_Disturbance_Events.xlsx:2018,"Loss of electric service to more than 50,000 customers for 1 hour or more.",False,False,False,Severe Weather
2018-11-15 00:00:00,03:23:00,11/15/2018,17:35:00,Kentucky:,SERC,Severe Weather,Unknown,150000,2018,DOE_Electric_Disturbance_Events.xlsx:2018,"Loss of electric service to more than 50,000 customers for 1 hour or more.",False,False,False,Severe Weather
2018-11-15 00:00:00,05:28:00,11/15/2018,08:35:00,Indiana:,RF,Severe Weather,Unknown,55000,2018,DOE_Electric_Disturbance_Events.xlsx:2018,"Loss of electric service to more than 50,000 customers for 1 hour or more.",False,False,False,Severe Weather
2018-11-15 00:00:00,05:38:00,11/16/2018,06:00:00,Kentucky: Ohio:,SERC,Severe Weather,Unknown,104000,2018,DOE_Electric_Disturbance_Events.xlsx:2018,"Loss of electric service to more than 50,000 customers for 1 hour or more.",False,False,False,Severe Weather
2018-11-18 00:00:00,13:10:00,Unknown,Unknown,Nebraska: Holt County;,MRO,Vandalism,2,0,2018,DOE_Electric_Disturbance_Events.xlsx:2018,Damage or destruction of its Facility that results from actual or suspected intentional human action.,False,False,False,Vandalism
2018-11-25 00:00:00,22:30:00,11/28/2018,20:17:00,"Illinois: Will County, DuPage County, Kane County, McHenry County, Winnebago County, Ogle County, DeKalb County, Lee County, Grundy County, Lake County, Cook County, Livingston County, Stephenson County, LaSalle County, Kankakee County, Kendall County, Boone County;",SERC,Severe Weather,Unknown,313448,2018,DOE_Electric_Disturbance_Events.xlsx:2018,"Loss of electric service to more than 50,000 customers for 1 hour or more.",False,False,False,Severe Weather
2018-11-27 00:00:00,08:00:00,11/28/2018,16:50:00,Maine: New Hampshire: Vermont:,NPCC,Severe Weather,Unknown,32000,2018,DOE_Electric_Disturbance_Events.xlsx:2018,"Loss of electric service to more than 50,000 customers for 1 hour or more.",False,False,False,Severe Weather
2018-12-01 00:00:00,09:40:00,12/04/2018,17:17:00,Pennsylvania:,RF,Vandalism,0,0,2018,DOE_Electric_Disturbance_Events.xlsx:2018,Damage or destruction of its Facility that results from actual or suspected intentional human action.,False,False,False,Vandalism
2018-12-01 00:00:00,16:23:00,12/01/2018,17:09:00,Florida: Leon County;,FRCC,System Operations,0,0,2018,DOE_Electric_Disturbance_Events.xlsx:2018,Complete loss of monitoring or control capability at its staffed Bulk Electric System control center for 30 continuous minutes or more.,False,False,False,System Operations
2018-12-02 00:00:00,16:17:00,12/02/2018,20:30:00,Maryland:,RF,System Operations,0,0,2018,DOE_Electric_Disturbance_Events.xlsx:2018,Complete loss of monitoring or control capability at its staffed Bulk Electric System control center for 30 continuous minutes or more.,False,False,False,System Operations
2018-12-03 00:00:00,03:15:00,12/03/2018,03:44:00,Texas:,TRE,Transmission Interruption,16,Unknown,2018,DOE_Electric_Disturbance_Events.xlsx:2018,"Unexpected Transmission loss within its area, contrary to design, of three or more Bulk Electric System Facilities caused by a common disturbance (excluding successful automatic reclosing).",True,True,True,Transmission Interruption
2018-12-05 00:00:00,08:00:00,12/06/2018,08:00:00,Alabama: Chambers County;,SERC,Vandalism,0,0,2018,DOE_Electric_Disturbance_Events.xlsx:2018,Damage or destruction of its Facility that results from actual or suspected intentional human action.,False,False,False,Vandalism
2018-12-05 00:00:00,12:48:00,12/05/2018,12:49:00,California: Los Angeles County;,WECC,Vandalism,0,0,2018,DOE_Electric_Disturbance_Events.xlsx:2018,Damage or destruction of its Facility that results from actual or suspected intentional human action.,False,False,False,Vandalism
2018-12-07 00:00:00,03:10:00,12/07/2018,04:35:00,Utah: Weber County;,WECC,Actual Physical Attack,0,0,2018,DOE_Electric_Disturbance_Events.xlsx:2018,Physical attack that could potentially impact electric power system adequacy or reliability; or vandalism which targets components of any security systems.,False,False,False,Actual Physical Attack
2018-12-09 00:00:00,03:35:00,12/10/2018,23:45:00,North Carolina:,SERC,Severe Weather/Transmission Interruption,Unknown,50000,2018,DOE_Electric_Disturbance_Events.xlsx:2018,"Loss of electric service to more than 50,000 customers for 1 hour or more.",False,False,False,Severe Weather/Transmission Interruption
2018-12-09 00:00:00,23:28:00,12/10/2018,01:30:00,Virginia: Loudoun County;,SERC,Vandalism,0,0,2018,DOE_Electric_Disturbance_Events.xlsx:2018,Damage or destruction of its Facility that results from actual or suspected intentional human action.,False,False,False,Vandalism
2018-12-09 00:00:00,08:41:00,12/09/2018,18:00:00,North Carolina:,SERC,Severe Weather,Unknown,70000,2018,DOE_Electric_Disturbance_Events.xlsx:2018,"Loss of electric service to more than 50,000 customers for 1 hour or more.",False,False,False,Severe Weather
2018-12-09 00:00:00,00:23:00,12/09/2018,11:54:00,Alabama: Georgia:,SERC,Severe Weather,137,41126,2018,DOE_Electric_Disturbance_Events.xlsx:2018,"Loss of electric service to more than 50,000 customers for 1 hour or more.",False,False,False,Severe Weather
2018-12-11 00:00:00,07:00:00,12/13/2018,14:00:00,Oregon: Josephine County;,WECC,Vandalism,0,0,2018,DOE_Electric_Disturbance_Events.xlsx:2018,Physical attack that could potentially impact electric power system adequacy or reliability; or vandalism which targets components of any security systems.,False,False,False,Vandalism
2018-12-11 00:00:00,09:10:00,12/11/2018,10:26:00,Texas: Travis County;,TRE,System Operations,0,0,2018,DOE_Electric_Disturbance_Events.xlsx:2018,Complete loss of monitoring or control capability at its staffed Bulk Electric System control center for 30 continuous minutes or more.,True,True,True,System Operations
2018-12-12 00:00:00,10:00:00,12/12/2018,10:31:00,Oregon: Gilliam County;,WECC,Vandalism,0,0,2018,DOE_Electric_Disturbance_Events.xlsx:2018,Physical attack that could potentially impact electric power system adequacy or reliability; or vandalism which targets components of any security systems.,False,False,False,Vandalism
2018-12-13 00:00:00,10:00:00,Unknown,Unknown,"California: Stanislaus County, San Joaquin County;",WECC,Suspicious Activity,0,0,2018,DOE_Electric_Disturbance_Events.xlsx:2018,"Physical threat to its Facility excluding weather or natural disaster related threats, which has the potential to degrade the normal operation of the Facility. Or suspicious device or activity at its Facility.",False,False,False,Suspicious Activity
2018-12-14 00:00:00,16:00:00,12/17/2018,02:00:00,"Washington: King County, Kitsap County, Island County, Pierce County, Thurston County, Whatcom County, Skagit County, Kittitas County;",WECC,Severe Weather,Unknown,150000,2018,DOE_Electric_Disturbance_Events.xlsx:2018,"Loss of electric service to more than 50,000 customers for 1 hour or more.",False,False,False,Severe Weather
2018-12-14 00:00:00,18:00:00,Unknown,Unknown,Washington: Snohomish County;,WECC,Severe Weather,200,60000,2018,DOE_Electric_Disturbance_Events.xlsx:2018,"Loss of electric service to more than 50,000 customers for 1 hour or more.",False,False,False,Severe Weather
2018-12-14 00:00:00,08:40:00,12/14/2018,10:00:00,Texas: Jasper County;,TRE,Suspicious Activity,0,0,2018,DOE_Electric_Disturbance_Events.xlsx:2018,"Physical threat to its Facility excluding weather or natural disaster related threats, which has the potential to degrade the normal operation of the Facility. Or suspicious device or activity at its Facility.",True,True,True,Suspicious Activity
2018-12-18 00:00:00,08:47:00,12/18/2018,08:48:00,Utah: Salt Lake County; California: Oregon:,WECC,Vandalism,0,0,2018,DOE_Electric_Disturbance_Events.xlsx:2018,Physical attack that could potentially impact electric power system adequacy or reliability; or vandalism which targets components of any security systems.,False,False,False,Vandalism
2018-12-20 00:00:00,09:30:00,12/20/2018,17:00:00,"Washington: Skagit County, Snohomish County, King County, Kitsap County, Island County;",WECC,Severe Weather,Unknown,165000,2018,DOE_Electric_Disturbance_Events.xlsx:2018,"Loss of electric service to more than 50,000 customers for 1 hour or more.",False,False,False,Severe Weather
2018-12-26 00:00:00,01:00:00,01/03/2019,10:27:00,California: Kern County;,WECC,Vandalism,0,0,2018,DOE_Electric_Disturbance_Events.xlsx:2018,Physical attack that could potentially impact electric power system adequacy or reliability; or vandalism which targets components of any security systems.,False,False,False,Vandalism
2018-12-27 00:00:00,21:12:00,12/27/2018,21:16:00,New York: New York County;,NPCC,Transmission Interruption,Unknown,Unknown,2018,DOE_Electric_Disturbance_Events.xlsx:2018,"Unexpected Transmission loss within its area, contrary to design, of three or more Bulk Electric System Facilities caused by a common disturbance (excluding successful automatic reclosing).",False,False,False,Transmission Interruption
2018-12-27 00:00:00,00:05:00,12/27/2018,01:05:00,"Maryland: Montgomery County, Prince George's County; District of Columbia:",RF,System Operations,0,0,2018,DOE_Electric_Disturbance_Events.xlsx:2018,Complete loss of monitoring or control capability at its staffed Bulk Electric System control center for 30 continuous minutes or more.,False,False,False,System Operations
2018-12-27 00:00:00,12:50:00,12/27/2018,13:00:00,California: Kern County;,WECC,Vandalism,0,0,2018,DOE_Electric_Disturbance_Events.xlsx:2018,Damage or destruction of its Facility that results from actual or suspected intentional human action.,False,False,False,Vandalism
2018-12-30 00:00:00,11:41:00,12/30/2018,13:20:00,Washington: King County;,WECC,System Operations,0,0,2018,DOE_Electric_Disturbance_Events.xlsx:2018,Complete loss of monitoring or control capability at its staffed Bulk Electric System control center for 30 continuous minutes or more.,False,False,False,System Operations
2019-01-05 00:00:00,13:19:00,01/05/2019,15:07:00,Washington:,WECC,System Operations,0,Unknown,2019,DOE_Electric_Disturbance_Events.xlsx:2019,Complete loss of Interpersonal Communication and Alternative Interpersonal Communication capability affecting its staffed Bulk Electric System control center for 30 continuous minutes or more.,False,False,False,System Operations
2019-01-06 00:00:00,03:00:00,01/09/2019,07:00:00,Washington:,WECC,Severe Weather,230,230000,2019,DOE_Electric_Disturbance_Events.xlsx:2019,"Loss of electric service to more than 50,000 customers for 1 hour or more.",False,False,False,Severe Weather
2019-01-06 00:00:00,17:56:00,01/06/2019,21:52:00,California: Sacramento County;,WECC,Severe Weather,300,90382,2019,DOE_Electric_Disturbance_Events.xlsx:2019,"Loss of electric service to more than 50,000 customers for 1 hour or more.",False,False,False,Severe Weather
2019-01-06 00:00:00,01:00:00,01/06/2019,12:00:00,"Washington: King County, Thurston County, Pierce County;",WECC,Severe Weather,Unknown,230000,2019,DOE_Electric_Disturbance_Events.xlsx:2019,"Loss of electric service to more than 50,000 customers for 1 hour or more.",False,False,False,Severe Weather
2019-01-07 00:00:00,20:57:00,01/07/2019,21:32:00,Michigan:,RF,System Operations,0,0,2019,DOE_Electric_Disturbance_Events.xlsx:2019,Complete loss of monitoring or control capability at its staffed Bulk Electric System control center for 30 continuous minutes or more.,False,False,False,System Operations
2019-01-09 00:00:00,11:55:00,01/09/2019,11:56:00,New Mexico: San Juan County;,WECC,Suspicious Activity,0,0,2019,DOE_Electric_Disturbance_Events.xlsx:2019,"Physical threat to its Facility excluding weather or natural disaster related threats, which has the potential to degrade the normal operation of the Facility. Or suspicious device or activity at its Facility.",False,False,False,Suspicious Activity
2019-01-10 00:00:00,12:19:00,01/10/2019,12:48:00,Montana: Valley County;,WECC,System Operations,11,2,2019,DOE_Electric_Disturbance_Events.xlsx:2019,"Unexpected Transmission loss within its area, contrary to design, of three or more Bulk Electric System Facilities caused by a common disturbance (excluding successful automatic reclosing).",False,False,False,System Operations
2019-01-11 00:00:00,11:36:00,01/11/2019,12:43:00,Maine:,RF,System Operations,0,0,2019,DOE_Electric_Disturbance_Events.xlsx:2019,Complete loss of monitoring or control capability at its staffed Bulk Electric System control center for 30 continuous minutes or more.,False,False,False,System Operations
2019-01-12 00:00:00,11:30:00,01/13/2019,22:00:00,Missouri: Jackson County; Kansas: Johnson County;,SPP RE,Severe Weather,Unknown,112530,2019,DOE_Electric_Disturbance_Events.xlsx:2019,"Loss of electric service to more than 50,000 customers for 1 hour or more.",False,False,False,Severe Weather
2019-01-12 00:00:00,11:30:00,Unknown,Unknown,Missouri: Nebraska:,SERC,Severe Weather,Unknown,116600,2019,DOE_Electric_Disturbance_Events.xlsx:2019,"Loss of electric service to more than 50,000 customers for 1 hour or more.",False,False,False,Severe Weather
2019-01-12 00:00:00,19:20:00,01/12/2019,21:38:00,New Hampshire:,NPCC,System Operations,0,0,2019,DOE_Electric_Disturbance_Events.xlsx:2019,Complete loss of monitoring or control capability at its staffed Bulk Electric System control center for 30 continuous minutes or more.,False,False,False,System Operations
2019-01-13 00:00:00,05:30:00,01/15/2019,17:00:00,North Carolina: South Carolina:,SERC,Severe Weather,133200,Unknown,2019,DOE_Electric_Disturbance_Events.xlsx:2019,"Loss of electric service to more than 50,000 customers for 1 hour or more.",False,False,False,Severe Weather
2019-01-14 00:00:00,11:10:00,Unknown,Unknown,Michigan:,RF,Actual Physical Attack,Unknown,Unknown,2019,DOE_Electric_Disturbance_Events.xlsx:2019,Physical attack that could potentially impact electric power system adequacy or reliability; or vandalism which targets components of any security systems.,False,False,False,Actual Physical Attack
2019-01-15 00:00:00,08:00:00,01/15/2019,08:02:00,Pennsylvania:,RF,Vandalism,0,0,2019,DOE_Electric_Disturbance_Events.xlsx:2019,Physical attack that could potentially impact electric power system adequacy or reliability; or vandalism which targets components of any security systems.,False,False,False,Vandalism
2019-01-16 00:00:00,17:26:00,01/17/2019,12:19:00,California:,WECC,Severe Weather,190,126700,2019,DOE_Electric_Disturbance_Events.xlsx:2019,"Loss of electric service to more than 50,000 customers for 1 hour or more.",False,False,False,Severe Weather
2019-01-16 00:00:00,05:19:00,01/16/2019,07:14:00,Texas: Nueces County;,TRE,System Operations,0,0,2019,DOE_Electric_Disturbance_Events.xlsx:2019,Complete loss of monitoring or control capability at its staffed Bulk Electric System control center for 30 continuous minutes or more.,True,True,True,System Operations
2019-01-18 00:00:00,21:54:00,01/19/2019,00:19:00,Nebraska:,MRO,Transmission Interruption,8,Unknown,2019,DOE_Electric_Disturbance_Events.xlsx:2019,"Unexpected Transmission loss within its area, contrary to design, of three or more Bulk Electric System Facilities caused by a common disturbance (excluding successful automatic reclosing).",False,False,False,Transmission Interruption
2019-01-23 00:00:00,07:26:00,01/23/2019,17:05:00,Colorado: Larimer County;,WECC,System Operations,0,0,2019,DOE_Electric_Disturbance_Events.xlsx:2019,"Unexpected Transmission loss within its area, contrary to design, of three or more Bulk Electric System Facilities caused by a common disturbance (excluding successful automatic reclosing).",False,False,False,System Operations
2019-01-24 00:00:00,04:39:00,01/24/2019,05:16:00,Ohio:,RF,System Operations,0,0,2019,DOE_Electric_Disturbance_Events.xlsx:2019,Complete loss of monitoring or control capability at its staffed Bulk Electric System control center for 30 continuous minutes or more.,False,False,False,System Operations
2019-01-28 00:00:00,13:35:00,01/28/2019,13:40:00,Utah: Iron County;,WECC,Actual Physical Attack,0,0,2019,DOE_Electric_Disturbance_Events.xlsx:2019,Damage or destruction of its Facility that results from actual or suspected intentional human action.,False,False,False,Actual Physical Attack
2019-01-29 00:00:00,18:34:00,01/29/2019,18:36:00,Louisiana: Washington Parish;,SERC,Transmission Interruption,Unknown,Unknown,2019,DOE_Electric_Disturbance_Events.xlsx:2019,"Unexpected Transmission loss within its area, contrary to design, of three or more Bulk Electric System Facilities caused by a common disturbance (excluding successful automatic reclosing).",False,False,False,Transmission Interruption
2019-01-30 00:00:00,16:30:00,Unknown,Unknown,Washington:,WECC,Vandalism,0,0,2019,DOE_Electric_Disturbance_Events.xlsx:2019,Physical attack that could potentially impact electric power system adequacy or reliability; or vandalism which targets components of any security systems.,False,False,False,Vandalism
2019-01-30 00:00:00,04:23:00,02/02/2019,09:00:00,Illinois: Scott County;,SERC,Fuel Supply Deficiency,Unknown,Unknown,2019,DOE_Electric_Disturbance_Events.xlsx:2019,Fuel supply emergencies that could impact electric power system adequacy or reliability.,False,False,False,Fuel Supply Deficiency
2019-01-30 00:00:00,09:30:00,01/31/2019,18:00:00,Michigan:,RF,Severe Weather,Unknown,Unknown,2019,DOE_Electric_Disturbance_Events.xlsx:2019,Public appeal to reduce the use of electricity for purposes of maintaining the continuity of the Bulk Electric System.,False,False,False,Severe Weather
2019-01-30 00:00:00,07:00:00,01/30/2019,08:08:00,Illinois: Pike County;,SERC,Severe Weather,Unknown,Unknown,2019,DOE_Electric_Disturbance_Events.xlsx:2019,Fuel supply emergencies that could impact electric power system adequacy or reliability.,False,False,False,Severe Weather
2019-01-31 00:00:00,21:33:00,01/31/2019,21:34:00,California:,WECC,Vandalism,0,0,2019,DOE_Electric_Disturbance_Events.xlsx:2019,Damage or destruction of its Facility that results from actual or suspected intentional human action.,False,False,False,Vandalism
2019-02-01 00:00:00,23:57:00,02/02/2019,08:49:00,Nevada,WECC,Vandalism,Unknown,1,2019,DOE_Electric_Disturbance_Events.xlsx:2019,Damage or destruction of its Facility that results from actual or suspected intentional human action.,False,False,False,Vandalism
2019-02-01 00:00:00,05:35:00,02/01/2019,06:10:00,Massachusetts,NPCC,System Operations,0,0,2019,DOE_Electric_Disturbance_Events.xlsx:2019,Complete loss of monitoring or control capability at its staffed Bulk Electric System control center for 30 continuous minutes or more.,False,False,False,System Operations
2019-02-02 00:00:00,10:28:00,02/02/2019,10:29:00,California,WECC,Vandalism,0,0,2019,DOE_Electric_Disturbance_Events.xlsx:2019,Physical attack that could potentially impact electric power system adequacy or reliability; or vandalism which targets components of any security systems.,False,False,False,Vandalism
2019-02-05 00:00:00,18:17:00,02/05/2019,20:26:00,California,WECC,Severe Weather,42,33200,2019,DOE_Electric_Disturbance_Events.xlsx:2019,Electrical System Separation (Islanding) where part or parts of power grid remain(s) operational in an otherwise blocked out area or within the partial failure of an integrated electrical system.,False,False,False,Severe Weather
2019-02-07 00:00:00,07:39:00,02/07/2019,07:40:00,Arkansas,SERC,Severe Weather/Transmission Interruption,3,3370,2019,DOE_Electric_Disturbance_Events.xlsx:2019,"Unexpected Transmission loss within its area, contrary to design, of three or more Bulk Electric System Facilities caused by a common disturbance (excluding successful automatic reclosing).",False,False,False,Severe Weather/Transmission Interruption
2019-02-07 00:00:00,08:55:00,02/09/2019,16:30:00,Michigan,RF,Severe Weather,Unknown,233000,2019,DOE_Electric_Disturbance_Events.xlsx:2019,"Loss of electric service to more than 50,000 customers for 1 hour or more.",False,False,False,Severe Weather
2019-02-08 00:00:00,10:00:00,02/08/2019,10:30:00,Pennsylvania,RF,Vandalism,0,0,2019,DOE_Electric_Disturbance_Events.xlsx:2019,"Physical threat to its Facility excluding weather or natural disaster related threats, which has the potential to degrade the normal operation of the Facility. Or suspicious device or activity at its Facility.",False,False,False,Vandalism
2019-02-08 00:00:00,18:30:00,Unknown,Unknown,Washington,WECC,Severe Weather,Unknown,50940,2019,DOE_Electric_Disturbance_Events.xlsx:2019,"Loss of electric service to more than 50,000 customers for 1 hour or more.",False,False,False,Severe Weather
2019-02-13 00:00:00,02:48:00,02/15/2019,00:28:00,California,WECC,Severe Weather,182,121000,2019,DOE_Electric_Disturbance_Events.xlsx:2019,"Loss of electric service to more than 50,000 customers for 1 hour or more.",False,False,False,Severe Weather
2019-02-14 00:00:00,08:50:00,02/14/2019,12:10:00,New Jersey,RF,Vandalism,0,0,2019,DOE_Electric_Disturbance_Events.xlsx:2019,"Physical threat to its Facility excluding weather or natural disaster related threats, which has the potential to degrade the normal operation of the Facility. Or suspicious device or activity at its Facility.",False,False,False,Vandalism
2019-02-14 00:00:00,12:15:00,02/14/2019,12:16:00,Utah,WECC,Vandalism,0,0,2019,DOE_Electric_Disturbance_Events.xlsx:2019,Physical attack that could potentially impact electric power system adequacy or reliability; or vandalism which targets components of any security systems.,False,False,False,Vandalism
2019-02-19 00:00:00,09:45:00,Unknown,Unknown,Texas,TRE,Vandalism,0,0,2019,DOE_Electric_Disturbance_Events.xlsx:2019,Damage or destruction of its Facility that results from actual or suspected intentional human action.,True,True,True,Vandalism
2019-02-20 00:00:00,12:50:00,02/20/2019,13:32:00,"Wisconsin, Minnesota, Iowa, Illinois",MRO,System Operations,740,0,2019,DOE_Electric_Disturbance_Events.xlsx:2019,Complete loss of monitoring or control capability at its staffed Bulk Electric System control center for 30 continuous minutes or more.,False,False,False,System Operations
2019-02-23 00:00:00,14:05:00,Unknown,Unknown,Virginia,SERC,Severe Weather/Transmission Interruption,Unknown,Unknown,2019,DOE_Electric_Disturbance_Events.xlsx:2019,"Unexpected Transmission loss within its area, contrary to design, of three or more Bulk Electric System Facilities caused by a common disturbance (excluding successful automatic reclosing).",False,False,False,Severe Weather/Transmission Interruption
2019-02-24 00:00:00,18:00:00,02/25/2019,22:00:00,Pennsylvania,RF,Severe Weather,Unknown,132000,2019,DOE_Electric_Disturbance_Events.xlsx:2019,"Loss of electric service to more than 50,000 customers for 1 hour or more.",False,False,False,Severe Weather
2019-02-24 00:00:00,11:21:00,02/26/2019,17:29:00,"Ohio, Virginia, West Virginia",RF,Severe Weather,Unknown,118781,2019,DOE_Electric_Disturbance_Events.xlsx:2019,"Loss of electric service to more than 50,000 customers for 1 hour or more.",False,False,False,Severe Weather
2019-02-24 00:00:00,18:47:00,02/25/2019,13:55:00,Pennsylvania,RF,Severe Weather,Unknown,137216,2019,DOE_Electric_Disturbance_Events.xlsx:2019,"Loss of electric service to more than 50,000 customers for 1 hour or more.",False,False,False,Severe Weather
2019-02-24 00:00:00,12:31:00,02/24/2019,14:57:00,Ohio,RF,Severe Weather,Unknown,157274,2019,DOE_Electric_Disturbance_Events.xlsx:2019,"Loss of electric service to more than 50,000 customers for 1 hour or more.",False,False,False,Severe Weather
2019-02-24 00:00:00,14:33:00,02/24/2019,18:03:00,Pennsylvania,RF,Severe Weather,Unknown,94048,2019,DOE_Electric_Disturbance_Events.xlsx:2019,"Loss of electric service to more than 50,000 customers for 1 hour or more.",False,False,False,Severe Weather
2019-02-24 00:00:00,20:02:00,02/25/2019,14:30:00,Michigan,RF,Severe Weather,Unknown,115000,2019,DOE_Electric_Disturbance_Events.xlsx:2019,"Loss of electric service to more than 50,000 customers for 1 hour or more.",False,False,False,Severe Weather
2019-02-25 00:00:00,07:45:00,02/25/2019,18:40:00,Massachusetts,NPCC,Transmission Interruption,0,0,2019,DOE_Electric_Disturbance_Events.xlsx:2019,"Unexpected Transmission loss within its area, contrary to design, of three or more Bulk Electric System Facilities caused by a common disturbance (excluding successful automatic reclosing).",False,False,False,Transmission Interruption
2019-02-25 00:00:00,13:35:00,02/26/2019,02:50:00,"Connecticut, Massachusetts, New Hampshire, Maine, Vermont, Rhode Island",NPCC,Severe Weather,Unknown,72332,2019,DOE_Electric_Disturbance_Events.xlsx:2019,"Loss of electric service to more than 50,000 customers for 1 hour or more.",False,False,False,Severe Weather
2019-02-27 00:00:00,11:25:00,02/27/2019,17:39:00,Iowa,MRO,Transmission Interruption,0,0,2019,DOE_Electric_Disturbance_Events.xlsx:2019,"Unexpected Transmission loss within its area, contrary to design, of three or more Bulk Electric System Facilities caused by a common disturbance (excluding successful automatic reclosing).",False,False,False,Transmission Interruption
2019-02-27 00:00:00,21:35:00,02/27/2019,21:45:00,South Carolina,SERC,Suspicious Activity,0,0,2019,DOE_Electric_Disturbance_Events.xlsx:2019,"Physical threat to its Facility excluding weather or natural disaster related threats, which has the potential to degrade the normal operation of the Facility. Or suspicious device or activity at its Facility.",False,False,False,Suspicious Activity
2019-02-28 00:00:00,07:02:00,02/28/2019,07:33:00,"Oklahoma, Arkansas, Louisiana",SPP RE,System Operations,0,0,2019,DOE_Electric_Disturbance_Events.xlsx:2019,Complete loss of monitoring or control capability at its staffed Bulk Electric System control center for 30 continuous minutes or more.,False,False,False,System Operations
2019-03-04 00:00:00,11:39:00,03/08/2019,16:52:00,Oklahoma:,SPP RE,Vandalism,0,0,2019,DOE_Electric_Disturbance_Events.xlsx:2019,Damage or destruction of its Facility that results from actual or suspected intentional human action.,False,False,False,Vandalism
2019-03-05 00:00:00,09:12:00,03/05/2019,18:57:00,"California: Kern County, Los Angeles County; Utah: Salt Lake County; Wyoming: Converse County;",WECC,System Operations,0,0,2019,DOE_Electric_Disturbance_Events.xlsx:2019,Cyber event that causes interruptions of electrical system operations.,False,False,False,System Operations
2019-03-13 00:00:00,15:51:00,03/16/2019,18:00:00,Texas:,TRE,Severe Weather/Transmission Interruption,50,54290,2019,DOE_Electric_Disturbance_Events.xlsx:2019,"Loss of electric service to more than 50,000 customers for 1 hour or more.",True,True,True,Severe Weather/Transmission Interruption
2019-03-13 00:00:00,11:29:00,03/14/2019,21:11:00,Colorado: Jefferson County;,WECC,Severe Weather,58,58379,2019,DOE_Electric_Disturbance_Events.xlsx:2019,"Loss of electric service to more than 50,000 customers for 1 hour or more.",False,False,False,Severe Weather
2019-03-13 00:00:00,05:50:00,03/13/2019,10:30:00,"Texas: Midland County, Ector County, Tarrant County, Dallas County, Wichita County, Brown County;",TRE,Severe Weather,Unknown,154124,2019,DOE_Electric_Disturbance_Events.xlsx:2019,"Loss of electric service to more than 50,000 customers for 1 hour or more.",True,True,True,Severe Weather
2019-03-13 00:00:00,15:00:00,03/14/2019,00:00:00,Texas: Kansas: Oklahoma:,TRE,Severe Weather/Transmission Interruption,Unknown,66000,2019,DOE_Electric_Disturbance_Events.xlsx:2019,"Loss of electric service to more than 50,000 customers for 1 hour or more.",True,True,True,Severe Weather/Transmission Interruption
2019-03-13 00:00:00,06:12:00,03/13/2019,06:13:00,California: Los Angeles County;,WECC,Vandalism,0,0,2019,DOE_Electric_Disturbance_Events.xlsx:2019,Damage or destruction of its Facility that results from actual or suspected intentional human action.,False,False,False,Vandalism
2019-03-19 00:00:00,22:53:00,03/19/2019,22:54:00,Oklahoma:,SPP RE,Vandalism,0,0,2019,DOE_Electric_Disturbance_Events.xlsx:2019,Damage or destruction of its Facility that results from actual or suspected intentional human action.,False,False,False,Vandalism
2019-03-21 00:00:00,10:00:00,03/21/2019,10:05:00,Utah: Salt Lake County;,WECC,Vandalism,0,0,2019,DOE_Electric_Disturbance_Events.xlsx:2019,Physical attack that could potentially impact electric power system adequacy or reliability; or vandalism which targets components of any security systems. ,False,False,False,Vandalism
2019-03-25 00:00:00,07:47:00,03/25/2019,07:48:00,Oregon: Lane County;,WECC,Actual Physical Attack,5,Unknown,2019,DOE_Electric_Disturbance_Events.xlsx:2019,Physical attack that could potentially impact electric power system adequacy or reliability; or vandalism which targets components of any security systems. ,False,False,False,Actual Physical Attack
2019-03-29 00:00:00,23:36:00,03/30/2019,02:00:00,"California: San Diego County, Los Angeles County;",WECC,Suspicious Activity,0,0,2019,DOE_Electric_Disturbance_Events.xlsx:2019,Physical attack that could potentially impact electric power system adequacy or reliability; or vandalism which targets components of any security systems. ,False,False,False,Suspicious Activity
2019-04-01 00:00:00,14:15:00,04/06/2019,17:20:00,"Nevada: Carson City, Consolidated Municipality of[19], Washoe County, Churchill County;",WECC,Actual Physical Attack,0,0,2019,DOE_Electric_Disturbance_Events.xlsx:2019,Damage or destruction of its Facility that results from actual or suspected intentional human action.,False,False,False,Actual Physical Attack
2019-04-01 00:00:00,06:51:00,04/01/2019,07:53:00,New York: Broome County;,NPCC,System Operations,0,0,2019,DOE_Electric_Disturbance_Events.xlsx:2019,Complete loss of monitoring or control capability at its staffed Bulk Electric System control center for 30 continuous minutes or more.,False,False,False,System Operations
2019-04-01 00:00:00,06:51:00,04/01/2019,07:53:00,New York: Monroe County;,NPCC,System Operations,0,0,2019,DOE_Electric_Disturbance_Events.xlsx:2019,Complete loss of monitoring or control capability at its staffed Bulk Electric System control center for 30 continuous minutes or more.,False,False,False,System Operations
2019-04-02 00:00:00,08:33:00,04/02/2019,09:00:00,California: Kern County;,WECC,Vandalism,0,0,2019,DOE_Electric_Disturbance_Events.xlsx:2019,Damage or destruction of its Facility that results from actual or suspected intentional human action.,False,False,False,Vandalism
2019-04-02 00:00:00,10:15:00,04/02/2019,10:16:00,Utah: Salt Lake County;,WECC,Vandalism,0,0,2019,DOE_Electric_Disturbance_Events.xlsx:2019,Physical attack that could potentially impact electric power system adequacy or reliability; or vandalism which targets components of any security systems.,False,False,False,Vandalism
2019-04-03 00:00:00,05:15:00,04/03/2019,12:39:00,California: Fresno County;,WECC,Fuel Supply Deficiency,0,0,2019,DOE_Electric_Disturbance_Events.xlsx:2019,Fuel supply emergencies that could impact electric power system adequacy or reliability.,False,False,False,Fuel Supply Deficiency
2019-04-04 00:00:00,10:13:00,04/04/2019,12:08:00,Montana:,WECC,Transmission Interruption,0,0,2019,DOE_Electric_Disturbance_Events.xlsx:2019,"Unexpected Transmission loss within its area, contrary to design, of three or more Bulk Electric System Facilities caused by a common disturbance (excluding successful automatic reclosing).",False,False,False,Transmission Interruption
2019-04-07 00:00:00,13:46:00,04/08/2019,17:50:00,Texas:,TRE,Severe Weather,537,231956,2019,DOE_Electric_Disturbance_Events.xlsx:2019,"Loss of electric service to more than 50,000 customers for 1 hour or more.",True,True,True,Severe Weather
2019-04-10 00:00:00,11:59:00,04/10/2019,12:00:00,Virginia:,SERC,Suspicious Activity,0,0,2019,DOE_Electric_Disturbance_Events.xlsx:2019,"Physical threat to its Facility excluding weather or natural disaster related threats, which has the potential to degrade the normal operation of the Facility. Or suspicious device or activity at its Facility.",False,False,False,Suspicious Activity
2019-04-11 00:00:00,19:48:00,04/11/2019,20:00:00,Oregon: Washington:,WECC,Transmission Interruption,0,0,2019,DOE_Electric_Disturbance_Events.xlsx:2019,"Unexpected Transmission loss within its area, contrary to design, of three or more Bulk Electric System Facilities caused by a common disturbance (excluding successful automatic reclosing).",False,False,False,Transmission Interruption
2019-04-12 00:00:00,11:20:00,04/12/2019,12:46:00,Minnesota: Martin County;,MRO,Transmission Interruption,0,0,2019,DOE_Electric_Disturbance_Events.xlsx:2019,"Unexpected Transmission loss within its area, contrary to design, of three or more Bulk Electric System Facilities caused by a common disturbance (excluding successful automatic reclosing).",False,False,False,Transmission Interruption
2019-04-13 00:00:00,18:15:00,04/13/2019,23:15:00,Mississippi: Arkansas: Texas: Louisiana:,SERC,Severe Weather,Unknown,60467,2019,DOE_Electric_Disturbance_Events.xlsx:2019,"Loss of electric service to more than 50,000 customers for 1 hour or more.",True,False,True,Severe Weather
2019-04-15 00:00:00,04:35:00,04/15/2019,14:40:00,Virginia:,SERC,Severe Weather,Unknown,75290,2019,DOE_Electric_Disturbance_Events.xlsx:2019,"Loss of electric service to more than 50,000 customers for 1 hour or more.",False,False,False,Severe Weather
2019-04-15 00:00:00,10:00:00,04/15/2019,14:00:00,Minnesota:,MRO,Vandalism,0,0,2019,DOE_Electric_Disturbance_Events.xlsx:2019,Damage or destruction of its Facility that results from actual or suspected intentional human action.,False,False,False,Vandalism
2019-04-16 00:00:00,10:30:00,04/16/2019,11:00:00,California: Kern County;,WECC,Vandalism,0,0,2019,DOE_Electric_Disturbance_Events.xlsx:2019,Damage or destruction of its Facility that results from actual or suspected intentional human action.,False,False,False,Vandalism
2019-04-17 00:00:00,19:38:00,04/17/2019,23:52:00,Arizona:,WECC,System Operations,0,0,2019,DOE_Electric_Disturbance_Events.xlsx:2019,Complete loss of monitoring or control capability at its staffed Bulk Electric System control center for 30 continuous minutes or more.,False,False,False,System Operations
2019-04-18 00:00:00,20:08:00,04/19/2019,11:00:00,Colorado: Clear Creek County;,WECC,Transmission Interruption,0,0,2019,DOE_Electric_Disturbance_Events.xlsx:2019,"Unexpected Transmission loss within its area, contrary to design, of three or more Bulk Electric System Facilities caused by a common disturbance (excluding successful automatic reclosing).",False,False,False,Transmission Interruption
2019-04-18 00:00:00,19:55:00,04/19/2019,17:29:00,Alabama: Mississippi: Georgia: Florida:,SERC,Severe Weather,116,34695,2019,DOE_Electric_Disturbance_Events.xlsx:2019,"Loss of electric service to more than 50,000 customers for 1 hour or more.",False,False,False,Severe Weather
2019-04-21 00:00:00,10:40:00,04/21/2019,10:45:00,Utah: Salt Lake County;,WECC,Vandalism,0,0,2019,DOE_Electric_Disturbance_Events.xlsx:2019,Damage or destruction of its Facility that results from actual or suspected intentional human action.,False,False,False,Vandalism
2019-04-25 00:00:00,18:03:00,04/25/2019,18:32:00,Arizona: Maricopa County;,WECC,Generation Inadequacy,150,51366,2019,DOE_Electric_Disturbance_Events.xlsx:2019,Firm load shedding of 100 Megawatts or more implemented under emergency operational policy.,False,False,False,Generation Inadequacy
2019-04-26 00:00:00,01:00:00,04/26/2019,13:27:00,Pennsylvania:,RF,Transmission Interruption,7,5830,2019,DOE_Electric_Disturbance_Events.xlsx:2019,"Unexpected Transmission loss within its area, contrary to design, of three or more Bulk Electric System Facilities caused by a common disturbance (excluding successful automatic reclosing).",False,False,False,Transmission Interruption
2019-04-26 00:00:00,17:46:00,04/27/2019,11:49:00,North Carolina: South Carolina:,SERC,Severe Weather,Unknown,54071,2019,DOE_Electric_Disturbance_Events.xlsx:2019,"Loss of electric service to more than 50,000 customers for 1 hour or more.",False,False,False,Severe Weather
2019-04-26 00:00:00,15:16:00,04/26/2019,15:17:00,Massachusetts: Hampden County[13];,NPCC,Severe Weather/Transmission Interruption,0,0,2019,DOE_Electric_Disturbance_Events.xlsx:2019,"Unexpected Transmission loss within its area, contrary to design, of three or more Bulk Electric System Facilities caused by a common disturbance (excluding successful automatic reclosing).",False,False,False,Severe Weather/Transmission Interruption
2019-04-28 00:00:00,13:40:00,04/28/2019,14:49:00,South Carolina:,SERC,System Operations,0,0,2019,DOE_Electric_Disturbance_Events.xlsx:2019,Complete loss of monitoring or control capability at its staffed Bulk Electric System control center for 30 continuous minutes or more.,False,False,False,System Operations
2019-04-28 00:00:00,10:43:00,04/29/2019,02:06:00,Ohio:,RF,Transmission Interruption,0,0,2019,DOE_Electric_Disturbance_Events.xlsx:2019,"Unexpected Transmission loss within its area, contrary to design, of three or more Bulk Electric System Facilities caused by a common disturbance (excluding successful automatic reclosing).",False,False,False,Transmission Interruption
2019-04-29 00:00:00,17:17:00,04/30/2019,09:22:00,Virginia: Surry County;,SERC,Vandalism,0,0,2019,DOE_Electric_Disturbance_Events.xlsx:2019,Damage or destruction of its Facility that results from actual or suspected intentional human action.,False,False,False,Vandalism
2019-04-30 00:00:00,12:25:00,04/30/2019,13:11:00,Indiana:,RF,System Operations,0,0,2019,DOE_Electric_Disturbance_Events.xlsx:2019,Complete loss of monitoring or control capability at its staffed Bulk Electric System control center for 30 continuous minutes or more.,False,False,False,System Operations
2019-05-08 00:00:00,09:22:00,05/08/2019,09:56:00,Pennsylvania: Mercer County;,RF,Transmission Interruption,29,1,2019,DOE_Electric_Disturbance_Events.xlsx:2019,"Unexpected Transmission loss within its area, contrary to design, of three or more Bulk Electric System Facilities caused by a common disturbance (excluding successful automatic reclosing).",False,False,False,Transmission Interruption
2019-05-08 00:00:00,15:50:00,05/13/2019,00:00:00,Louisiana: Texas:,SPP RE,Severe Weather/Distribution Interruption,Unknown,65844,2019,DOE_Electric_Disturbance_Events.xlsx:2019,"Loss of electric service to more than 50,000 customers for 1 hour or more.",True,False,True,Severe Weather/Distribution Interruption
2019-05-09 00:00:00,17:55:00,05/11/2019,20:50:00,Texas: Harris County;,TRE,Severe Weather,691,238015,2019,DOE_Electric_Disturbance_Events.xlsx:2019,"Loss of electric service to more than 50,000 customers for 1 hour or more.",True,True,True,Severe Weather
2019-05-09 00:00:00,19:06:00,05/10/2019,02:57:00,Texas: Harris County;,TRE,Severe Weather/Transmission Interruption,0,0,2019,DOE_Electric_Disturbance_Events.xlsx:2019,"Unexpected Transmission loss within its area, contrary to design, of three or more Bulk Electric System Facilities caused by a common disturbance (excluding successful automatic reclosing).",True,True,True,Severe Weather/Transmission Interruption
2019-05-10 00:00:00,02:00:00,05/10/2019,12:15:00,Texas:,TRE,Severe Weather,Unknown,61008,2019,DOE_Electric_Disturbance_Events.xlsx:2019,"Loss of electric service to more than 50,000 customers for 1 hour or more.",True,True,True,Severe Weather
2019-05-11 00:00:00,14:08:00,05/11/2019,15:00:00,California: Kern County;,WECC,Vandalism,0,0,2019,DOE_Electric_Disturbance_Events.xlsx:2019,Damage or destruction of its Facility that results from actual or suspected intentional human action.,False,False,False,Vandalism
2019-05-15 00:00:00,12:10:00,05/15/2019,12:11:00,West Virginia:,RF,Suspicious Activity,Unknown,Unknown,2019,DOE_Electric_Disturbance_Events.xlsx:2019,"Physical threat to its Facility excluding weather or natural disaster related threats, which has the potential to degrade the normal operation of the Facility. Or suspicious device or activity at its Facility.",False,False,False,Suspicious Activity
2019-05-18 00:00:00,15:45:00,05/20/2019,04:00:00,"Texas: Ector County, Midland County, Tarrant County, Dallas County, Stephens County, Anderson County, McLennan County, Ellis County, Hunt County, Young County, Bell County, Limestone County, Collin County, Rockwall County, Henderson County, Parker County, Falls County, Freestone County, Kaufman County, Grayson County, Smith County;",TRE,Severe Weather,Unknown,68000,2019,DOE_Electric_Disturbance_Events.xlsx:2019,"Loss of electric service to more than 50,000 customers for 1 hour or more.",True,True,True,Severe Weather
2019-05-18 00:00:00,01:55:00,05/18/2019,15:06:00,Colorado: Wyoming: Nebraska: Utah: Daggett County; New Mexico:,WECC,Vandalism,30,0,2019,DOE_Electric_Disturbance_Events.xlsx:2019,Physical attack that could potentially impact electric power system adequacy or reliability; or vandalism which targets components of any security systems.,False,False,False,Vandalism
2019-05-23 00:00:00,16:55:00,05/23/2019,23:40:00,Virginia:,SERC,Severe Weather,Unknown,100000,2019,DOE_Electric_Disturbance_Events.xlsx:2019,"Loss of electric service to more than 50,000 customers for 1 hour or more.",False,False,False,Severe Weather
2019-05-23 00:00:00,01:11:00,05/23/2019,12:00:00,Indiana:,RF,Severe Weather/Transmission Interruption,0,0,2019,DOE_Electric_Disturbance_Events.xlsx:2019,"Unexpected Transmission loss within its area, contrary to design, of three or more Bulk Electric System Facilities caused by a common disturbance (excluding successful automatic reclosing).",False,False,False,Severe Weather/Transmission Interruption
2019-05-24 00:00:00,07:28:00,05/24/2019,08:30:00,Kentucky: Shelby County;,SERC,System Operations,0,0,2019,DOE_Electric_Disturbance_Events.xlsx:2019,Complete loss of monitoring or control capability at its staffed Bulk Electric System control center for 30 continuous minutes or more.,False,False,False,System Operations
2019-05-24 00:00:00,20:09:00,05/25/2019,14:23:00,North Dakota: Minnesota:,MRO,System Operations,0,0,2019,DOE_Electric_Disturbance_Events.xlsx:2019,Complete loss of monitoring or control capability at its staffed Bulk Electric System control center for 30 continuous minutes or more.,False,False,False,System Operations
2019-05-24 00:00:00,21:47:00,05/24/2019,23:58:00,California:,WECC,Severe Weather,20,10961,2019,DOE_Electric_Disturbance_Events.xlsx:2019,Electrical System Separation (Islanding) where part or parts of power grid remain(s) operational in an otherwise blocked out area or within the partial failure of an integrated electrical system,False,False,False,Severe Weather
2019-05-27 00:00:00,22:07:00,05/28/2019,03:00:00,"Ohio: Montgomery County, Darke County, Mercer County, Miami County, Greene County;",RF,Severe Weather/Transmission Interruption,347,70000,2019,DOE_Electric_Disturbance_Events.xlsx:2019,"Loss of electric service to more than 50,000 customers for 1 hour or more.",False,False,False,Severe Weather/Transmission Interruption
2019-06-02 00:00:00,18:19:00,06/02/2019,20:43:00,California:,WECC,Severe Weather/Transmission Interruption,Unknown,Unknown,2019,DOE_Electric_Disturbance_Events.xlsx:2019,Electrical System Separation (Islanding) where part or parts of power grid remain(s) operational in an otherwise blocked out area or within the partial failure of an integrated electrical system.,False,False,False,Severe Weather/Transmission Interruption
2019-06-04 00:00:00,10:15:00,06/04/2019,13:15:00,Nevada: Washoe County;,WECC,Suspicious Activity,0,0,2019,DOE_Electric_Disturbance_Events.xlsx:2019,"Physical threat to its Facility excluding weather or natural disaster related threats, which has the potential to degrade the normal operation of the Facility. Or suspicious device or activity at its Facility.",False,False,False,Suspicious Activity
2019-06-05 00:00:00,08:37:00,06/05/2019,08:40:00,Idaho: Bannock County;,WECC,Vandalism,0,0,2019,DOE_Electric_Disturbance_Events.xlsx:2019,"Physical threat to its Facility excluding weather or natural disaster related threats, which has the potential to degrade the normal operation of the Facility. Or suspicious device or activity at its Facility.",False,False,False,Vandalism
2019-06-05 00:00:00,10:16:00,06/05/2019,10:17:00,South Dakota: Lincoln County;,MRO,Vandalism,0,0,2019,DOE_Electric_Disturbance_Events.xlsx:2019,Damage or destruction of its Facility that results from actual or suspected intentional human action.,False,False,False,Vandalism
2019-06-05 00:00:00,09:46:00,06/05/2019,12:00:00,California: Kern County;,WECC,Vandalism,0,0,2019,DOE_Electric_Disturbance_Events.xlsx:2019,Damage or destruction of its Facility that results from actual or suspected intentional human action.,False,False,False,Vandalism
2019-06-06 00:00:00,18:09:00,06/06/2019,18:35:00,Texas: Bexar County;,TRE,Severe Weather,Unknown,55017,2019,DOE_Electric_Disturbance_Events.xlsx:2019,"Loss of electric service to more than 50,000 customers for 1 hour or more.",True,True,True,Severe Weather
2019-06-07 00:00:00,14:43:00,06/07/2019,16:20:00,Texas: Pecos County;,TRE,Transmission Interruption,8,1,2019,DOE_Electric_Disturbance_Events.xlsx:2019,"Unexpected Transmission loss within its area, contrary to design, of three or more Bulk Electric System Facilities caused by a common disturbance (excluding successful automatic reclosing).",True,True,True,Transmission Interruption
2019-06-08 00:00:00,15:50:00,06/08/2019,19:40:00,Texas: Potter County;,TRE,Transmission Interruption,0,0,2019,DOE_Electric_Disturbance_Events.xlsx:2019,"Unexpected Transmission loss within its area, contrary to design, of three or more Bulk Electric System Facilities caused by a common disturbance (excluding successful automatic reclosing).",True,True,True,Transmission Interruption
2019-06-09 00:00:00,14:45:00,06/13/2019,22:30:00,"Texas: Collin County, Dallas County, Denton County, Palo Pinto County, Tarrant County, Ellis County, Williamson County;",TRE,Severe Weather,Unknown,558000,2019,DOE_Electric_Disturbance_Events.xlsx:2019,"Loss of electric service to more than 50,000 customers for 1 hour or more.",True,True,True,Severe Weather
2019-06-11 00:00:00,15:11:00,06/11/2019,17:00:00,"North Dakota: Mountrail County, Williams County;",MRO,Vandalism,0,0,2019,DOE_Electric_Disturbance_Events.xlsx:2019,Damage or destruction of its Facility that results from actual or suspected intentional human action.,False,False,False,Vandalism
2019-06-11 00:00:00,07:52:00,06/11/2019,07:53:00,Utah:,WECC,Vandalism,0,0,2019,DOE_Electric_Disturbance_Events.xlsx:2019,Physical attack that could potentially impact electric power system adequacy or reliability; or vandalism which targets components of any security systems.,False,False,False,Vandalism
2019-06-12 00:00:00,14:56:00,06/12/2019,15:50:00,"California: Imperial County, Riverside County;",WECC,Generation Inadequacy,982,30907,2019,DOE_Electric_Disturbance_Events.xlsx:2019,Firm load shedding of 100 Megawatts or more implemented under emergency operational policy.,False,False,False,Generation Inadequacy
2019-06-16 00:00:00,02:00:00,06/17/2019,23:59:00,"Texas: Dallas County, Tarrant County, Collin County, Denton County;",TRE,Severe Weather,Unknown,340000,2019,DOE_Electric_Disturbance_Events.xlsx:2019,"Loss of electric service to more than 50,000 customers for 1 hour or more.",True,True,True,Severe Weather
2019-06-16 00:00:00,03:25:00,Unknown,Unknown,Oklahoma:,SPP RE,Severe Weather/Transmission Interruption,Unknown,Unknown,2019,DOE_Electric_Disturbance_Events.xlsx:2019,"Unexpected Transmission loss within its area, contrary to design, of three or more Bulk Electric System Facilities caused by a common disturbance (excluding successful automatic reclosing).",False,False,False,Severe Weather/Transmission Interruption
2019-06-18 00:00:00,06:21:00,06/18/2019,06:40:00,Washington: Grant County;,WECC,Suspicious Activity,0,0,2019,DOE_Electric_Disturbance_Events.xlsx:2019,"Physical threat to its Facility excluding weather or natural disaster related threats, which has the potential to degrade the normal operation of the Facility. Or suspicious device or activity at its Facility.",False,False,False,Suspicious Activity
2019-06-19 00:00:00,11:00:00,06/19/2019,11:01:00,Oklahoma:,SPP RE,Vandalism,0,0,2019,DOE_Electric_Disturbance_Events.xlsx:2019,Damage or destruction of its Facility that results from actual or suspected intentional human action.,False,False,False,Vandalism
2019-06-19 00:00:00,22:30:00,06/20/2019,19:00:00,Arkansas:,SPP RE,Severe Weather,Unknown,82045,2019,DOE_Electric_Disturbance_Events.xlsx:2019,"Loss of electric service to more than 50,000 customers for 1 hour or more.",False,False,False,Severe Weather
2019-06-19 00:00:00,15:00:00,Unknown,Unknown,Nevada: Clark County;,WECC,Vandalism,0,0,2019,DOE_Electric_Disturbance_Events.xlsx:2019,Damage or destruction of its Facility that results from actual or suspected intentional human action.,False,False,False,Vandalism
2019-06-20 00:00:00,16:11:00,06/21/2019,12:45:00,Virginia:,SERC,Severe Weather,Unknown,60000,2019,DOE_Electric_Disturbance_Events.xlsx:2019,"Loss of electric service to more than 50,000 customers for 1 hour or more.",False,False,False,Severe Weather
2019-06-21 00:00:00,18:36:00,06/21/2019,19:27:00,Maine:,NPCC,System Operations,0,0,2019,DOE_Electric_Disturbance_Events.xlsx:2019,Complete loss of monitoring or control capability at its staffed Bulk Electric System control center for 30 continuous minutes or more.,False,False,False,System Operations
2019-06-21 00:00:00,19:15:00,Unknown,Unknown,Kentucky: Tennessee:,SERC,Severe Weather,Unknown,50000,2019,DOE_Electric_Disturbance_Events.xlsx:2019,Electrical System Separation (Islanding) where part or parts of power grid remain(s) operational in an otherwise blocked out area or within the partial failure of an integrated electrical system.,False,False,False,Severe Weather
2019-06-21 00:00:00,10:00:00,06/21/2019,11:00:00,California: Kern County;,WECC,Vandalism,0,0,2019,DOE_Electric_Disturbance_Events.xlsx:2019,Damage or destruction of its Facility that results from actual or suspected intentional human action.,False,False,False,Vandalism
2019-06-22 00:00:00,20:46:00,06/23/2019,00:30:00,Alabama: Georgia:,SERC,Severe Weather,115,34637,2019,DOE_Electric_Disturbance_Events.xlsx:2019,"Loss of electric service to more than 50,000 customers for 1 hour or more.",False,False,False,Severe Weather
2019-06-23 00:00:00,22:00:00,06/25/2019,23:00:00,"Texas: Dallas County, Denton County, Ellis County, Collin County, Ellis County, Hood County, Johnson County, Kaufman County;",TRE,Severe Weather,Unknown,265000,2019,DOE_Electric_Disturbance_Events.xlsx:2019,"Loss of electric service to more than 50,000 customers for 1 hour or more.",True,True,True,Severe Weather
2019-06-23 00:00:00,05:13:00,06/23/2019,10:58:00,Arkansas:,SPP RE,Transmission Interruption,47,16199,2019,DOE_Electric_Disturbance_Events.xlsx:2019,"Unexpected Transmission loss within its area, contrary to design, of three or more Bulk Electric System Facilities caused by a common disturbance (excluding successful automatic reclosing).",False,False,False,Transmission Interruption
2019-06-24 00:00:00,09:40:00,06/24/2019,15:17:00,Oklahoma: Oklahoma County;,SPP RE,System Operations,0,0,2019,DOE_Electric_Disturbance_Events.xlsx:2019,Unplanned evacuation from its Bulk Electric System control center facility for 30 continuous minutes or more.,False,False,False,System Operations
2019-06-24 00:00:00,05:30:00,06/24/2019,08:45:00,Arkansas:,SPP RE,Severe Weather,Unknown,56451,2019,DOE_Electric_Disturbance_Events.xlsx:2019,"Loss of electric service to more than 50,000 customers for 1 hour or more.",False,False,False,Severe Weather
2019-06-26 00:00:00,13:58:00,06/26/2019,14:03:00,North Dakota: Williams County;,MRO,Transmission Interruption,53,0,2019,DOE_Electric_Disturbance_Events.xlsx:2019,"Unexpected Transmission loss within its area, contrary to design, of three or more Bulk Electric System Facilities caused by a common disturbance (excluding successful automatic reclosing).",False,False,False,Transmission Interruption
2019-06-28 00:00:00,14:25:00,Unknown,Unknown,Idaho: Nez Perce County;,WECC,Transmission Interruption,0,0,2019,DOE_Electric_Disturbance_Events.xlsx:2019,"Unexpected Transmission loss within its area, contrary to design, of three or more Bulk Electric System Facilities caused by a common disturbance (excluding successful automatic reclosing).",False,False,False,Transmission Interruption
2019-06-30 00:00:00,15:15:00,06/30/2019,16:15:00,"New York: Nassau County, Suffolk County;",NPCC,Severe Weather,3189,52498,2019,DOE_Electric_Disturbance_Events.xlsx:2019,"Loss of electric service to more than 50,000 customers for 1 hour or more.",False,False,False,Severe Weather
2019-06-30 00:00:00,15:30:00,06/30/2019,20:30:00,"Illinois: Cook County, DeKalb County, DuPage County, Grundy County, Iroquois County, Ford County, Lake County, Kendall County, Kankakee County, Kane County, Ogle County;",SERC,Severe Weather,Unknown,100000,2019,DOE_Electric_Disturbance_Events.xlsx:2019,"Loss of electric service to more than 50,000 customers for 1 hour or more.",False,False,False,Severe Weather
2019-07-02 00:00:00,13:00:00,07/02/2019,13:22:00,Idaho: Ada County;,WECC,Vandalism,0,0,2019,DOE_Electric_Disturbance_Events.xlsx:2019,Damage or destruction of its Facility that results from actual or suspected intentional human action.,False,False,False,Vandalism
2019-07-06 00:00:00,22:00:00,07/07/2019,13:57:00,Mississippi: Panola County;,SERC,Vandalism,Unknown,3000,2019,DOE_Electric_Disturbance_Events.xlsx:2019,Physical attack that could potentially impact electric power system adequacy or reliability; or vandalism which targets components of any security systems.,False,False,False,Vandalism
2019-07-09 00:00:00,01:59:00,07/09/2019,15:50:00,Texas: Louisiana: Arkansas: Mississippi:,SPP RE,Vandalism,0,0,2019,DOE_Electric_Disturbance_Events.xlsx:2019,Damage or destruction of its Facility that results from actual or suspected intentional human action.,True,False,True,Vandalism
2019-07-10 00:00:00,12:10:00,07/12/2019,12:30:00,"Texas: Collin County, Dallas County, Denton County, Hood County, Johnson County, Tarrant County;",TRE,Severe Weather,Unknown,57000,2019,DOE_Electric_Disturbance_Events.xlsx:2019,"Loss of electric service to more than 50,000 customers for 1 hour or more.",True,True,True,Severe Weather
2019-07-10 00:00:00,12:00:00,07/10/2019,12:15:00,Utah: Salt Lake County;,WECC,Vandalism,0,0,2019,DOE_Electric_Disturbance_Events.xlsx:2019,Damage or destruction of its Facility that results from actual or suspected intentional human action.,False,False,False,Vandalism
2019-07-11 00:00:00,11:08:00,07/11/2019,11:13:00,Texas: Lynn County;,TRE,Transmission Interruption,26,2043,2019,DOE_Electric_Disturbance_Events.xlsx:2019,"Unexpected Transmission loss within its area, contrary to design, of three or more Bulk Electric System Facilities caused by a common disturbance (excluding successful automatic reclosing).",True,True,True,Transmission Interruption
2019-07-13 00:00:00,23:55:00,07/14/2019,13:00:00,"Louisiana: Acadia Parish, Avoyelles Parish, Catahoula Parish, Evangeline Parish, Grant Parish, Iberia Parish, LaSalle Parish, Natchitoches Parish, Rapides Parish, Sabine Parish, St. Landry Parish, St. Martin Parish, St. Mary Parish, St. Tammany Parish, Allen Parish, Beauregard Parish, Calcasieu Parish, Vermilion Parish, De Soto Parish, Jefferson Davis Parish, Red River Parish, Tangipahoa Parish, Vernon Parish, Washington Parish;",SERC,Severe Weather,Unknown,63000,2019,DOE_Electric_Disturbance_Events.xlsx:2019,"Loss of electric service to more than 50,000 customers for 1 hour or more.",False,False,False,Severe Weather
2019-07-13 00:00:00,07:15:00,07/14/2019,17:00:00,Louisiana:,SERC,Severe Weather,Unknown,55730,2019,DOE_Electric_Disturbance_Events.xlsx:2019,"Loss of electric service to more than 50,000 customers for 1 hour or more.",False,False,False,Severe Weather
2019-07-13 00:00:00,18:47:00,07/13/2019,23:37:00,New York: New York County;,NPCC,Transmission Interruption,452,72669,2019,DOE_Electric_Disturbance_Events.xlsx:2019,Uncontrolled loss of 300 Megawatts or more of firm system loads for 15 minutes or more from a single incident,False,False,False,Transmission Interruption
2019-07-17 00:00:00,14:12:00,07/17/2019,14:30:00,Oklahoma: Oklahoma County;,SPP RE,Suspicious Activity,0,0,2019,DOE_Electric_Disturbance_Events.xlsx:2019,"Physical threat to its Facility excluding weather or natural disaster related threats, which has the potential to degrade the normal operation of the Facility. Or suspicious device or activity at its Facility.",False,False,False,Suspicious Activity
2019-07-19 00:00:00,19:00:00,07/21/2019,20:00:00,Michigan:,RF,Severe Weather,Unknown,400000,2019,DOE_Electric_Disturbance_Events.xlsx:2019,"Loss of electric service to more than 50,000 customers for 1 hour or more.",False,False,False,Severe Weather
2019-07-19 00:00:00,09:55:00,07/19/2019,13:00:00,Wisconsin: Dane County;,MRO,System Operations,Unknown,Unknown,2019,DOE_Electric_Disturbance_Events.xlsx:2019,Unplanned evacuation from its Bulk Electric System control center facility for 30 continuous minutes or more.,False,False,False,System Operations
2019-07-20 00:00:00,07:37:00,07/20/2019,09:20:00,Missouri: Boone County;,SERC,Suspicious Activity,0,0,2019,DOE_Electric_Disturbance_Events.xlsx:2019,"Physical threat to its Bulk Electric System control center, excluding weather or natural disaster related threats, which has the potential to degrade the normal operation of the control center. Or suspicious device or activity at its Bulk Electric System control center.",False,False,False,Suspicious Activity
2019-07-20 00:00:00,11:55:00,07/23/2019,00:00:00,Wisconsin: Michigan:,RF,Severe Weather,200,50000,2019,DOE_Electric_Disturbance_Events.xlsx:2019,"Loss of electric service to more than 50,000 customers for 1 hour or more.",False,False,False,Severe Weather
2019-07-20 00:00:00,03:00:00,07/22/2019,07:00:00,"Michigan: Kent County, Newaygo County, Mecosta County, Montcalm County, Isabella County, Ionia County, Allegan County, Barry County;",RF,Severe Weather,Unknown,160000,2019,DOE_Electric_Disturbance_Events.xlsx:2019,"Loss of electric service to more than 50,000 customers for 1 hour or more.",False,False,False,Severe Weather
2019-07-21 00:00:00,23:00:00,07/22/2019,20:54:00,"New York: Kings County, New York County, Queens County, Bronx County, Westchester County, Richmond County;",NPCC,Severe Weather,60,45000,2019,DOE_Electric_Disturbance_Events.xlsx:2019,"Loss of electric service to more than 50,000 customers for 1 hour or more.",False,False,False,Severe Weather
2019-07-22 00:00:00,16:00:00,07/24/2019,23:00:00,"Pennsylvania: Bucks County, Delaware County;",RF,Severe Weather,Unknown,165000,2019,DOE_Electric_Disturbance_Events.xlsx:2019,"Loss of electric service to more than 50,000 customers for 1 hour or more.",False,False,False,Severe Weather
2019-07-22 00:00:00,17:50:00,07/25/2019,13:15:00,New Jersey: Gloucester County;,RF,Severe Weather,49,95600,2019,DOE_Electric_Disturbance_Events.xlsx:2019,"Loss of electric service to more than 50,000 customers for 1 hour or more.",False,False,False,Severe Weather
2019-07-23 00:00:00,23:55:00,07/23/2019,23:56:00,Nebraska:,MRO,Transmission Interruption,0,0,2019,DOE_Electric_Disturbance_Events.xlsx:2019,"Unexpected Transmission loss within its area, contrary to design, of three or more Bulk Electric System Facilities caused by a common disturbance (excluding successful automatic reclosing).",False,False,False,Transmission Interruption
2019-07-23 00:00:00,03:22:00,07/23/2019,05:40:00,California: Santa Cruz County;,WECC,Vandalism,Unknown,25,2019,DOE_Electric_Disturbance_Events.xlsx:2019,Damage or destruction of its Facility that results from actual or suspected intentional human action.,False,False,False,Vandalism
2019-07-23 00:00:00,23:55:00,07/24/2019,05:22:00,Nebraska: Scotts Bluff County;,MRO,Transmission Interruption,0,0,2019,DOE_Electric_Disturbance_Events.xlsx:2019,"Unexpected Transmission loss within its area, contrary to design, of three or more Bulk Electric System Facilities caused by a common disturbance (excluding successful automatic reclosing).",False,False,False,Transmission Interruption
2019-07-23 00:00:00,15:39:00,07/23/2019,19:00:00,Massachusetts:,NPCC,Severe Weather,54,54535,2019,DOE_Electric_Disturbance_Events.xlsx:2019,"Loss of electric service to more than 50,000 customers for 1 hour or more.",False,False,False,Severe Weather
2019-07-24 00:00:00,13:30:00,07/24/2019,13:31:00,Utah: Iron County;,WECC,Vandalism,Unknown,1,2019,DOE_Electric_Disturbance_Events.xlsx:2019,Damage or destruction of its Facility that results from actual or suspected intentional human action.,False,False,False,Vandalism
2019-07-24 00:00:00,08:01:00,07/24/2019,12:49:00,Maine:,NPCC,System Operations,0,0,2019,DOE_Electric_Disturbance_Events.xlsx:2019,Complete loss of monitoring or control capability at its staffed Bulk Electric System control center for 30 continuous minutes or more.,False,False,False,System Operations
2019-07-28 00:00:00,18:48:00,07/28/2019,19:18:00,Michigan:,RF,System Operations,0,0,2019,DOE_Electric_Disturbance_Events.xlsx:2019,Complete loss of monitoring or control capability at its staffed Bulk Electric System control center for 30 continuous minutes or more.,False,False,False,System Operations
2019-07-30 00:00:00,08:45:00,07/30/2019,09:45:00,Louisiana:,SERC,Severe Weather/Transmission Interruption,Unknown,13720,2019,DOE_Electric_Disturbance_Events.xlsx:2019,"Unexpected Transmission loss within its area, contrary to design, of three or more Bulk Electric System Facilities caused by a common disturbance (excluding successful automatic reclosing).",False,False,False,Severe Weather/Transmission Interruption
2019-08-02 00:00:00,18:24:00,08/02/2019,19:28:00,Washington: Clark County;,WECC,System Operations,0,0,2019,DOE_Electric_Disturbance_Events.xlsx:2019,Unplanned evacuation from its Bulk Electric System control center facility for 30 continuous minutes or more.,False,False,False,System Operations
2019-08-02 00:00:00,01:49:00,08/02/2019,01:55:00,Minnesota: Chisago County;,MRO,Transmission Interruption,0,0,2019,DOE_Electric_Disturbance_Events.xlsx:2019,"Unexpected Transmission loss within its area, contrary to design, of three or more Bulk Electric System Facilities caused by a common disturbance (excluding successful automatic reclosing).",False,False,False,Transmission Interruption
2019-08-05 00:00:00,17:23:00,08/06/2019,00:02:00,Oregon: Umatilla County;,WECC,Transmission Interruption,66,Unknown,2019,DOE_Electric_Disturbance_Events.xlsx:2019,"Unexpected Transmission loss within its area, contrary to design, of three or more Bulk Electric System Facilities caused by a common disturbance (excluding successful automatic reclosing).",False,False,False,Transmission Interruption
2019-08-07 00:00:00,15:00:00,08/07/2019,15:30:00,California: Kern County;,WECC,Vandalism,0,0,2019,DOE_Electric_Disturbance_Events.xlsx:2019,Damage or destruction of its Facility that results from actual or suspected intentional human action.,False,False,False,Vandalism
2019-08-07 00:00:00,08:40:00,Unknown,Unknown,Washington: Pierce County;,WECC,Vandalism,0,0,2019,DOE_Electric_Disturbance_Events.xlsx:2019,"Physical threat to its Facility excluding weather or natural disaster related threats, which has the potential to degrade the normal operation of the Facility. Or suspicious device or activity at its Facility.",False,False,False,Vandalism
2019-08-07 00:00:00,09:30:00,08/07/2019,11:15:00,Maine:,NPCC,System Operations,0,0,2019,DOE_Electric_Disturbance_Events.xlsx:2019,Complete loss of monitoring or control capability at its staffed Bulk Electric System control center for 30 continuous minutes or more.,False,False,False,System Operations
2019-08-08 00:00:00,16:16:00,08/08/2019,22:41:00,Ohio:,RF,Severe Weather/Transmission Interruption,Unknown,5600,2019,DOE_Electric_Disturbance_Events.xlsx:2019,"Unexpected Transmission loss within its area, contrary to design, of three or more Bulk Electric System Facilities caused by a common disturbance (excluding successful automatic reclosing).",False,False,False,Severe Weather/Transmission Interruption
2019-08-09 00:00:00,09:53:00,08/09/2019,10:46:00,Texas: Travis County;,TRE,Suspicious Activity,0,0,2019,DOE_Electric_Disturbance_Events.xlsx:2019,"Physical threat to its Facility excluding weather or natural disaster related threats, which has the potential to degrade the normal operation of the Facility. Or suspicious device or activity at its Facility.",True,True,True,Suspicious Activity
2019-08-10 00:00:00,16:11:00,08/10/2019,16:46:00,Michigan:,RF,System Operations,0,0,2019,DOE_Electric_Disturbance_Events.xlsx:2019,Complete loss of monitoring or control capability at its staffed Bulk Electric System control center for 30 continuous minutes or more.,False,False,False,System Operations
2019-08-10 00:00:00,19:59:00,08/10/2019,21:04:00,Michigan:,RF,System Operations,0,0,2019,DOE_Electric_Disturbance_Events.xlsx:2019,Complete loss of monitoring or control capability at its staffed Bulk Electric System control center for 30 continuous minutes or more.,False,False,False,System Operations
2019-08-13 00:00:00,10:00:00,08/13/2019,11:00:00,California: Placer County;,WECC,Vandalism,0,0,2019,DOE_Electric_Disturbance_Events.xlsx:2019,Uncontrolled loss of 300 Megawatts or more of firm system loads for 15 minutes or more from a single incident.,False,False,False,Vandalism
2019-08-13 00:00:00,00:00:00,Unknown,Unknown,North Dakota: Mercer County;,MRO,Vandalism,Unknown,Unknown,2019,DOE_Electric_Disturbance_Events.xlsx:2019,Damage or destruction of its Facility that results from actual or suspected intentional human action.,False,False,False,Vandalism
2019-08-13 00:00:00,15:10:00,08/13/2019,17:30:00,Texas: Williamson County;,TRE,Severe Weather,Unknown,Unknown,2019,DOE_Electric_Disturbance_Events.xlsx:2019,Public appeal to reduce the use of electricity for purposes of maintaining the continuity of the Bulk Electric System.,True,True,True,Severe Weather
2019-08-15 00:00:00,08:30:00,Unknown,Unknown,New York: Tompkins County;,NPCC,Fuel Supply Deficiency,150,Unknown,2019,DOE_Electric_Disturbance_Events.xlsx:2019,Fuel supply emergencies that could impact electric power system adequacy or reliability.,False,False,False,Fuel Supply Deficiency
2019-08-15 00:00:00,23:03:00,08/16/2019,00:37:00,California: Marin County;,WECC,Distribution Interruption,80,61318,2019,DOE_Electric_Disturbance_Events.xlsx:2019,"Loss of electric service to more than 50,000 customers for 1 hour or more.",False,False,False,Distribution Interruption
2019-08-15 00:00:00,11:00:00,08/15/2019,15:30:00,Kentucky: Ohio County;,SERC,Vandalism,0,0,2019,DOE_Electric_Disturbance_Events.xlsx:2019,Damage or destruction of its Facility that results from actual or suspected intentional human action.,False,False,False,Vandalism
2019-08-15 00:00:00,15:11:00,08/15/2019,18:00:00,Texas:,TRE,Severe Weather,Unknown,Unknown,2019,DOE_Electric_Disturbance_Events.xlsx:2019,Public appeal to reduce the use of electricity for purposes of maintaining the continuity of the Bulk Electric System.,True,True,True,Severe Weather
2019-08-15 00:00:00,03:07:00,08/15/2019,03:56:00,District of Columbia: Maryland:,RF,System Operations,0,0,2019,DOE_Electric_Disturbance_Events.xlsx:2019,Complete loss of monitoring or control capability at its staffed Bulk Electric System control center for 30 continuous minutes or more.,False,False,False,System Operations
2019-08-18 00:00:00,16:47:00,08/18/2018,23:00:00,Texas:,TRE,Distribution Interruption,752,86373,2019,DOE_Electric_Disturbance_Events.xlsx:2019,Uncontrolled loss of 300 Megawatts or more of firm system loads for 15 minutes or more from a single incident,True,True,True,Distribution Interruption
2019-08-18 00:00:00,16:30:00,08/18/2019,22:00:00,Texas:,TRE,Transmission Interruption/Distribution Interruption,259,61000,2019,DOE_Electric_Disturbance_Events.xlsx:2019,"Loss of electric service to more than 50,000 customers for 1 hour or more.",True,True,True,Transmission Interruption/Distribution Interruption
2019-08-18 00:00:00,15:59:00,08/18/2019,23:00:00,Louisiana: Texas:,SPP RE,Transmission Interruption,271,86373,2019,DOE_Electric_Disturbance_Events.xlsx:2019,Firm load shedding of 100 Megawatts or more implemented under emergency operational policy.,True,False,True,Transmission Interruption
2019-08-21 00:00:00,07:56:00,Unknown,Unknown,Ohio:,RF,Vandalism,Unknown,1397,2019,DOE_Electric_Disturbance_Events.xlsx:2019,Damage or destruction of its Facility that results from actual or suspected intentional human action.,False,False,False,Vandalism
2019-08-21 00:00:00,15:30:00,Unknown,Unknown,Massachusetts: Middlesex County[13];,NPCC,Vandalism,0,0,2019,DOE_Electric_Disturbance_Events.xlsx:2019,Physical attack that could potentially impact electric power system adequacy or reliability; or vandalism which targets components of any security systems.,False,False,False,Vandalism
2019-08-24 00:00:00,16:10:00,08/24/2019,19:28:00,Washington:,WECC,Suspicious Activity,0,0,2019,DOE_Electric_Disturbance_Events.xlsx:2019,Cyber event that could potentially impact electric power system adequacy or reliability.,False,False,False,Suspicious Activity
2019-08-25 00:00:00,01:44:00,08/25/2019,02:20:00,Washington: King County;,WECC,Suspicious Activity,0,0,2019,DOE_Electric_Disturbance_Events.xlsx:2019,"Physical threat to its Facility excluding weather or natural disaster related threats, which has the potential to degrade the normal operation of the Facility. Or suspicious device or activity at its Facility.",False,False,False,Suspicious Activity
2019-08-26 00:00:00,09:09:00,08/26/2019,13:34:00,North Dakota:,MRO,Transmission Interruption,0,0,2019,DOE_Electric_Disturbance_Events.xlsx:2019,"Unexpected Transmission loss within its area, contrary to design, of three or more Bulk Electric System Facilities caused by a common disturbance (excluding successful automatic reclosing).",False,False,False,Transmission Interruption
2019-08-26 00:00:00,19:00:00,08/27/2019,03:00:00,Oklahoma:,SPP RE,Severe Weather/Transmission Interruption,Unknown,95000,2019,DOE_Electric_Disturbance_Events.xlsx:2019,"Loss of electric service to more than 50,000 customers for 1 hour or more.",False,False,False,Severe Weather/Transmission Interruption
2019-08-26 00:00:00,19:00:00,08/29/2019,13:00:00,Oklahoma:,SPP RE,Severe Weather,Unknown,103779,2019,DOE_Electric_Disturbance_Events.xlsx:2019,"Loss of electric service to more than 50,000 customers for 1 hour or more.",False,False,False,Severe Weather
2019-08-29 00:00:00,23:30:00,08/30/2019,17:30:00,Michigan:,RF,System Operations,0,0,2019,DOE_Electric_Disturbance_Events.xlsx:2019,Complete loss of monitoring or control capability at its staffed Bulk Electric System control center for 30 continuous minutes or more.,False,False,False,System Operations
2019-08-31 00:00:00,15:05:00,08/31/2019,15:46:00,Pennsylvania: New Jersey:,RF,System Operations,0,0,2019,DOE_Electric_Disturbance_Events.xlsx:2019,Complete loss of monitoring or control capability at its staffed Bulk Electric System control center for 30 continuous minutes or more.,False,False,False,System Operations
2019-08-31 00:00:00,16:00:00,09/02/2019,06:00:00,California: Calaveras County;,WECC,Vandalism,0,0,2019,DOE_Electric_Disturbance_Events.xlsx:2019,Damage or destruction of its Facility that results from actual or suspected intentional human action.,False,False,False,Vandalism
2019-09-04 00:00:00,14:30:00,09/06/2019,18:00:00,Texas:,TRE,Severe Weather,Unknown,Unknown,2019,DOE_Electric_Disturbance_Events.xlsx:2019,Public appeal to reduce the use of electricity for purposes of maintaining the continuity of the Bulk Electric System.,True,True,True,Severe Weather
2019-09-04 00:00:00,11:13:00,09/04/2019,11:57:00,Maryland: District of Columbia:,RF,System Operations,0,0,2019,DOE_Electric_Disturbance_Events.xlsx:2019,Complete loss of monitoring or control capability at its staffed Bulk Electric System control center for 30 continuous minutes or more.,False,False,False,System Operations
2019-09-05 00:00:00,22:00:00,09/06/2019,12:00:00,North Carolina:,SERC,Severe Weather,3,2000,2019,DOE_Electric_Disturbance_Events.xlsx:2019,"Loss of electric service to more than 50,000 customers for 1 hour or more.",False,False,False,Severe Weather
2019-09-05 00:00:00,22:36:00,09/06/2019,16:00:00,North Carolina: South Carolina:,SERC,Severe Weather,Unknown,116000,2019,DOE_Electric_Disturbance_Events.xlsx:2019,"Loss of electric service to more than 50,000 customers for 1 hour or more.",False,False,False,Severe Weather
2019-09-05 00:00:00,04:15:00,09/05/2019,15:17:00,South Carolina:,SERC,Severe Weather,Unknown,172278,2019,DOE_Electric_Disturbance_Events.xlsx:2019,"Loss of electric service to more than 50,000 customers for 1 hour or more.",False,False,False,Severe Weather
2019-09-05 00:00:00,10:08:00,09/05/2019,12:08:00,Maine:,NPCC,System Operations,0,0,2019,DOE_Electric_Disturbance_Events.xlsx:2019,Complete loss of monitoring or control capability at its staffed Bulk Electric System control center for 30 continuous minutes or more.,False,False,False,System Operations
2019-09-06 00:00:00,08:20:00,Unknown,Unknown,North Carolina:,SERC,Severe Weather,Unknown,77000,2019,DOE_Electric_Disturbance_Events.xlsx:2019,"Loss of electric service to more than 50,000 customers for 1 hour or more.",False,False,False,Severe Weather
2019-09-10 00:00:00,21:22:00,09/10/2019,21:23:00,Wyoming: Sweetwater County;,WECC,Transmission Interruption,885,0,2019,DOE_Electric_Disturbance_Events.xlsx:2019,"Unexpected Transmission loss within its area, contrary to design, of three or more Bulk Electric System Facilities caused by a common disturbance (excluding successful automatic reclosing).",False,False,False,Transmission Interruption
2019-09-11 00:00:00,22:35:00,09/11/2019,23:59:00,"Michigan: Ionia County, Kent County, Barry County, Montcalm County, Allegan County, Ottawa County, Newaygo County;",RF,Severe Weather,Unknown,54000,2019,DOE_Electric_Disturbance_Events.xlsx:2019,"Loss of electric service to more than 50,000 customers for 1 hour or more.",False,False,False,Severe Weather
2019-09-13 00:00:00,02:31:00,09/16/2019,17:00:00,Tennessee:,SERC,System Operations,0,0,2019,DOE_Electric_Disturbance_Events.xlsx:2019,Unplanned evacuation from its Bulk Electric System control center facility for 30 continuous minutes or more.,False,False,False,System Operations
2019-09-19 00:00:00,18:40:00,09/19/2019,18:46:00,Minnesota: Washington County;,MRO,Vandalism,0,0,2019,DOE_Electric_Disturbance_Events.xlsx:2019,"Physical threat to its Facility excluding weather or natural disaster related threats, which has the potential to degrade the normal operation of the Facility. Or suspicious device or activity at its Facility.",False,False,False,Vandalism
2019-09-19 00:00:00,05:55:00,09/19/2019,14:30:00,Arizona: Pima County;,WECC,Fuel Supply Deficiency,0,0,2019,DOE_Electric_Disturbance_Events.xlsx:2019,Fuel supply emergencies that could impact electric power system adequacy or reliability.,False,False,False,Fuel Supply Deficiency
2019-09-20 00:00:00,00:21:00,09/20/2019,12:04:00,Oklahoma: Oklahoma County;,SPP RE,System Operations,0,0,2019,DOE_Electric_Disturbance_Events.xlsx:2019,Unplanned evacuation from its Bulk Electric System control center facility for 30 continuous minutes or more.,False,False,False,System Operations
2019-09-24 00:00:00,15:56:00,09/26/2019,19:25:00,Washington: King County;,WECC,Vandalism,0,0,2019,DOE_Electric_Disturbance_Events.xlsx:2019,Damage or destruction of its Facility that results from actual or suspected intentional human action.,False,False,False,Vandalism
2019-09-25 00:00:00,17:25:00,09/25/2019,18:16:00,Wisconsin: Marathon County;,MRO,Suspicious Activity,0,0,2019,DOE_Electric_Disturbance_Events.xlsx:2019,"Physical threat to its Facility excluding weather or natural disaster related threats, which has the potential to degrade the normal operation of the Facility. Or suspicious device or activity at its Facility.",False,False,False,Suspicious Activity
2019-09-25 00:00:00,03:47:00,09/25/2019,15:40:00,"California: Napa County, Nevada County, Placer County, Plumas County, Sonoma County, Butte County, Yuba County;",WECC,Severe Weather,25,69524,2019,DOE_Electric_Disturbance_Events.xlsx:2019,"Loss of electric service to more than 50,000 customers for 1 hour or more.",False,False,False,Severe Weather
2019-09-25 00:00:00,09:59:00,09/25/2019,10:00:00,Texas:,TRE,Vandalism,Unknown,Unknown,2019,DOE_Electric_Disturbance_Events.xlsx:2019,Damage or destruction of its Facility that results from actual or suspected intentional human action.,True,True,True,Vandalism
2019-09-26 00:00:00,14:31:00,09/26/2019,15:14:00,Maryland: Baltimore County;,RF,System Operations,0,0,2019,DOE_Electric_Disturbance_Events.xlsx:2019,Complete loss of monitoring or control capability at its staffed Bulk Electric System control center for 30 continuous minutes or more.,False,False,False,System Operations
2019-09-29 00:00:00,07:38:00,Unknown,Unknown,California: Alameda County;,WECC,Distribution Interruption,Unknown,50072,2019,DOE_Electric_Disturbance_Events.xlsx:2019,"Loss of electric service to more than 50,000 customers for 1 hour or more.",False,False,False,Distribution Interruption
2019-09-30 00:00:00,05:35:00,09/30/2019,08:10:00,Washington: King County;,WECC,System Operations,0,0,2019,DOE_Electric_Disturbance_Events.xlsx:2019,Unplanned evacuation from its Bulk Electric System control center facility for 30 continuous minutes or more.,False,False,False,System Operations
2019-09-30 00:00:00,12:17:00,09/30/2019,12:58:00,Nevada: Clark County;,WECC,Actual Physical Attack,3736,0,2019,DOE_Electric_Disturbance_Events.xlsx:2019,Physical attack that could potentially impact electric power system adequacy or reliability; or vandalism which targets components of any security systems.,False,False,False,Actual Physical Attack
2019-09-30 00:00:00,10:53:00,09/30/2019,10:54:00,Idaho: Bonneville County;,WECC,Vandalism,0,0,2019,DOE_Electric_Disturbance_Events.xlsx:2019,Damage or destruction of its Facility that results from actual or suspected intentional human action.,False,False,False,Vandalism
2019-10-03 00:00:00,00:13:00,10/03/2019,04:00:00,Missouri: Reynolds County;,SERC,Vandalism,0,0,2019,DOE_Electric_Disturbance_Events.xlsx:2019,Damage or destruction of its Facility that results from actual or suspected intentional human action.,False,False,False,Vandalism
2019-10-04 00:00:00,05:15:00,Unknown,Unknown,California:,WECC,Fuel Supply Deficiency,0,0,2019,DOE_Electric_Disturbance_Events.xlsx:2019,Fuel supply emergencies that could impact electric power system adequacy or reliability.,False,False,False,Fuel Supply Deficiency
2019-10-06 00:00:00,05:15:00,Unknown,Unknown,California:,WECC,Fuel Supply Deficiency,0,0,2019,DOE_Electric_Disturbance_Events.xlsx:2019,Fuel supply emergencies that could impact electric power system adequacy or reliability.,False,False,False,Fuel Supply Deficiency
2019-10-06 00:00:00,14:50:00,10/06/2019,15:00:00,"Texas: Hidalgo County, Cameron County;",TRE,Transmission Interruption,Unknown,Unknown,2019,DOE_Electric_Disturbance_Events.xlsx:2019,"Unexpected Transmission loss within its area, contrary to design, of three or more Bulk Electric System Facilities caused by a common disturbance (excluding successful automatic reclosing).",True,True,True,Transmission Interruption
2019-10-09 00:00:00,00:27:00,Unknown,Unknown,California:,WECC,Severe Weather/Transmission Interruption,2400,737808,2019,DOE_Electric_Disturbance_Events.xlsx:2019,"Loss of electric service to more than 50,000 customers for 1 hour or more.",False,False,False,Severe Weather/Transmission Interruption
2019-10-10 00:00:00,02:06:00,10/10/2019,05:05:00,Maine:,NPCC,System Operations,0,0,2019,DOE_Electric_Disturbance_Events.xlsx:2019,Complete loss of monitoring or control capability at its staffed Bulk Electric System control center for 30 continuous minutes or more.,False,False,False,System Operations
2019-10-10 00:00:00,00:22:00,10/10/2019,02:12:00,Colorado: Jefferson County;,WECC,System Operations,0,0,2019,DOE_Electric_Disturbance_Events.xlsx:2019,Unplanned evacuation from its Bulk Electric System control center facility for 30 continuous minutes or more.,False,False,False,System Operations
2019-10-11 00:00:00,10:56:00,10/11/2019,11:46:00,Michigan: Wayne County;,RF,System Operations,0,0,2019,DOE_Electric_Disturbance_Events.xlsx:2019,Complete loss of monitoring or control capability at its staffed Bulk Electric System control center for 30 continuous minutes or more.,False,False,False,System Operations
2019-10-12 00:00:00,15:00:00,10/12/2019,16:21:00,Texas:,TRE,Transmission Interruption,0,0,2019,DOE_Electric_Disturbance_Events.xlsx:2019,"Unexpected Transmission loss within its area, contrary to design, of three or more Bulk Electric System Facilities caused by a common disturbance (excluding successful automatic reclosing).",True,True,True,Transmission Interruption
2019-10-15 00:00:00,03:19:00,10/15/2019,06:38:00,Ohio:,RF,Transmission Interruption,0,0,2019,DOE_Electric_Disturbance_Events.xlsx:2019,"Unexpected Transmission loss within its area, contrary to design, of three or more Bulk Electric System Facilities caused by a common disturbance (excluding successful automatic reclosing).",False,False,False,Transmission Interruption
2019-10-15 00:00:00,19:57:00,10/15/2019,20:44:00,Kansas: Shawnee County;,SPP RE,System Operations,0,0,2019,DOE_Electric_Disturbance_Events.xlsx:2019,Unplanned evacuation from its Bulk Electric System control center facility for 30 continuous minutes or more.,False,False,False,System Operations
2019-10-16 00:00:00,07:00:00,Unknown,Unknown,Texas: Louisiana: Arkansas: Mississippi:,SPP RE,Vandalism,0,0,2019,DOE_Electric_Disturbance_Events.xlsx:2019,Damage or destruction of its Facility that results from actual or suspected intentional human action.,True,False,True,Vandalism
2019-10-17 00:00:00,00:45:00,10/19/2019,09:30:00,Connecticut: Rhode Island: Massachusetts: Vermont: New Hampshire: Maine:,NPCC,Severe Weather,Unknown,101683,2019,DOE_Electric_Disturbance_Events.xlsx:2019,"Loss of electric service to more than 50,000 customers for 1 hour or more.",False,False,False,Severe Weather
2019-10-19 00:00:00,05:57:00,10/19/2019,13:58:00,South Dakota: Codington County; Nebraska: Scotts Bluff County;,MRO,Transmission Interruption,0,0,2019,DOE_Electric_Disturbance_Events.xlsx:2019,"Unexpected Transmission loss within its area, contrary to design, of three or more Bulk Electric System Facilities caused by a common disturbance (excluding successful automatic reclosing).",False,False,False,Transmission Interruption
2019-10-19 00:00:00,14:00:00,10/19/2019,21:07:00,California: Imperial County;,WECC,System Operations,0,0,2019,DOE_Electric_Disturbance_Events.xlsx:2019,Unplanned evacuation from its Bulk Electric System control center facility for 30 continuous minutes or more.,False,False,False,System Operations
2019-10-20 00:00:00,22:15:00,10/25/2019,02:00:00,"Texas: Cass County, Cameron County, Collin County, Dallas County, Ellis County, Erath County, Hunt County, Kaufman County, Lamar County, Panola County, Rains County, Rockwall County, Rusk County, Tarrant County, Van Zandt County, Wood County;",TRE,Severe Weather,Unknown,400000,2019,DOE_Electric_Disturbance_Events.xlsx:2019,"Loss of electric service to more than 50,000 customers for 1 hour or more.",True,True,True,Severe Weather
2019-10-23 00:00:00,00:49:00,10/23/2019,04:05:00,New York: Monroe County;,NPCC,System Operations,0,0,2019,DOE_Electric_Disturbance_Events.xlsx:2019,Complete loss of monitoring or control capability at its staffed Bulk Electric System control center for 30 continuous minutes or more.,False,False,False,System Operations
2019-10-23 00:00:00,00:49:00,10/23/2019,04:05:00,New York: Broome County;,NPCC,System Operations,0,0,2019,DOE_Electric_Disturbance_Events.xlsx:2019,Complete loss of monitoring or control capability at its staffed Bulk Electric System control center for 30 continuous minutes or more.,False,False,False,System Operations
2019-10-23 00:00:00,14:36:00,Unknown,Unknown,California:,WECC,Severe Weather/Transmission Interruption,Unknown,50000,2019,DOE_Electric_Disturbance_Events.xlsx:2019,"Loss of electric service to more than 50,000 customers for 1 hour or more.",False,False,False,Severe Weather/Transmission Interruption
2019-10-24 00:00:00,17:02:00,10/24/2019,17:09:00,Ohio: Lorain County;,RF,Transmission Interruption,0,0,2019,DOE_Electric_Disturbance_Events.xlsx:2019,"Unexpected Transmission loss within its area, contrary to design, of three or more Bulk Electric System Facilities caused by a common disturbance (excluding successful automatic reclosing).",False,False,False,Transmission Interruption
2019-10-24 00:00:00,05:15:00,Unknown,Unknown,California:,WECC,Fuel Supply Deficiency,0,0,2019,DOE_Electric_Disturbance_Events.xlsx:2019,Fuel supply emergencies that could impact electric power system adequacy or reliability.,False,False,False,Fuel Supply Deficiency
2019-10-25 00:00:00,02:53:00,10/25/2019,04:37:00,South Carolina: Cherokee County;,SERC,Suspicious Activity,0,0,2019,DOE_Electric_Disturbance_Events.xlsx:2019,"Physical threat to its Facility excluding weather or natural disaster related threats, which has the potential to degrade the normal operation of the Facility. Or suspicious device or activity at its Facility.",False,False,False,Suspicious Activity
2019-10-26 00:00:00,18:20:00,10/31/2019,01:27:00,California:,WECC,Severe Weather/Transmission Interruption,3190,972000,2019,DOE_Electric_Disturbance_Events.xlsx:2019,"Loss of electric service to more than 50,000 customers for 1 hour or more.",False,False,False,Severe Weather/Transmission Interruption
2019-10-26 00:00:00,08:07:00,10/26/2019,08:45:00,Maine:,NPCC,System Operations,0,0,2019,DOE_Electric_Disturbance_Events.xlsx:2019,Complete loss of monitoring or control capability at its staffed Bulk Electric System control center for 30 continuous minutes or more.,False,False,False,System Operations
2019-10-26 00:00:00,05:15:00,10/26/2019,17:31:00,Louisiana:,SERC,Severe Weather,Unknown,82124,2019,DOE_Electric_Disturbance_Events.xlsx:2019,"Loss of electric service to more than 50,000 customers for 1 hour or more.",False,False,False,Severe Weather
2019-10-26 00:00:00,18:00:00,Unknown,Unknown,Tennessee:,SERC,Severe Weather,Unknown,70000,2019,DOE_Electric_Disturbance_Events.xlsx:2019,"Loss of electric service to more than 50,000 customers for 1 hour or more.",False,False,False,Severe Weather
2019-10-29 00:00:00,13:46:00,10/29/2019,14:49:00,"Wisconsin: Brown County, Manitowoc County, Calumet County, Winnebago County, Kewaunee County, Door County, Oconto County, Marinette County, Forest County, Langlade County, Oneida County, Vilas County, Lincoln County, Oneida County, Portage County;",MRO,System Operations,0,0,2019,DOE_Electric_Disturbance_Events.xlsx:2019,Complete loss of monitoring or control capability at its staffed Bulk Electric System control center for 30 continuous minutes or more.,False,False,False,System Operations
2019-10-30 00:00:00,06:32:00,11/01/2019,13:29:00,"California: Los Angeles County, Orange County, Riverside County, San Bernardino County, Ventura County, Kern County;",WECC,Severe Weather/Distribution Interruption,285,114402,2019,DOE_Electric_Disturbance_Events.xlsx:2019,"Loss of electric service to more than 50,000 customers for 1 hour or more.",False,False,False,Severe Weather/Distribution Interruption
2019-10-31 00:00:00,22:00:00,Unknown,Unknown,Pennsylvania:,RF,Severe Weather/Distribution Interruption,Unknown,53943,2019,DOE_Electric_Disturbance_Events.xlsx:2019,"Loss of electric service to more than 50,000 customers for 1 hour or more.",False,False,False,Severe Weather/Distribution Interruption
2019-11-01 00:00:00,23:45:00,11/02/2019,00:48:00,New York: Broome County;,NPCC,System Operations,0,0,2019,DOE_Electric_Disturbance_Events.xlsx:2019,Complete loss of monitoring or control capability at its staffed Bulk Electric System control center for 30 continuous minutes or more.,False,False,False,System Operations
2019-11-01 00:00:00,23:45:00,11/02/2019,00:48:00,New York: Monroe County;,NPCC,System Operations,0,0,2019,DOE_Electric_Disturbance_Events.xlsx:2019,Complete loss of monitoring or control capability at its staffed Bulk Electric System control center for 30 continuous minutes or more.,False,False,False,System Operations
2019-11-01 00:00:00,01:00:00,11/03/2019,13:00:00,New York:,NPCC,Severe Weather,Unknown,8000,2019,DOE_Electric_Disturbance_Events.xlsx:2019,"Loss of electric service to more than 50,000 customers for 1 hour or more.",False,False,False,Severe Weather
2019-11-01 00:00:00,01:15:00,11/02/2019,21:30:00,Connecticut: Maine: Massachusetts: Rhode Island: New Hampshire: Vermont:,NPCC,Severe Weather,Unknown,80066,2019,DOE_Electric_Disturbance_Events.xlsx:2019,"Loss of electric service to more than 50,000 customers for 1 hour or more.",False,False,False,Severe Weather
2019-11-01 00:00:00,02:41:00,Unknown,Unknown,New York: Broome County;,NPCC,Severe Weather,Unknown,66325,2019,DOE_Electric_Disturbance_Events.xlsx:2019,"Loss of electric service to more than 50,000 customers for 1 hour or more.",False,False,False,Severe Weather
2019-11-03 00:00:00,22:17:00,11/04/2019,11:10:00,Minnesota: Sherburne County;,MRO,Transmission Interruption,0,0,2019,DOE_Electric_Disturbance_Events.xlsx:2019,"Unexpected Transmission loss within its area, contrary to design, of three or more Bulk Electric System Facilities caused by a common disturbance (excluding successful automatic reclosing).",False,False,False,Transmission Interruption
2019-11-05 00:00:00,08:56:00,11/05/2019,11:51:00,Florida: Duval County;,FRCC,Transmission Interruption,1500,Unknown,2019,DOE_Electric_Disturbance_Events.xlsx:2019,"Unexpected Transmission loss within its area, contrary to design, of three or more Bulk Electric System Facilities caused by a common disturbance (excluding successful automatic reclosing).",False,False,False,Transmission Interruption
2019-11-05 00:00:00,08:30:00,11/05/2019,16:16:00,Indiana:,RF,Vandalism,0,0,2019,DOE_Electric_Disturbance_Events.xlsx:2019,Damage or destruction of its Facility that results from actual or suspected intentional human action.,False,False,False,Vandalism
2019-11-05 00:00:00,15:40:00,11/05/2019,17:11:00,Idaho: Elmore County;,WECC,Vandalism,Unknown,131,2019,DOE_Electric_Disturbance_Events.xlsx:2019,Damage or destruction of its Facility that results from actual or suspected intentional human action.,False,False,False,Vandalism
2019-11-08 00:00:00,05:50:00,11/08/2019,06:10:00,Utah: California: Oregon: Wyoming:,WECC,System Operations,72,Unknown,2019,DOE_Electric_Disturbance_Events.xlsx:2019,Electrical System Separation (Islanding) where part or parts of power grid remain(s) operational in an otherwise blocked out area or within the partial failure of an integrated electrical system.,False,False,False,System Operations
2019-11-16 00:00:00,16:11:00,11/16/2019,17:01:00,Oregon: Lane County;,WECC,Vandalism,0,0,2019,DOE_Electric_Disturbance_Events.xlsx:2019,Damage or destruction of its Facility that results from actual or suspected intentional human action.,False,False,False,Vandalism
2019-11-16 00:00:00,06:00:00,11/16/2019,17:45:00,Texas: New York: Dutchess County;,TRE,Suspicious Activity,0,0,2019,DOE_Electric_Disturbance_Events.xlsx:2019,"Physical threat to its Facility excluding weather or natural disaster related threats, which has the potential to degrade the normal operation of the Facility. Or suspicious device or activity at its Facility.",True,True,True,Suspicious Activity
2019-11-20 00:00:00,09:49:00,11/20/2019,15:20:00,"California: Colusa County, Lake County, Mendocino County, Napa County, Solano County, Sonoma County, Yolo County, Shasta County, Tehama County;",WECC,Severe Weather/Transmission Interruption,178,54000,2019,DOE_Electric_Disturbance_Events.xlsx:2019,"Loss of electric service to more than 50,000 customers for 1 hour or more.",False,False,False,Severe Weather/Transmission Interruption
2019-11-20 00:00:00,16:55:00,11/20/2019,17:37:00,California: Imperial County;,WECC,System Operations,0,0,2019,DOE_Electric_Disturbance_Events.xlsx:2019,Unplanned evacuation from its Bulk Electric System control center facility for 30 continuous minutes or more.,False,False,False,System Operations
2019-11-22 00:00:00,00:00:00,11/22/2019,01:10:00,New York: Broome County;,NPCC,System Operations,0,0,2019,DOE_Electric_Disturbance_Events.xlsx:2019,Complete loss of monitoring or control capability at its staffed Bulk Electric System control center for 30 continuous minutes or more.,False,False,False,System Operations
2019-11-22 00:00:00,00:00:00,11/22/2019,01:10:00,New York: Monroe County;,NPCC,System Operations,0,0,2019,DOE_Electric_Disturbance_Events.xlsx:2019,Complete loss of monitoring or control capability at its staffed Bulk Electric System control center for 30 continuous minutes or more.,False,False,False,System Operations
2019-11-26 00:00:00,18:07:00,11/27/2019,12:27:00,California:,WECC,Severe Weather,300,93000,2019,DOE_Electric_Disturbance_Events.xlsx:2019,"Loss of electric service to more than 50,000 customers for 1 hour or more.",False,False,False,Severe Weather
2019-11-27 00:00:00,02:44:00,11/27/2019,16:00:00,California: Santa Clara County;,WECC,Vandalism,35,2,2019,DOE_Electric_Disturbance_Events.xlsx:2019,Damage or destruction of its Facility that results from actual or suspected intentional human action.,False,False,False,Vandalism
2019-11-27 00:00:00,12:00:00,11/30/2019,02:00:00,"Michigan: Tuscola County, Sanilac County, Huron County, St. Clair County, Macomb County, Oakland County, Wayne County, Livingston County, Washtenaw County, Monroe County;",RF,Severe Weather,30,107000,2019,DOE_Electric_Disturbance_Events.xlsx:2019,"Loss of electric service to more than 50,000 customers for 1 hour or more.",False,False,False,Severe Weather
2019-11-29 00:00:00,00:00:00,12/01/2019,00:00:00,Texas: Dawson County;,TRE,Actual Physical Attack,0,0,2019,DOE_Electric_Disturbance_Events.xlsx:2019,"Damage or destruction of a Facility within its Reliability Coordinator Area, Balancing Authority Area or Transmission Operator Area that results in action(s) to avoid a Bulk Electric System Emergency.",True,True,True,Actual Physical Attack
2019-12-03 00:00:00,19:16:00,12/03/2019,19:49:00,Alabama: Covington County;,SERC,System Operations,0,0,2019,DOE_Electric_Disturbance_Events.xlsx:2019,Complete loss of monitoring or control capability at its staffed Bulk Electric System control center for 30 continuous minutes or more.,False,False,False,System Operations
2019-12-03 00:00:00,06:55:00,Unknown,Unknown,California: Fresno County;,WECC,Vandalism,Unknown,Unknown,2019,DOE_Electric_Disturbance_Events.xlsx:2019,Damage or destruction of its Facility that results from actual or suspected intentional human action.,False,False,False,Vandalism
2019-12-05 00:00:00,16:48:00,12/09/2019,05:16:00,Ohio: Kentucky:,RF,System Operations,0,0,2019,DOE_Electric_Disturbance_Events.xlsx:2019,Unplanned evacuation from its Bulk Electric System control center facility for 30 continuous minutes or more.,False,False,False,System Operations
2019-12-05 00:00:00,00:00:00,Unknown,Unknown,Washington: Chelan County;,WECC,Suspicious Activity,Unknown,Unknown,2019,DOE_Electric_Disturbance_Events.xlsx:2019,"Physical threat to its Facility excluding weather or natural disaster related threats, which has the potential to degrade the normal operation of the Facility. Or suspicious device or activity at its Facility.",False,False,False,Suspicious Activity
2019-12-07 00:00:00,06:10:00,12/08/2019,02:20:00,Oklahoma: Stephens County;,SPP RE,Actual Physical Attack,2,400,2019,DOE_Electric_Disturbance_Events.xlsx:2019,Physical attack that causes major interruptions or impacts to critical infrastructure or to operations.,False,False,False,Actual Physical Attack
2019-12-08 00:00:00,13:40:00,12/08/2019,13:41:00,Texas: Dallas County;,TRE,Vandalism,0,0,2019,DOE_Electric_Disturbance_Events.xlsx:2019,Damage or destruction of its Facility that results from actual or suspected intentional human action.,True,True,True,Vandalism
2019-12-11 00:00:00,20:53:00,12/11/2019,21:33:00,Oklahoma: Stephens County;,SPP RE,Actual Physical Attack,1,392,2019,DOE_Electric_Disturbance_Events.xlsx:2019,Physical attack that causes major interruptions or impacts to critical infrastructure or to operations.,False,False,False,Actual Physical Attack
2019-12-11 00:00:00,13:27:00,12/11/2019,13:51:00,North Dakota: Burleigh County;,MRO,Transmission Interruption,18,1,2019,DOE_Electric_Disturbance_Events.xlsx:2019,"Unexpected Transmission loss within its area, contrary to design, of three or more Bulk Electric System Facilities caused by a common disturbance (excluding successful automatic reclosing).",False,False,False,Transmission Interruption
2019-12-11 00:00:00,13:22:00,12/11/2019,16:28:00,Maine:,NPCC,System Operations,0,0,2019,DOE_Electric_Disturbance_Events.xlsx:2019,Complete loss of monitoring or control capability at its staffed Bulk Electric System control center for 30 continuous minutes or more.,False,False,False,System Operations
2019-12-16 00:00:00,23:55:00,12/17/2019,01:47:00,Texas:,TRE,Transmission Interruption,0,0,2019,DOE_Electric_Disturbance_Events.xlsx:2019,"Unexpected Transmission loss within its area, contrary to design, of three or more Bulk Electric System Facilities caused by a common disturbance (excluding successful automatic reclosing).",True,True,True,Transmission Interruption
2019-12-18 00:00:00,14:30:00,12/18/2019,15:25:00,Texas: Nueces County;,TRE,System Operations,0,0,2019,DOE_Electric_Disturbance_Events.xlsx:2019,Unplanned evacuation from its Bulk Electric System control center facility for 30 continuous minutes or more.,True,True,True,System Operations
2019-12-19 00:00:00,02:58:00,12/19/2019,03:46:00,Nebraska:,MRO,System Operations,0,0,2019,DOE_Electric_Disturbance_Events.xlsx:2019,Complete loss of monitoring or control capability at its staffed Bulk Electric System control center for 30 continuous minutes or more.,False,False,False,System Operations
2019-12-24 00:00:00,15:30:00,12/24/2019,19:34:00,Illinois:,SERC,Suspicious Activity,0,0,2019,DOE_Electric_Disturbance_Events.xlsx:2019,"Physical threat to its Facility excluding weather or natural disaster related threats, which has the potential to degrade the normal operation of the Facility. Or suspicious device or activity at its Facility.",False,False,False,Suspicious Activity
2019-12-31 00:00:00,12:00:00,12/31/2019,13:00:00,Washington:,WECC,Vandalism,0,0,2019,DOE_Electric_Disturbance_Events.xlsx:2019,Physical attack that could potentially impact electric power system adequacy or reliability; or vandalism which targets components of any security systems.,False,False,False,Vandalism
2019-12-31 00:00:00,11:03:00,01/01/2020,10:59:00,Texas: Nueces County;,TRE,Transmission Interruption,25,0,2019,DOE_Electric_Disturbance_Events.xlsx:2019,Electrical System Separation (Islanding) where part or parts of power grid remain(s) operational in an otherwise blocked out area or within the partial failure of an integrated electrical system.,True,True,True,Transmission Interruption
2020-01-09 00:00:00,23:07:00,01/09/2020,23:19:00,Arkansas: Yell County;,SPP RE,Severe Weather/Transmission Interruption,0,0,2020,DOE_Electric_Disturbance_Events.xlsx:2020,"Unexpected Transmission loss within its area, contrary to design, of three or more Bulk Electric System Facilities caused by a common disturbance (excluding successful automatic reclosing).",False,False,False,Severe Weather/Transmission Interruption
2020-01-09 00:00:00,20:45:00,01/10/2020,21:23:00,Washington: King County;,WECC,Suspicious Activity,0,0,2020,DOE_Electric_Disturbance_Events.xlsx:2020,Cyber event that could potentially impact electric power system adequacy or reliability.,False,False,False,Suspicious Activity
2020-01-09 00:00:00,07:40:00,01/09/2020,08:48:00,Minnesota: North Dakota: Wisconsin:,MRO,System Operations,0,0,2020,DOE_Electric_Disturbance_Events.xlsx:2020,Complete loss of monitoring or control capability at its staffed Bulk Electric System control center for 30 continuous minutes or more.,False,False,False,System Operations
2020-01-09 00:00:00,23:07:00,01/09/2020,23:18:00,Arkansas:,SPP RE,System Operations,Unknown,Unknown,2020,DOE_Electric_Disturbance_Events.xlsx:2020,Electrical System Separation (Islanding) where part or parts of power grid remain(s) operational in an otherwise blacked out area or within the partial failure of an integrated electrical system.,False,False,False,System Operations
2020-01-10 00:00:00,14:53:00,Unknown,Unknown,Tennessee: Hamilton County;,SERC,Suspicious Activity,Unknown,Unknown,2020,DOE_Electric_Disturbance_Events.xlsx:2020,"Physical threat to its Facility excluding weather or natural disaster related threats, which has the potential to degrade the normal operation of the Facility. Or suspicious device or activity at its Facility.",False,False,False,Suspicious Activity
2020-01-11 00:00:00,02:25:00,01/11/2020,07:56:00,Arkansas: Cross County;,SPP RE,Severe Weather/Transmission Interruption,22,7541,2020,DOE_Electric_Disturbance_Events.xlsx:2020,"Unexpected Transmission loss within its area, contrary to design, of three or more Bulk Electric System Facilities caused by a common disturbance (excluding successful automatic reclosing).",False,False,False,Severe Weather/Transmission Interruption
2020-01-11 00:00:00,23:02:00,01/12/2020,02:01:00,North Carolina: South Carolina:,SERC,Severe Weather,Unknown,66475,2020,DOE_Electric_Disturbance_Events.xlsx:2020,"Loss of electric service to more than 50,000 customers for 1 hour or more.",False,False,False,Severe Weather
2020-01-11 00:00:00,03:30:00,01/11/2020,17:30:00,Arkansas: Texas:,SPP RE,Severe Weather,Unknown,68138,2020,DOE_Electric_Disturbance_Events.xlsx:2020,"Loss of electric service to more than 50,000 customers for 1 hour or more.",True,False,True,Severe Weather
2020-01-11 00:00:00,13:20:00,Unknown,Unknown,Tennessee:,SERC,Severe Weather,4,Unknown,2020,DOE_Electric_Disturbance_Events.xlsx:2020,Electrical System Separation (Islanding) where part or parts of power grid remain(s) operational in an otherwise blacked out area or within the partial failure of an integrated electrical system.,False,False,False,Severe Weather
2020-01-11 00:00:00,12:50:00,01/12/2020,13:33:00,Alabama: Georgia: Mississippi:,SERC,Severe Weather,219,30715,2020,DOE_Electric_Disturbance_Events.xlsx:2020,"Loss of electric service to more than 50,000 customers for 1 hour or more.",False,False,False,Severe Weather
2020-01-12 00:00:00,11:15:00,01/12/2020,11:18:00,Texas: Brazos County;,TRE,Suspicious Activity,0,0,2020,DOE_Electric_Disturbance_Events.xlsx:2020,"Physical threat to its Facility excluding weather or natural disaster related threats, which has the potential to degrade the normal operation of the Facility. Or suspicious device or activity at its Facility.",True,True,True,Suspicious Activity
2020-01-14 00:00:00,00:00:00,01/14/2020,01:00:00,Florida: Alachua County;,FRCC,Suspicious Activity,0,0,2020,DOE_Electric_Disturbance_Events.xlsx:2020,"Physical threat to its Facility excluding weather or natural disaster related threats, which has the potential to degrade the normal operation of the Facility. Or suspicious device or activity at its Facility.",False,False,False,Suspicious Activity
2020-01-16 00:00:00,11:06:00,01/16/2020,11:36:00,Texas: Harris County;,TRE,System Operations,0,0,2020,DOE_Electric_Disturbance_Events.xlsx:2020,Unplanned evacuation from its Bulk Electric System control center facility for 30 continuous minutes or more.,True,True,True,System Operations
2020-01-17 00:00:00,05:28:00,01/17/2020,10:13:00,California: Humboldt County;,WECC,Severe Weather/Transmission Interruption,87,67864,2020,DOE_Electric_Disturbance_Events.xlsx:2020,Electrical System Separation (Islanding) where part or parts of power grid remain(s) operational in an otherwise blacked out area or within the partial failure of an integrated electrical system.,False,False,False,Severe Weather/Transmission Interruption
2020-01-20 00:00:00,06:30:00,01/20/2020,06:31:00,California: Los Angeles County;,WECC,Vandalism,0,0,2020,DOE_Electric_Disturbance_Events.xlsx:2020,Physical attack that could potentially impact electric power system adequacy or reliability; or vandalism which targets components of any security systems.,False,False,False,Vandalism
2020-01-22 00:00:00,02:57:00,01/22/2020,03:17:00,Nevada: Humboldt County;,WECC,Actual Physical Attack,7,3120,2020,DOE_Electric_Disturbance_Events.xlsx:2020,Damage or destruction of its Facility that results from actual or suspected intentional human action.,False,False,False,Actual Physical Attack
2020-01-23 00:00:00,23:30:00,01/24/2020,00:39:00,Florida: Manatee County;,FRCC,Vandalism,0,0,2020,DOE_Electric_Disturbance_Events.xlsx:2020,"Physical threat to its Facility excluding weather or natural disaster related threats, which has the potential to degrade the normal operation of the Facility. Or suspicious device or activity at its Facility.",False,False,False,Vandalism
2020-01-24 00:00:00,04:34:00,Unknown,Unknown,California:,WECC,Fuel Supply Deficiency,0,0,2020,DOE_Electric_Disturbance_Events.xlsx:2020,Fuel supply emergencies that could impact electric power system adequacy or reliability.,False,False,False,Fuel Supply Deficiency
2020-01-27 00:00:00,14:10:00,01/27/2020,18:58:00,North Dakota: South Dakota: Montana:,MRO,System Operations,540,130000,2020,DOE_Electric_Disturbance_Events.xlsx:2020,Complete loss of monitoring or control capability at its staffed Bulk Electric System control center for 30 continuous minutes or more.,False,False,False,System Operations
2020-01-30 00:00:00,03:01:00,01/30/2020,04:36:00,North Dakota: Burleigh County;,MRO,Transmission Interruption,75,0,2020,DOE_Electric_Disturbance_Events.xlsx:2020,"Unexpected Transmission loss within its area, contrary to design, of three or more Bulk Electric System Facilities caused by a common disturbance (excluding successful automatic reclosing).",False,False,False,Transmission Interruption
2020-01-31 00:00:00,09:50:00,02/03/2020,10:00:00,California:,WECC,Suspicious Activity,0,0,2020,DOE_Electric_Disturbance_Events.xlsx:2020,Cyber event that could potentially impact electric power system adequacy or reliability.,False,False,False,Suspicious Activity
2020-02-06 00:00:00,14:29:00,02/07/2020,12:44:00,North Carolina:,SERC,Severe Weather/Distribution Interruption,Unknown,284256,2020,DOE_Electric_Disturbance_Events.xlsx:2020,"Loss of electric service to more than 50,000 customers for 1 hour or more.",False,False,False,Severe Weather/Distribution Interruption
2020-02-06 00:00:00,13:30:00,02/07/2020,20:08:00,North Carolina: South Carolina:,SERC,Severe Weather/Transmission Interruption,Unknown,89500,2020,DOE_Electric_Disturbance_Events.xlsx:2020,"Loss of electric service to more than 50,000 customers for 1 hour or more.",False,False,False,Severe Weather/Transmission Interruption
2020-02-07 00:00:00,16:25:00,02/08/2020,12:00:00,Connecticut: Maine: Massachusetts: New Hampshire: Rhode Island: Vermont:,NPCC,Severe Weather,Unknown,123359,2020,DOE_Electric_Disturbance_Events.xlsx:2020,"Loss of electric service to more than 50,000 customers for 1 hour or more.",False,False,False,Severe Weather
2020-02-07 00:00:00,14:42:00,02/10/2020,09:25:00,New York:,NPCC,Severe Weather,Unknown,7500,2020,DOE_Electric_Disturbance_Events.xlsx:2020,"Loss of electric service to more than 50,000 customers for 1 hour or more.",False,False,False,Severe Weather
2020-02-07 00:00:00,11:00:00,Unknown,Unknown,Pennsylvania:,RF,Severe Weather/Distribution Interruption,Unknown,52000,2020,DOE_Electric_Disturbance_Events.xlsx:2020,"Loss of electric service to more than 50,000 customers for 1 hour or more.",False,False,False,Severe Weather/Distribution Interruption
2020-02-07 00:00:00,08:48:00,Unknown,Unknown,Virginia: North Carolina:,SERC,Severe Weather,Unknown,87000,2020,DOE_Electric_Disturbance_Events.xlsx:2020,"Loss of electric service to more than 50,000 customers for 1 hour or more.",False,False,False,Severe Weather
2020-02-08 00:00:00,13:56:00,02/08/2020,15:04:00,California:,WECC,Vandalism,0,0,2020,DOE_Electric_Disturbance_Events.xlsx:2020,Damage or destruction of its Facility that results from actual or suspected intentional human action.,False,False,False,Vandalism
2020-02-09 00:00:00,09:30:00,02/09/2020,21:40:00,"California: Alameda County, Contra Costa County, El Dorado County, Nevada County, Placer County, Sierra County, Santa Clara County, Napa County, Marin County, Santa Cruz County;",WECC,Severe Weather,500,145000,2020,DOE_Electric_Disturbance_Events.xlsx:2020,"Loss of electric service to more than 50,000 customers for 1 hour or more.",False,False,False,Severe Weather
2020-02-11 00:00:00,02:53:00,02/11/2020,13:30:00,Texas: Sterling County;,TRE,System Operations,0,0,2020,DOE_Electric_Disturbance_Events.xlsx:2020,Cyber event that could potentially impact electric power system adequacy or reliability.,True,True,True,System Operations
2020-02-11 00:00:00,07:13:00,02/11/2020,16:00:00,Oregon: Clackamas County;,WECC,Transmission Interruption,Unknown,0,2020,DOE_Electric_Disturbance_Events.xlsx:2020,"Unexpected Transmission loss within its area, contrary to design, of three or more Bulk Electric System Facilities caused by a common disturbance (excluding successful automatic reclosing).",False,False,False,Transmission Interruption
2020-02-12 00:00:00,07:36:00,02/12/2020,08:53:00,Maine:,NPCC,System Operations,0,0,2020,DOE_Electric_Disturbance_Events.xlsx:2020,Complete loss of monitoring or control capability at its staffed Bulk Electric System control center for 30 continuous minutes or more.,False,False,False,System Operations
2020-02-13 00:00:00,08:01:00,02/13/2020,14:38:00,Oregon:,WECC,Vandalism,0,0,2020,DOE_Electric_Disturbance_Events.xlsx:2020,Damage or destruction of its Facility that results from actual or suspected intentional human action.,False,False,False,Vandalism
2020-02-17 00:00:00,09:47:00,02/17/2020,15:31:00,Alabama: Chambers County;,SERC,Vandalism,97,Unknown,2020,DOE_Electric_Disturbance_Events.xlsx:2020,Damage or destruction of its Facility that results from actual or suspected intentional human action.,False,False,False,Vandalism
2020-02-17 00:00:00,13:18:00,02/20/2020,09:51:00,Michigan: Eaton County;,RF,Vandalism,0,0,2020,DOE_Electric_Disturbance_Events.xlsx:2020,Physical attack that could potentially impact electric power system adequacy or reliability; or vandalism which targets components of any security systems.,False,False,False,Vandalism
2020-02-17 00:00:00,04:00:00,Unknown,Unknown,Northern and Central California;,WECC,Severe Weather,91,70000,2020,DOE_Electric_Disturbance_Events.xlsx:2020,"Loss of electric service to more than 50,000 customers for 1 hour or more.",False,False,False,Severe Weather
2020-02-18 00:00:00,13:00:00,02/18/2020,14:00:00,California: Kern County;,WECC,Vandalism,0,0,2020,DOE_Electric_Disturbance_Events.xlsx:2020,Physical attack that could potentially impact electric power system adequacy or reliability; or vandalism which targets components of any security systems.,False,False,False,Vandalism
2020-02-25 00:00:00,11:45:00,02/25/2020,13:00:00,California: Los Angeles County;,WECC,Vandalism,0,0,2020,DOE_Electric_Disturbance_Events.xlsx:2020,Damage or destruction of its Facility that results from actual or suspected intentional human action.,False,False,False,Vandalism
2020-02-26 00:00:00,16:30:00,02/26/2020,17:02:00,Oklahoma:,SPP RE,System Operations,0,0,2020,DOE_Electric_Disturbance_Events.xlsx:2020,Complete loss of monitoring or control capability at its staffed Bulk Electric System control center for 30 continuous minutes or more.,False,False,False,System Operations
2020-02-26 00:00:00,17:00:00,02/26/2020,18:05:00,Maine:,NPCC,System Operations,0,0,2020,DOE_Electric_Disturbance_Events.xlsx:2020,Complete loss of monitoring or control capability at its staffed Bulk Electric System control center for 30 continuous minutes or more.,False,False,False,System Operations
2020-02-26 00:00:00,11:29:00,02/26/2020,12:14:00,South Dakota: Wyoming: Colorado:,MRO,System Operations,0,0,2020,DOE_Electric_Disturbance_Events.xlsx:2020,Complete loss of monitoring or control capability at its staffed Bulk Electric System control center for 30 continuous minutes or more.,False,False,False,System Operations
2020-02-29 00:00:00,01:45:00,02/29/2020,02:30:00,"Nevada: Clark County, Washoe County;",WECC,System Operations,0,0,2020,DOE_Electric_Disturbance_Events.xlsx:2020,Complete loss of monitoring or control capability at its staffed Bulk Electric System control center for 30 continuous minutes or more.,False,False,False,System Operations
2020-03-01 00:00:00,11:27:00,03/01/2020,21:47:00,Mississippi: Rankin County;,SERC,Transmission Interruption,19,3136,2020,DOE_Electric_Disturbance_Events.xlsx:2020,"Unexpected Transmission loss within its area, contrary to design, of three or more Bulk Electric System Facilities caused by a common disturbance (excluding successful automatic reclosing).",False,False,False,Transmission Interruption
2020-03-01 00:00:00,22:15:00,Unknown,Unknown,New York:,NPCC,Vandalism,0,0,2020,DOE_Electric_Disturbance_Events.xlsx:2020,Damage or destruction of its Facility that results from actual or suspected intentional human action.,False,False,False,Vandalism
2020-03-01 00:00:00,08:00:00,Unknown,Unknown,Western NY,NPCC,Fuel Supply Deficiency,675,Unknown,2020,DOE_Electric_Disturbance_Events.xlsx:2020,Fuel supply emergencies that could impact electric power system adequacy or reliability.,False,False,False,Fuel Supply Deficiency
2020-03-02 00:00:00,01:43:00,03/02/2020,02:43:00,"Nevada: Clark County, Washoe County;",WECC,System Operations,0,0,2020,DOE_Electric_Disturbance_Events.xlsx:2020,Complete loss of monitoring or control capability at its staffed Bulk Electric System control center for 30 continuous minutes or more.,False,False,False,System Operations
2020-03-03 00:00:00,14:30:00,03/03/2020,14:31:00,Alabama:,SERC,Vandalism,0,0,2020,DOE_Electric_Disturbance_Events.xlsx:2020,Damage or destruction of its Facility that results from actual or suspected intentional human action.,False,False,False,Vandalism
2020-03-08 00:00:00,22:10:00,03/09/2020,01:02:00,Texas: Llano County;,TRE,Suspicious Activity,0,0,2020,DOE_Electric_Disturbance_Events.xlsx:2020,"Physical threat to its Facility excluding weather or natural disaster related threats, which has the potential to degrade the normal operation of the Facility. Or suspicious device or activity at its Facility.",True,True,True,Suspicious Activity
2020-03-12 00:00:00,01:03:00,03/12/2020,03:00:00,Pennsylvania:,RF,Transmission Interruption,40,15864,2020,DOE_Electric_Disturbance_Events.xlsx:2020,"Unexpected Transmission loss within its area, contrary to design, of three or more Bulk Electric System Facilities caused by a common disturbance (excluding successful automatic reclosing).",False,False,False,Transmission Interruption
2020-03-16 00:00:00,12:01:00,03/16/2020,13:10:00,California:,WECC,Severe Weather,165,110800,2020,DOE_Electric_Disturbance_Events.xlsx:2020,"Loss of electric service to more than 50,000 customers for 1 hour or more.",False,False,False,Severe Weather
2020-03-16 00:00:00,08:00:00,03/16/2020,08:01:00,California: Los Angeles County;,WECC,Vandalism,0,0,2020,DOE_Electric_Disturbance_Events.xlsx:2020,Physical attack that could potentially impact electric power system adequacy or reliability; or vandalism which targets components of any security systems.,False,False,False,Vandalism
2020-03-16 00:00:00,08:00:00,03/16/2020,08:01:00,California: Los Angeles County;,WECC,Vandalism,0,0,2020,DOE_Electric_Disturbance_Events.xlsx:2020,Physical attack that could potentially impact electric power system adequacy or reliability; or vandalism which targets components of any security systems.,False,False,False,Vandalism
2020-03-17 00:00:00,10:30:00,03/17/2020,11:41:00,Michigan: Washtenaw County;,RF,System Operations,6062,0,2020,DOE_Electric_Disturbance_Events.xlsx:2020,Complete loss of monitoring or control capability at its staffed Bulk Electric System control center for 30 continuous minutes or more.,False,False,False,System Operations
2020-03-18 00:00:00,07:09:00,Unknown,Unknown,Utah:,WECC,Natural Disaster,237,73000,2020,DOE_Electric_Disturbance_Events.xlsx:2020,"Loss of electric service to more than 50,000 customers for 1 hour or more.",False,False,False,Natural Disaster
2020-03-19 00:00:00,17:05:00,03/19/2020,17:43:00,Minnesota: St. Louis County;,MRO,System Operations,0,0,2020,DOE_Electric_Disturbance_Events.xlsx:2020,Complete loss of monitoring or control capability at its staffed Bulk Electric System control center for 30 continuous minutes or more.,False,False,False,System Operations
2020-03-20 00:00:00,22:20:00,03/20/2020,23:30:00,Connecticut: Massachusetts: Rhode Island: Maine: New Hampshire: Vermont:,NPCC,System Operations,0,0,2020,DOE_Electric_Disturbance_Events.xlsx:2020,Complete loss of monitoring or control capability at its staffed Bulk Electric System control center for 30 continuous minutes or more.,False,False,False,System Operations
2020-03-20 00:00:00,23:38:00,03/20/2020,23:59:00,Maine:,NPCC,System Operations,0,0,2020,DOE_Electric_Disturbance_Events.xlsx:2020,Complete loss of monitoring or control capability at its staffed Bulk Electric System control center for 30 continuous minutes or more.,False,False,False,System Operations
2020-03-20 00:00:00,23:45:00,03/21/2020,00:30:00,Connecticut: Massachusetts:,NPCC,System Operations,0,0,2020,DOE_Electric_Disturbance_Events.xlsx:2020,Unplanned evacuation from its Bulk Electric System control center facility for 30 continuous minutes or more.,False,False,False,System Operations
2020-03-23 00:00:00,00:15:00,03/25/2020,17:11:00,Wisconsin: Columbia County;,MRO,Vandalism,0,0,2020,DOE_Electric_Disturbance_Events.xlsx:2020,Damage or destruction of its Facility that results from actual or suspected intentional human action.,False,False,False,Vandalism
2020-03-23 00:00:00,14:15:00,03/23/2020,16:37:00,Virginia:,SERC,Sabotage,Unknown,1018,2020,DOE_Electric_Disturbance_Events.xlsx:2020,Physical attack that could potentially impact electric power system adequacy or reliability; or vandalism which targets components of any security systems.,False,False,False,Sabotage
2020-03-24 00:00:00,12:45:00,03/24/2020,14:00:00,California: Nevada County;,WECC,Suspicious Activity,0,0,2020,DOE_Electric_Disturbance_Events.xlsx:2020,"Physical threat to its Facility excluding weather or natural disaster related threats, which has the potential to degrade the normal operation of the Facility. Or suspicious device or activity at its Facility.",False,False,False,Suspicious Activity
2020-03-24 00:00:00,02:55:00,03/24/2020,06:50:00,Connecticut: Massachusetts: Maine: New Hampshire: Rhode Island: Vermont:,NPCC,Severe Weather,Unknown,51026,2020,DOE_Electric_Disturbance_Events.xlsx:2020,"Loss of electric service to more than 50,000 customers for 1 hour or more.",False,False,False,Severe Weather
2020-03-25 00:00:00,10:31:00,Unknown,Unknown,Nevada: Clark County;,WECC,Vandalism,0,0,2020,DOE_Electric_Disturbance_Events.xlsx:2020,Damage or destruction of its Facility that results from actual or suspected intentional human action.,False,False,False,Vandalism
2020-03-26 00:00:00,21:29:00,03/26/2020,21:47:00,Ohio:,RF,Transmission Interruption,19,11964,2020,DOE_Electric_Disturbance_Events.xlsx:2020,"Unexpected Transmission loss within its area, contrary to design, of three or more Bulk Electric System Facilities caused by a common disturbance (excluding successful automatic reclosing).",False,False,False,Transmission Interruption
2020-03-27 00:00:00,13:06:00,03/27/2020,13:58:00,"Delaware: Kent County, New Castle County, Sussex County; Maryland: Cecil County, Harford County, Talbot County, Kent County, Queen Anne&#39;s County, Dorchester County, Wicomico County, Worcester County, Somerset County;",RF,System Operations,0,0,2020,DOE_Electric_Disturbance_Events.xlsx:2020,Complete loss of monitoring or control capability at its staffed Bulk Electric System control center for 30 continuous minutes or more.,False,False,False,System Operations
2020-03-27 00:00:00,13:06:00,03/27/2020,13:58:00,"New Jersey: Atlantic County, Cape May County, Cumberland County, Gloucester County, Salem County;",RF,System Operations,0,0,2020,DOE_Electric_Disturbance_Events.xlsx:2020,Complete loss of monitoring or control capability at its staffed Bulk Electric System control center for 30 continuous minutes or more.,False,False,False,System Operations
2020-03-29 00:00:00,20:27:00,03/29/2020,23:04:00,Mississippi: Panola County;,SERC,Transmission Interruption,4,1558,2020,DOE_Electric_Disturbance_Events.xlsx:2020,"Unexpected Transmission loss within its area, contrary to design, of three or more Bulk Electric System Facilities caused by a common disturbance (excluding successful automatic reclosing).",False,False,False,Transmission Interruption
2020-03-31 00:00:00,11:45:00,03/31/2020,20:00:00,Alabama: Georgia:,SERC,Severe Weather,412,57744,2020,DOE_Electric_Disturbance_Events.xlsx:2020,"Loss of electric service to more than 50,000 customers for 1 hour or more.",False,False,False,Severe Weather
2020-04-01 00:00:00,21:43:00,04/01/2020,22:18:00,Illinois: Williamson County;,SERC,System Operations,0,0,2020,DOE_Electric_Disturbance_Events.xlsx:2020,Complete loss of monitoring or control capability at its staffed Bulk Electric System control center for 30 continuous minutes or more.,False,False,False,System Operations
2020-04-02 00:00:00,18:41:00,04/02/2020,19:23:00,Texas: Travis County;,TRE,System Operations,0,0,2020,DOE_Electric_Disturbance_Events.xlsx:2020,Complete loss of monitoring or control capability at its staffed Bulk Electric System control center for 30 continuous minutes or more.,True,True,True,System Operations
2020-04-02 00:00:00,13:37:00,04/02/2020,14:43:00,Nebraska: York County;,MRO,Transmission Interruption,5,Unknown,2020,DOE_Electric_Disturbance_Events.xlsx:2020,"Unexpected Transmission loss within its area, contrary to design, of three or more Bulk Electric System Facilities caused by a common disturbance (excluding successful automatic reclosing).",False,False,False,Transmission Interruption
2020-04-02 00:00:00,20:45:00,Unknown,Unknown,Washington: Wallula,WECC,Vandalism,Unknown,Unknown,2020,DOE_Electric_Disturbance_Events.xlsx:2020,Physical attack that could potentially impact electric power system adequacy or reliability; or vandalism which targets components of any security systems.,False,False,False,Vandalism
2020-04-03 00:00:00,09:13:00,Unknown,Unknown,Nevada: Clark County;,WECC,Vandalism,0,0,2020,DOE_Electric_Disturbance_Events.xlsx:2020,Damage or destruction of its Facility that results from actual or suspected intentional human action.,False,False,False,Vandalism
2020-04-05 00:00:00,02:30:00,04/05/2020,03:01:00,Texas: Cameron County;,TRE,Suspicious Activity,0,0,2020,DOE_Electric_Disturbance_Events.xlsx:2020,"Physical threat to its Facility excluding weather or natural disaster related threats, which has the potential to degrade the normal operation of the Facility. Or suspicious device or activity at its Facility.",True,True,True,Suspicious Activity
2020-04-05 00:00:00,15:46:00,04/05/2020,17:35:00,California: Stanislaus County;,WECC,Severe Weather,7,6814,2020,DOE_Electric_Disturbance_Events.xlsx:2020,Electrical System Separation (Islanding) where part or parts of power grid remain(s) operational in an otherwise blacked out area or within the partial failure of an integrated electrical system.,False,False,False,Severe Weather
2020-04-07 00:00:00,23:39:00,04/07/2020,23:46:00,Washington:,WECC,Transmission Interruption,0,0,2020,DOE_Electric_Disturbance_Events.xlsx:2020,"Unexpected Transmission loss within its area, contrary to design, of three or more Bulk Electric System Facilities caused by a common disturbance (excluding successful automatic reclosing).",False,False,False,Transmission Interruption
2020-04-08 00:00:00,21:57:00,04/09/2020,08:59:00,Ohio: Kentucky:,RF,Severe Weather,Unknown,78314,2020,DOE_Electric_Disturbance_Events.xlsx:2020,"Loss of electric service to more than 50,000 customers for 1 hour or more.",False,False,False,Severe Weather
2020-04-08 00:00:00,22:03:00,04/09/2020,07:36:00,Indiana:,RF,Severe Weather,Unknown,93000,2020,DOE_Electric_Disturbance_Events.xlsx:2020,"Loss of electric service to more than 50,000 customers for 1 hour or more.",False,False,False,Severe Weather
2020-04-08 00:00:00,01:21:00,04/08/2020,03:56:00,Ohio:,WECC,Severe Weather,Unknown,82509,2020,DOE_Electric_Disturbance_Events.xlsx:2020,"Loss of electric service to more than 50,000 customers for 1 hour or more.",False,False,False,Severe Weather
2020-04-09 00:00:00,19:25:00,04/10/2020,03:30:00,Texas: Harris County;,TRE,Severe Weather,Unknown,95000,2020,DOE_Electric_Disturbance_Events.xlsx:2020,"Loss of electric service to more than 50,000 customers for 1 hour or more.",True,True,True,Severe Weather
2020-04-09 00:00:00,19:40:00,04/11/2020,22:00:00,Maine:,NPCC,Severe Weather,Unknown,340000,2020,DOE_Electric_Disturbance_Events.xlsx:2020,"Loss of electric service to more than 50,000 customers for 1 hour or more.",False,False,False,Severe Weather
2020-04-09 00:00:00,07:34:00,04/09/2020,17:40:00,Wisconsin: Dane County;,RF,System Operations,0,0,2020,DOE_Electric_Disturbance_Events.xlsx:2020,Unplanned evacuation from its Bulk Electric System control center facility for 30 continuous minutes or more.,False,False,False,System Operations
2020-04-10 00:00:00,10:00:00,04/10/2020,16:19:00,Maine:,NPCC,System Operations,0,0,2020,DOE_Electric_Disturbance_Events.xlsx:2020,Complete loss of monitoring or control capability at its staffed Bulk Electric System control center for 30 continuous minutes or more.,False,False,False,System Operations
2020-04-10 00:00:00,16:00:00,Unknown,Unknown,Nevada: White Pine County;,WECC,Vandalism,0,0,2020,DOE_Electric_Disturbance_Events.xlsx:2020,Damage or destruction of its Facility that results from actual or suspected intentional human action.,False,False,False,Vandalism
2020-04-11 00:00:00,11:24:00,04/11/2020,11:42:00,Wyoming:,WECC,Transmission Interruption,0,0,2020,DOE_Electric_Disturbance_Events.xlsx:2020,"Unexpected Transmission loss within its area, contrary to design, of three or more Bulk Electric System Facilities caused by a common disturbance (excluding successful automatic reclosing).",False,False,False,Transmission Interruption
2020-04-11 00:00:00,17:40:00,04/11/2020,17:51:00,Utah: Salt Lake City,WECC,Suspicious Activity,Unknown,Unknown,2020,DOE_Electric_Disturbance_Events.xlsx:2020,Physical attack that could potentially impact electric power system adequacy or reliability; or vandalism which targets components of any security systems.,False,False,False,Suspicious Activity
2020-04-12 00:00:00,20:45:00,Unknown,Unknown,Arkansas:,SPP RE,Severe Weather,Unknown,95318,2020,DOE_Electric_Disturbance_Events.xlsx:2020,"Loss of electric service to more than 50,000 customers for 1 hour or more.",False,False,False,Severe Weather
2020-04-12 00:00:00,13:00:00,04/12/2020,19:27:00,"Louisiana: Acadia Parish, Iberville Parish, Jefferson Davis Parish, Concordia Parish, Winn Parish, Catahoula Parish, Terrebonne Parish, St. Mary Parish;",SERC,Severe Weather,122,37991,2020,DOE_Electric_Disturbance_Events.xlsx:2020,Complete loss of monitoring or control capability at its staffed Bulk Electric System control center for 30 continuous minutes or more.,False,False,False,Severe Weather
2020-04-12 00:00:00,20:30:00,04/14/2020,09:00:00,Arkansas:,SPP RE,Severe Weather,Unknown,51000,2020,DOE_Electric_Disturbance_Events.xlsx:2020,"Loss of electric service to more than 50,000 customers for 1 hour or more.",False,False,False,Severe Weather
2020-04-12 00:00:00,21:28:00,04/15/2020,12:00:00,Virginia: West Virginia:,RF,Severe Weather,Unknown,104000,2020,DOE_Electric_Disturbance_Events.xlsx:2020,"Loss of electric service to more than 50,000 customers for 1 hour or more.",False,False,False,Severe Weather
2020-04-12 00:00:00,17:00:00,04/14/2020,01:25:00,Mississippi: Alabama: Georgia:,SERC,Severe Weather,448,62828,2020,DOE_Electric_Disturbance_Events.xlsx:2020,"Loss of electric service to more than 50,000 customers for 1 hour or more.",False,False,False,Severe Weather
2020-04-12 00:00:00,18:13:00,04/13/2020,15:23:00,Texas:,TRE,Severe Weather,Unknown,63289,2020,DOE_Electric_Disturbance_Events.xlsx:2020,"Loss of electric service to more than 50,000 customers for 1 hour or more.",True,True,True,Severe Weather
2020-04-13 00:00:00,03:30:00,04/14/2020,18:18:00,North Carolina: South Carolina:,SERC,Severe Weather,Unknown,216400,2020,DOE_Electric_Disturbance_Events.xlsx:2020,"Loss of electric service to more than 50,000 customers for 1 hour or more.",False,False,False,Severe Weather
2020-04-13 00:00:00,00:45:00,04/13/2020,03:00:00,Tennessee: Hamilton County;,SERC,Severe Weather,Unknown,120000,2020,DOE_Electric_Disturbance_Events.xlsx:2020,"Loss of electric service to more than 50,000 customers for 1 hour or more.",False,False,False,Severe Weather
2020-04-13 00:00:00,08:08:00,Unknown,Unknown,South Carolina:,SERC,Severe Weather,Unknown,72233,2020,DOE_Electric_Disturbance_Events.xlsx:2020,"Loss of electric service to more than 50,000 customers for 1 hour or more.",False,False,False,Severe Weather
2020-04-13 00:00:00,10:25:00,04/13/2020,18:55:00,North Carolina:,SERC,Severe Weather,Unknown,95000,2020,DOE_Electric_Disturbance_Events.xlsx:2020,"Loss of electric service to more than 50,000 customers for 1 hour or more.",False,False,False,Severe Weather
2020-04-13 00:00:00,13:05:00,04/14/2020,16:00:00,Connecticut: Maine: Massachusetts: New Hampshire: Rhode Island: Vermont:,NPCC,Severe Weather,Unknown,68476,2020,DOE_Electric_Disturbance_Events.xlsx:2020,"Loss of electric service to more than 50,000 customers for 1 hour or more.",False,False,False,Severe Weather
2020-04-13 00:00:00,07:31:00,04/13/2020,14:00:00,North Carolina: South Carolina:,SERC,Severe Weather,Unknown,Unknown,2020,DOE_Electric_Disturbance_Events.xlsx:2020,"Loss of electric service to more than 50,000 customers for 1 hour or more.",False,False,False,Severe Weather
2020-04-16 00:00:00,11:30:00,04/16/2020,15:45:00,Georgia:,SERC,Vandalism,0,0,2020,DOE_Electric_Disturbance_Events.xlsx:2020,Damage or destruction of its Facility that results from actual or suspected intentional human action.,False,False,False,Vandalism
2020-04-18 00:00:00,19:38:00,Unknown,Unknown,Nevada: Washoe County;,WECC,Vandalism,0,0,2020,DOE_Electric_Disturbance_Events.xlsx:2020,Damage or destruction of its Facility that results from actual or suspected intentional human action.,False,False,False,Vandalism
2020-04-19 00:00:00,01:14:00,04/20/2020,11:42:00,North Dakota: Burleigh County;,MRO,Suspicious Activity,0,0,2020,DOE_Electric_Disturbance_Events.xlsx:2020,"Physical threat to its Facility excluding weather or natural disaster related threats, which has the potential to degrade the normal operation of the Facility. Or suspicious device or activity at its Facility.",False,False,False,Suspicious Activity
2020-04-20 00:00:00,12:42:00,04/20/2020,13:27:00,South Dakota: Deuel County;,MRO,Vandalism,0,0,2020,DOE_Electric_Disturbance_Events.xlsx:2020,Damage or destruction of its Facility that results from actual or suspected intentional human action.,False,False,False,Vandalism
2020-04-20 00:00:00,00:59:00,04/20/2020,08:40:00,Alabama: Mississippi: Georgia: Florida:,SERC,Severe Weather,552,77341,2020,DOE_Electric_Disturbance_Events.xlsx:2020,"Loss of electric service to more than 50,000 customers for 1 hour or more.",False,False,False,Severe Weather
2020-04-23 00:00:00,04:30:00,04/23/2020,07:00:00,Mississippi: Arkansas: Louisiana:,SERC,Severe Weather,Unknown,55184,2020,DOE_Electric_Disturbance_Events.xlsx:2020,"Loss of electric service to more than 50,000 customers for 1 hour or more.",False,False,False,Severe Weather
2020-04-23 00:00:00,08:00:00,04/23/2020,23:40:00,Alabama: Georgia: Mississippi: Florida:,SERC,Severe Weather,375,52163,2020,DOE_Electric_Disturbance_Events.xlsx:2020,"Loss of electric service to more than 50,000 customers for 1 hour or more.",False,False,False,Severe Weather
2020-04-24 00:00:00,22:00:00,Unknown,Unknown,Nevada: White Pine County;,WECC,Vandalism,0,0,2020,DOE_Electric_Disturbance_Events.xlsx:2020,Damage or destruction of its Facility that results from actual or suspected intentional human action.,False,False,False,Vandalism
2020-04-24 00:00:00,21:00:00,04/24/2020,21:33:00,"California: Placer County, Nevada County;",WECC,System Operations,5,945,2020,DOE_Electric_Disturbance_Events.xlsx:2020,Electrical System Separation (Islanding) where part or parts of power grid remain(s) operational in an otherwise blacked out area or within the partial failure of an integrated electrical system.,False,False,False,System Operations
2020-04-25 00:00:00,21:25:00,04/25/2020,21:56:00,Oregon: Multnomah County;,WECC,Vandalism,0,0,2020,DOE_Electric_Disturbance_Events.xlsx:2020,Damage or destruction of its Facility that results from actual or suspected intentional human action.,False,False,False,Vandalism
2020-04-26 00:00:00,01:38:00,Unknown,Unknown,Florida:,FRCC,Severe Weather,Unknown,49999,2020,DOE_Electric_Disturbance_Events.xlsx:2020,"Loss of electric service to more than 50,000 customers for 1 hour or more.",False,False,False,Severe Weather
2020-04-28 00:00:00,20:01:00,04/28/2020,23:21:00,Texas: Jefferson County;,TRE,Transmission Interruption,14,1,2020,DOE_Electric_Disturbance_Events.xlsx:2020,"Unexpected Transmission loss within its area, contrary to design, of three or more Bulk Electric System Facilities caused by a common disturbance (excluding successful automatic reclosing).",True,True,True,Transmission Interruption
2020-04-29 00:00:00,06:00:00,04/29/2020,12:31:00,Louisiana:,SERC,Severe Weather,Unknown,77933,2020,DOE_Electric_Disturbance_Events.xlsx:2020,"Loss of electric service to more than 50,000 customers for 1 hour or more.",False,False,False,Severe Weather
2020-04-29 00:00:00,05:55:00,04/29/2020,19:00:00,Texas: Harris County;,TRE,Severe Weather,Unknown,146660,2020,DOE_Electric_Disturbance_Events.xlsx:2020,"Loss of electric service to more than 50,000 customers for 1 hour or more.",True,True,True,Severe Weather
2020-04-30 00:00:00,15:00:00,Unknown,Unknown,"Pennsylvania: Bucks County, Chester County, Delaware County, Montgomery County, Philadelphia County, York County;",RF,Severe Weather,Unknown,78007,2020,DOE_Electric_Disturbance_Events.xlsx:2020,"Loss of electric service to more than 50,000 customers for 1 hour or more.",False,False,False,Severe Weather
2020-05-04 00:00:00,11:59:00,05/07/2020,20:00:00,Tennessee: Davidson County;,SERC,Severe Weather,500,130000,2020,DOE_Electric_Disturbance_Events.xlsx:2020,"Loss of electric service to more than 50,000 customers for 1 hour or more.",False,False,False,Severe Weather
2020-05-08 00:00:00,13:45:00,05/08/2020,13:46:00,Nevada: Nye County;,WECC,Vandalism,0,0,2020,DOE_Electric_Disturbance_Events.xlsx:2020,Damage or destruction of its Facility that results from actual or suspected intentional human action.,False,False,False,Vandalism
2020-05-13 00:00:00,23:16:00,05/14/2020,13:52:00,Indiana: Hendricks County;,RF,System Operations,0,0,2020,DOE_Electric_Disturbance_Events.xlsx:2020,Unplanned evacuation from its Bulk Electric System control center facility for 30 continuous minutes or more.,False,False,False,System Operations
2020-05-13 00:00:00,05:12:00,05/13/2020,14:07:00,Washington:,WECC,Transmission Interruption,0,0,2020,DOE_Electric_Disturbance_Events.xlsx:2020,"Unexpected Transmission loss within its area, contrary to design, of three or more Bulk Electric System Facilities caused by a common disturbance (excluding successful automatic reclosing).",False,False,False,Transmission Interruption
2020-05-14 00:00:00,11:23:00,05/14/2020,11:25:00,Oregon: Jackson County;,WECC,Vandalism,0,0,2020,DOE_Electric_Disturbance_Events.xlsx:2020,Physical attack that could potentially impact electric power system adequacy or reliability; or vandalism which targets components of any security systems.,False,False,False,Vandalism
2020-05-15 00:00:00,17:55:00,05/17/2020,18:00:00,New York: Saratoga County;,NPCC,Severe Weather,Unknown,52,2020,DOE_Electric_Disturbance_Events.xlsx:2020,"Loss of electric service to more than 50,000 customers for 1 hour or more.",False,False,False,Severe Weather
2020-05-16 00:00:00,00:00:00,05/16/2020,00:30:00,Texas: Cameron County;,TRE,Suspicious Activity,0,0,2020,DOE_Electric_Disturbance_Events.xlsx:2020,"Physical threat to its Facility excluding weather or natural disaster related threats, which has the potential to degrade the normal operation of the Facility. Or suspicious device or activity at its Facility.",True,True,True,Suspicious Activity
2020-05-18 00:00:00,23:51:00,05/19/2020,04:37:00,South Carolina:,SERC,System Operations,0,0,2020,DOE_Electric_Disturbance_Events.xlsx:2020,Complete loss of monitoring or control capability at its staffed Bulk Electric System control center for 30 continuous minutes or more.,False,False,False,System Operations
2020-05-18 00:00:00,09:27:00,05/18/2020,10:15:00,Oregon: Clackamas County;,WECC,System Operations,0,0,2020,DOE_Electric_Disturbance_Events.xlsx:2020,Unplanned evacuation from its Bulk Electric System control center facility for 30 continuous minutes or more.,False,False,False,System Operations
2020-05-19 00:00:00,20:04:00,05/19/2020,22:00:00,Alabama: Jefferson County;,SERC,Vandalism,8,6000,2020,DOE_Electric_Disturbance_Events.xlsx:2020,Damage or destruction of its Facility that results from actual or suspected intentional human action.,False,False,False,Vandalism
2020-05-19 00:00:00,08:17:00,05/19/2020,08:18:00,Idaho: Bonneville County;,WECC,Vandalism,0,0,2020,DOE_Electric_Disturbance_Events.xlsx:2020,Damage or destruction of its Facility that results from actual or suspected intentional human action.,False,False,False,Vandalism
2020-05-19 00:00:00,13:45:00,05/19/2020,13:46:00,Arkansas:,SPP RE,Suspicious Activity,0,0,2020,DOE_Electric_Disturbance_Events.xlsx:2020,"Physical threat to its Facility excluding weather or natural disaster related threats, which has the potential to degrade the normal operation of the Facility. Or suspicious device or activity at its Facility.",False,False,False,Suspicious Activity
2020-05-20 00:00:00,11:41:00,Unknown,Unknown,Nevada: Clark County;,WECC,Vandalism,0,0,2020,DOE_Electric_Disturbance_Events.xlsx:2020,Damage or destruction of its Facility that results from actual or suspected intentional human action.,False,False,False,Vandalism
2020-05-22 00:00:00,16:35:00,05/23/2020,15:29:00,North Carolina: South Carolina:,SERC,Severe Weather,Unknown,108190,2020,DOE_Electric_Disturbance_Events.xlsx:2020,"Loss of electric service to more than 50,000 customers for 1 hour or more.",False,False,False,Severe Weather
2020-05-24 00:00:00,16:45:00,Unknown,Unknown,Central Oklahoma,SPP RE,Severe Weather,Unknown,54000,2020,DOE_Electric_Disturbance_Events.xlsx:2020,"Loss of electric service to more than 50,000 customers for 1 hour or more.",False,False,False,Severe Weather
2020-05-25 00:00:00,10:58:00,05/25/2020,13:00:00,Texas: Kerr County;,TRE,Transmission Interruption,8,3745,2020,DOE_Electric_Disturbance_Events.xlsx:2020,"Unexpected Transmission loss within its area, contrary to design, of three or more Bulk Electric System Facilities caused by a common disturbance (excluding successful automatic reclosing).",True,True,True,Transmission Interruption
2020-05-27 00:00:00,17:15:00,05/29/2020,06:30:00,Texas: Harris County;,TRE,Severe Weather,Unknown,382000,2020,DOE_Electric_Disturbance_Events.xlsx:2020,"Loss of electric service to more than 50,000 customers for 1 hour or more.",True,True,True,Severe Weather
2020-05-27 00:00:00,17:20:00,Unknown,Unknown,Texas:,TRE,Severe Weather,Unknown,273269,2020,DOE_Electric_Disturbance_Events.xlsx:2020,"Loss of electric service to more than 50,000 customers for 1 hour or more.",True,True,True,Severe Weather
2020-05-29 00:00:00,17:01:00,05/29/2020,18:57:00,Pennsylvania: Warren County;,RF,Transmission Interruption,0,0,2020,DOE_Electric_Disturbance_Events.xlsx:2020,"Unexpected Transmission loss within its area, contrary to design, of three or more Bulk Electric System Facilities caused by a common disturbance (excluding successful automatic reclosing).",False,False,False,Transmission Interruption
2020-05-29 00:00:00,17:30:00,05/31/2020,18:00:00,Minnesota: Hennepin County;,MRO,System Operations,0,0,2020,DOE_Electric_Disturbance_Events.xlsx:2020,"Physical threat to its Bulk Electric System control center, excluding weather or natural disaster related threats, which has the potential to degrade the normal operation of the control center. Or suspicious device or activity at its Bulk Electric System control center.",False,False,False,System Operations
2020-05-29 00:00:00,21:37:00,05/30/2020,04:29:00,Ohio: Franklin County;,RF,Vandalism,0,0,2020,DOE_Electric_Disturbance_Events.xlsx:2020,Damage or destruction of its Facility that results from actual or suspected intentional human action.,False,False,False,Vandalism
2020-05-30 00:00:00,22:20:00,05/30/2020,23:00:00,Texas: Bexar County;,TRE,System Operations,0,0,2020,DOE_Electric_Disturbance_Events.xlsx:2020,Unplanned evacuation from its Bulk Electric System control center facility for 30 continuous minutes or more.,True,True,True,System Operations
2020-05-31 00:00:00,21:30:00,06/01/2020,01:00:00,Alabama: Jefferson County;,SERC,Vandalism,0,0,2020,DOE_Electric_Disturbance_Events.xlsx:2020,Damage or destruction of its Facility that results from actual or suspected intentional human action.,False,False,False,Vandalism
2020-05-31 00:00:00,00:15:00,Unknown,Unknown,Pennsylvania:,RF,Vandalism,0,0,2020,DOE_Electric_Disturbance_Events.xlsx:2020,"Physical threat to its Bulk Electric System control center, excluding weather or natural disaster related threats, which has the potential to degrade the normal operation of the control center. Or suspicious device or activity at its Bulk Electric System control center.",False,False,False,Vandalism
2020-06-02 00:00:00,14:36:00,06/02/2020,14:37:00,"Idaho: Blaine County, Jerome County, Minidoka County, Power County;",WECC,Vandalism,Unknown,0,2020,DOE_Electric_Disturbance_Events.xlsx:2020,Damage or destruction of its Facility that results from actual or suspected intentional human action.,False,False,False,Vandalism
2020-06-03 00:00:00,13:00:00,06/06/2020,16:30:00,New Jersey:,RF,Severe Weather,80,87000,2020,DOE_Electric_Disturbance_Events.xlsx:2020,"Loss of electric service to more than 50,000 customers for 1 hour or more.",False,False,False,Severe Weather
2020-06-03 00:00:00,12:30:00,06/03/2020,18:00:00,"Pennsylvania: Bucks County, Chester County, Delaware County, Montgomery County, Philadelphia County, York County;",RF,Severe Weather,Unknown,708000,2020,DOE_Electric_Disturbance_Events.xlsx:2020,"Loss of electric service to more than 50,000 customers for 1 hour or more.",False,False,False,Severe Weather
2020-06-03 00:00:00,16:57:00,06/03/2020,17:29:00,North Dakota: Minnesota:,MRO,System Operations,0,0,2020,DOE_Electric_Disturbance_Events.xlsx:2020,Complete loss of monitoring or control capability at its staffed Bulk Electric System control center for 30 continuous minutes or more.,False,False,False,System Operations
2020-06-03 00:00:00,13:36:00,06/03/2020,16:30:00,New Jersey:,RF,Severe Weather,Unknown,78079,2020,DOE_Electric_Disturbance_Events.xlsx:2020,"Loss of electric service to more than 50,000 customers for 1 hour or more.",False,False,False,Severe Weather
2020-06-09 00:00:00,11:21:00,06/09/2020,12:01:00,Washington:,WECC,Transmission Interruption,0,0,2020,DOE_Electric_Disturbance_Events.xlsx:2020,"Unexpected Transmission loss within its area, contrary to design, of three or more Bulk Electric System Facilities caused by a common disturbance (excluding successful automatic reclosing).",False,False,False,Transmission Interruption
2020-06-10 00:00:00,19:30:00,Unknown,Unknown,"Michigan: Oakland County, Macomb County, Wayne County, Sanilac County, Tuscola County, Huron County, Lapeer County, Livingston County, Monroe County;",RF,Severe Weather,Unknown,237000,2020,DOE_Electric_Disturbance_Events.xlsx:2020,"Loss of electric service to more than 50,000 customers for 1 hour or more.",False,False,False,Severe Weather
2020-06-10 00:00:00,12:22:00,06/10/2020,17:00:00,"Michigan: Gratiot County, Lake County, Missaukee County, Benzie County, Leelanau County, Manistee County, Wexford County, Montcalm County, Kent County, Ottawa County, Van Buren County, St. Joseph County, Arenac County, Saginaw County, Calhoun County, Branch County;",RF,Severe Weather,Unknown,270000,2020,DOE_Electric_Disturbance_Events.xlsx:2020,"Loss of electric service to more than 50,000 customers for 1 hour or more.",False,False,False,Severe Weather
2020-06-10 00:00:00,17:24:00,06/11/2020,18:00:00,Ohio: Indiana: Kentucky: West Virginia:,RF,Severe Weather,Unknown,85822,2020,DOE_Electric_Disturbance_Events.xlsx:2020,"Loss of electric service to more than 50,000 customers for 1 hour or more.",False,False,False,Severe Weather
2020-06-12 00:00:00,08:21:00,06/12/2020,08:22:00,Michigan: Houghton County;,RF,Vandalism,0,0,2020,DOE_Electric_Disturbance_Events.xlsx:2020,Physical attack that could potentially impact electric power system adequacy or reliability; or vandalism which targets components of any security systems.,False,False,False,Vandalism
2020-06-18 00:00:00,12:11:00,06/22/2020,08:11:00,Colorado: El Paso County;,WECC,Actual Physical Attack,0,0,2020,DOE_Electric_Disturbance_Events.xlsx:2020,"Physical threat to its Facility excluding weather or natural disaster related threats, which has the potential to degrade the normal operation of the Facility. Or suspicious device or activity at its Facility.",False,False,False,Actual Physical Attack
2020-06-18 00:00:00,20:32:00,06/18/2020,20:35:00,Kentucky: Gallatin County;,SERC,Actual Physical Attack,0,0,2020,DOE_Electric_Disturbance_Events.xlsx:2020,Damage or destruction of its Facility that results from actual or suspected intentional human action.,False,False,False,Actual Physical Attack
2020-06-21 00:00:00,01:16:00,06/21/2020,18:45:00,Delaware: New Castle County;,RF,Vandalism,0,0,2020,DOE_Electric_Disturbance_Events.xlsx:2020,Damage or destruction of its Facility that results from actual or suspected intentional human action.,False,False,False,Vandalism
2020-06-22 00:00:00,11:44:00,06/22/2020,12:42:00,"Pennsylvania: Allegheny County, Beaver County;",RF,System Operations,0,0,2020,DOE_Electric_Disturbance_Events.xlsx:2020,Complete loss of monitoring or control capability at its staffed Bulk Electric System control center for 30 continuous minutes or more.,False,False,False,System Operations
2020-06-25 00:00:00,09:40:00,06/25/2020,11:00:00,Kentucky: Madison County;,SERC,Suspicious Activity,Unknown,0,2020,DOE_Electric_Disturbance_Events.xlsx:2020,"Physical threat to its Facility excluding weather or natural disaster related threats, which has the potential to degrade the normal operation of the Facility. Or suspicious device or activity at its Facility.",False,False,False,Suspicious Activity
2020-06-26 00:00:00,16:20:00,06/29/2020,15:00:00,North Dakota: Mountrail County;,MRO,Vandalism,0,0,2020,DOE_Electric_Disturbance_Events.xlsx:2020,Damage or destruction of its Facility that results from actual or suspected intentional human action.,False,False,False,Vandalism
2020-06-26 00:00:00,12:47:00,06/26/2020,13:53:00,Texas: Travis County;,TRE,System Operations,0,0,2020,DOE_Electric_Disturbance_Events.xlsx:2020,Complete loss of monitoring or control capability at its staffed Bulk Electric System control center for 30 continuous minutes or more.,True,True,True,System Operations
2020-06-27 00:00:00,16:00:00,06/28/2020,02:27:00,Alabama: Georgia:,SERC,Severe Weather,33480,78109,2020,DOE_Electric_Disturbance_Events.xlsx:2020,"Loss of electric service to more than 50,000 customers for 1 hour or more.",False,False,False,Severe Weather
2020-06-29 00:00:00,14:32:00,06/29/2020,16:35:00,Arkansas: Garland County;,SPP RE,Transmission Interruption,0,0,2020,DOE_Electric_Disturbance_Events.xlsx:2020,"Unexpected Transmission loss within its area, contrary to design, of three or more Bulk Electric System Facilities caused by a common disturbance (excluding successful automatic reclosing).",False,False,False,Transmission Interruption
2020-06-30 00:00:00,10:28:00,06/30/2020,10:29:00,Oregon:,WECC,Vandalism,0,0,2020,DOE_Electric_Disturbance_Events.xlsx:2020,"Physical threat to its Facility excluding weather or natural disaster related threats, which has the potential to degrade the normal operation of the Facility. Or suspicious device or activity at its Facility.",False,False,False,Vandalism
2020-07-01 00:00:00,19:26:00,07/01/2020,19:44:00,Pennsylvania:,RF,Transmission Interruption,32,2013,2020,DOE_Electric_Disturbance_Events.xlsx:2020,"Unexpected Transmission loss within its area, contrary to design, of three or more Bulk Electric System Facilities caused by a common disturbance (excluding successful automatic reclosing).",False,False,False,Transmission Interruption
2020-07-02 00:00:00,20:30:00,Unknown,Unknown,California: Butte County;,WECC,Fuel Supply Deficiency,0,0,2020,DOE_Electric_Disturbance_Events.xlsx:2020,Fuel supply emergencies that could impact electric power system adequacy or reliability.,False,False,False,Fuel Supply Deficiency
2020-07-06 00:00:00,12:26:00,Unknown,Unknown,New York: Kings County;,NPCC,Suspicious Activity,0,0,2020,DOE_Electric_Disturbance_Events.xlsx:2020,"Physical threat to its Facility excluding weather or natural disaster related threats, which has the potential to degrade the normal operation of the Facility. Or suspicious device or activity at its Facility.",False,False,False,Suspicious Activity
2020-07-06 00:00:00,18:45:00,07/06/2020,19:42:00,District of Columbia: Maryland:,RF,System Operations,0,0,2020,DOE_Electric_Disturbance_Events.xlsx:2020,Complete loss of monitoring or control capability at its staffed Bulk Electric System control center for 30 continuous minutes or more.,False,False,False,System Operations
2020-07-07 00:00:00,11:38:00,07/07/2020,18:24:00,California: Los Angeles County;,WECC,Transmission Interruption,0,0,2020,DOE_Electric_Disturbance_Events.xlsx:2020,"Unexpected Transmission loss within its area, contrary to design, of three or more Bulk Electric System Facilities caused by a common disturbance (excluding successful automatic reclosing).",False,False,False,Transmission Interruption
2020-07-07 00:00:00,13:09:00,07/08/2020,08:17:00,Colorado:,WECC,Transmission Interruption,0,0,2020,DOE_Electric_Disturbance_Events.xlsx:2020,"Unexpected Transmission loss within its area, contrary to design, of three or more Bulk Electric System Facilities caused by a common disturbance (excluding successful automatic reclosing).",False,False,False,Transmission Interruption
2020-07-07 00:00:00,19:17:00,07/07/2020,23:49:00,West Virginia: Wyoming County;,RF,Severe Weather/Transmission Interruption,Unknown,Unknown,2020,DOE_Electric_Disturbance_Events.xlsx:2020,"Unexpected Transmission loss within its area, contrary to design, of three or more Bulk Electric System Facilities caused by a common disturbance (excluding successful automatic reclosing).",False,False,False,Severe Weather/Transmission Interruption
2020-07-08 00:00:00,22:04:00,Unknown,Unknown,Texas:,TRE,Actual Physical Attack,0,0,2020,DOE_Electric_Disturbance_Events.xlsx:2020,"Physical threat to its Facility excluding weather or natural disaster related threats, which has the potential to degrade the normal operation of the Facility. Or suspicious device or activity at its Facility.",True,True,True,Actual Physical Attack
2020-07-08 00:00:00,18:45:00,Unknown,Unknown,California:,WECC,Fuel Supply Deficiency,0,0,2020,DOE_Electric_Disturbance_Events.xlsx:2020,Fuel supply emergencies that could impact electric power system adequacy or reliability.,False,False,False,Fuel Supply Deficiency
2020-07-09 00:00:00,15:09:00,Unknown,Unknown,Washington: Thurston County;,WECC,Suspicious Activity,0,0,2020,DOE_Electric_Disturbance_Events.xlsx:2020,"Physical threat to its Facility excluding weather or natural disaster related threats, which has the potential to degrade the normal operation of the Facility. Or suspicious device or activity at its Facility.",False,False,False,Suspicious Activity
2020-07-11 00:00:00,23:30:00,07/12/2020,06:30:00,Oklahoma: Arkansas:,SPP RE,Severe Weather,Unknown,68000,2020,DOE_Electric_Disturbance_Events.xlsx:2020,"Loss of electric service to more than 50,000 customers for 1 hour or more.",False,False,False,Severe Weather
2020-07-11 00:00:00,21:30:00,Unknown,Unknown,Oklahoma:,SPP RE,Severe Weather,Unknown,94700,2020,DOE_Electric_Disturbance_Events.xlsx:2020,"Loss of electric service to more than 50,000 customers for 1 hour or more.",False,False,False,Severe Weather
2020-07-11 00:00:00,04:55:00,Unknown,Unknown,California:,WECC,Fuel Supply Deficiency,0,0,2020,DOE_Electric_Disturbance_Events.xlsx:2020,Fuel supply emergencies that could impact electric power system adequacy or reliability.,False,False,False,Fuel Supply Deficiency
2020-07-12 00:00:00,04:30:00,07/13/2020,05:00:00,"Texas: Collin County, Dallas County, Denton County, Rockwall County, Tarrant County;",TRE,Severe Weather,Unknown,48000,2020,DOE_Electric_Disturbance_Events.xlsx:2020,"Loss of electric service to more than 50,000 customers for 1 hour or more.",True,True,True,Severe Weather
2020-07-12 00:00:00,14:08:00,07/12/2020,20:44:00,Nevada: Washoe County;,WECC,Actual Physical Attack,36,10000,2020,DOE_Electric_Disturbance_Events.xlsx:2020,Damage or destruction of its Facility that results from actual or suspected intentional human action.,False,False,False,Actual Physical Attack
2020-07-13 00:00:00,16:30:00,07/13/2020,16:31:00,Kentucky: Madison County;,SERC,Suspicious Activity,0,0,2020,DOE_Electric_Disturbance_Events.xlsx:2020,"Physical threat to its Facility excluding weather or natural disaster related threats, which has the potential to degrade the normal operation of the Facility. Or suspicious device or activity at its Facility.",False,False,False,Suspicious Activity
2020-07-14 00:00:00,14:16:00,07/14/2020,14:53:00,California:,WECC,System Operations,0,0,2020,DOE_Electric_Disturbance_Events.xlsx:2020,Complete loss of monitoring or control capability at its staffed Bulk Electric System control center for 30 continuous minutes or more.,False,False,False,System Operations
2020-07-15 00:00:00,11:00:00,07/15/2020,11:20:00,Kentucky: Madison County;,SERC,Suspicious Activity,Unknown,0,2020,DOE_Electric_Disturbance_Events.xlsx:2020,"Physical threat to its Facility excluding weather or natural disaster related threats, which has the potential to degrade the normal operation of the Facility. Or suspicious device or activity at its Facility.",False,False,False,Suspicious Activity
2020-07-16 00:00:00,08:49:00,07/16/2020,11:06:00,North Dakota: Minnesota:,MRO,System Operations,475,0,2020,DOE_Electric_Disturbance_Events.xlsx:2020,Complete loss of monitoring or control capability at its staffed Bulk Electric System control center for 30 continuous minutes or more.,False,False,False,System Operations
2020-07-17 00:00:00,23:00:00,07/17/2020,23:30:00,Oklahoma:,SPP RE,Vandalism,0,0,2020,DOE_Electric_Disturbance_Events.xlsx:2020,Damage or destruction of its Facility that results from actual or suspected intentional human action.,False,False,False,Vandalism
2020-07-17 00:00:00,19:24:00,Unknown,Unknown,New York:,NPCC,Suspicious Activity,0,0,2020,DOE_Electric_Disturbance_Events.xlsx:2020,"Physical threat to its Facility excluding weather or natural disaster related threats, which has the potential to degrade the normal operation of the Facility. Or suspicious device or activity at its Facility.",False,False,False,Suspicious Activity
2020-07-19 00:00:00,14:30:00,07/21/2020,18:48:00,Michigan:,RF,Severe Weather,Unknown,158500,2020,DOE_Electric_Disturbance_Events.xlsx:2020,"Loss of electric service to more than 50,000 customers for 1 hour or more.",False,False,False,Severe Weather
2020-07-19 00:00:00,10:30:00,Unknown,Unknown,New York: Niagara County,NPCC,Fuel Supply Deficiency,675,,2020,DOE_Electric_Disturbance_Events.xlsx:2020,Fuel supply emergencies that could impact electric power system adequacy or reliability.,False,False,False,Fuel Supply Deficiency
2020-07-20 00:00:00,00:57:00,07/20/2020,02:34:00,Texas: Travis County;,TRE,Suspicious Activity,21,14096,2020,DOE_Electric_Disturbance_Events.xlsx:2020,Damage or destruction of its Facility that results from actual or suspected intentional human action.,True,True,True,Suspicious Activity
2020-07-21 00:00:00,11:53:00,07/21/2020,13:00:00,Washington: Pierce County;,WECC,Vandalism,19,11000,2020,DOE_Electric_Disturbance_Events.xlsx:2020,Damage or destruction of its Facility that results from actual or suspected intentional human action.,False,False,False,Vandalism
2020-07-22 00:00:00,11:30:00,07/22/2020,14:19:00,West Virginia: Tucker County;,RF,Transmission Interruption,0,0,2020,DOE_Electric_Disturbance_Events.xlsx:2020,"Unexpected Transmission loss within its area, contrary to design, of three or more Bulk Electric System Facilities caused by a common disturbance (excluding successful automatic reclosing).",False,False,False,Transmission Interruption
2020-07-24 00:00:00,08:25:00,Unknown,Unknown,New York: Bronx County;,NPCC,Suspicious Activity,0,0,2020,DOE_Electric_Disturbance_Events.xlsx:2020,"Physical threat to its Facility excluding weather or natural disaster related threats, which has the potential to degrade the normal operation of the Facility. Or suspicious device or activity at its Facility.",False,False,False,Suspicious Activity
2020-07-25 00:00:00,21:00:00,07/26/2020,16:00:00,"Texas: Hidalgo County, Cameron County, Starr County, Kenedy County, Willacy County, Brooks County, Jim Hogg County;",TRE,Severe Weather,125,84000,2020,DOE_Electric_Disturbance_Events.xlsx:2020,"Loss of electric service to more than 50,000 customers for 1 hour or more.",True,True,True,Severe Weather
2020-07-25 00:00:00,19:58:00,07/27/2020,19:00:00,"Texas: Nueces County, Kleberg County, Cameron County, Willacy County, Hidalgo County, Starr County, Kenedy County;",TRE,Severe Weather,Unknown,201208,2020,DOE_Electric_Disturbance_Events.xlsx:2020,"Loss of electric service to more than 50,000 customers for 1 hour or more.",True,True,True,Severe Weather
2020-07-28 00:00:00,15:00:00,07/28/2020,23:00:00,Michigan: Jackson County;,RF,System Operations,0,0,2020,DOE_Electric_Disturbance_Events.xlsx:2020,Unplanned evacuation from its Bulk Electric System control center facility for 30 continuous minutes or more.,False,False,False,System Operations
2020-07-30 00:00:00,17:54:00,07/30/2020,20:18:00,Nebraska: Scotts Bluff County;,MRO,Transmission Interruption,0,0,2020,DOE_Electric_Disturbance_Events.xlsx:2020,"Unexpected Transmission loss within its area, contrary to design, of three or more Bulk Electric System Facilities caused by a common disturbance (excluding successful automatic reclosing).",False,False,False,Transmission Interruption
2020-08-01 00:00:00,11:14:00,08/10/2020,21:26:00,"Texas: Cameron County, Willacy County, Hidalgo County, Starr County;",TRE,Severe Weather,Unknown,Unknown,2020,DOE_Electric_Disturbance_Events.xlsx:2020,Public appeal to reduce the use of electricity for purposes of maintaining the continuity of the Bulk Electric System.,True,True,True,Severe Weather
2020-08-01 00:00:00,08:16:00,08/01/2020,09:15:00,California: San Diego County;,WECC,System Operations,0,0,2020,DOE_Electric_Disturbance_Events.xlsx:2020,Complete loss of monitoring or control capability at its staffed Bulk Electric System control center for 30 continuous minutes or more.,False,False,False,System Operations
2020-08-01 00:00:00,00:00:00,08/01/2020,00:01:00,"Texas: Cameron County, Hidalgo County, Starr County, Willacy County;",TRE,Severe Weather,Unknown,Unknown,2020,DOE_Electric_Disturbance_Events.xlsx:2020,"Damage or destruction of a Facility within its Reliability Coordinator Area, Balancing Authority Area or Transmission Operator Area that results in action(s) to avoid a Bulk Electric System Emergency.",True,True,True,Severe Weather
2020-08-02 00:00:00,19:43:00,08/02/2020,22:27:00,Illinois: Rock Island County;,SERC,Transmission Interruption,0,0,2020,DOE_Electric_Disturbance_Events.xlsx:2020,"Unexpected Transmission loss within its area, contrary to design, of three or more Bulk Electric System Facilities caused by a common disturbance (excluding successful automatic reclosing).",False,False,False,Transmission Interruption
2020-08-03 00:00:00,08:00:00,08/03/2020,13:00:00,Texas: Ector County;,TRE,Vandalism,0,0,2020,DOE_Electric_Disturbance_Events.xlsx:2020,Damage or destruction of its Facility that results from actual or suspected intentional human action.,True,True,True,Vandalism
2020-08-03 00:00:00,23:15:00,08/06/2020,07:00:00,North Carolina: South Carolina:,SERC,Severe Weather,Unknown,340000,2020,DOE_Electric_Disturbance_Events.xlsx:2020,"Loss of electric service to more than 50,000 customers for 1 hour or more.",False,False,False,Severe Weather
2020-08-03 00:00:00,23:02:00,Unknown,Unknown,North Carolina:,SERC,Severe Weather,Unknown,Unknown,2020,DOE_Electric_Disturbance_Events.xlsx:2020,Complete loss of off-site power (LOOP) affecting a nuclear generating station per the Nuclear Plant Interface Requirements.,False,False,False,Severe Weather
2020-08-04 00:00:00,12:00:00,08/07/2020,06:00:00,"New York: Rockland County, Orange County, Sullivan County; New Jersey: Bergen County, Passaic County, Sussex County;",NPCC,Severe Weather,Unknown,160000,2020,DOE_Electric_Disturbance_Events.xlsx:2020,"Loss of electric service to more than 50,000 customers for 1 hour or more.",False,False,False,Severe Weather
2020-08-04 00:00:00,13:00:00,08/04/2020,23:59:00,"New York: Nassau County, Suffolk County, Queens County;",NPCC,Severe Weather,3907,420000,2020,DOE_Electric_Disturbance_Events.xlsx:2020,"Loss of electric service to more than 50,000 customers for 1 hour or more.",False,False,False,Severe Weather
2020-08-04 00:00:00,11:20:00,08/07/2020,10:55:00,New Jersey:,RF,Severe Weather,60,75000,2020,DOE_Electric_Disturbance_Events.xlsx:2020,"Loss of electric service to more than 50,000 customers for 1 hour or more.",False,False,False,Severe Weather
2020-08-04 00:00:00,09:00:00,08/05/2020,18:00:00,Delaware:,RF,Severe Weather,Unknown,100000,2020,DOE_Electric_Disturbance_Events.xlsx:2020,"Loss of electric service to more than 50,000 customers for 1 hour or more.",False,False,False,Severe Weather
2020-08-04 00:00:00,14:00:00,08/08/2020,12:00:00,"New York: Dutchess County, Orange County, Ulster County;",NPCC,Severe Weather,Unknown,116818,2020,DOE_Electric_Disturbance_Events.xlsx:2020,"Loss of electric service to more than 50,000 customers for 1 hour or more.",False,False,False,Severe Weather
2020-08-04 00:00:00,04:41:00,08/05/2020,16:26:00,Virginia:,SERC,Severe Weather,Unknown,508000,2020,DOE_Electric_Disturbance_Events.xlsx:2020,"Loss of electric service to more than 50,000 customers for 1 hour or more.",False,False,False,Severe Weather
2020-08-04 00:00:00,12:18:00,08/08/2020,17:31:00,New Jersey:,RF,Severe Weather,Unknown,788000,2020,DOE_Electric_Disturbance_Events.xlsx:2020,"Loss of electric service to more than 50,000 customers for 1 hour or more.",False,False,False,Severe Weather
2020-08-04 00:00:00,14:35:00,08/10/2020,11:00:00,New York: Broome County;,NPCC,Severe Weather,Unknown,76120,2020,DOE_Electric_Disturbance_Events.xlsx:2020,"Loss of electric service to more than 50,000 customers for 1 hour or more.",False,False,False,Severe Weather
2020-08-04 00:00:00,15:15:00,08/07/2020,10:27:00,Connecticut: Massachusetts: New Hampshire: Maine: Rhode Island: Vermont:,NPCC,Severe Weather,2000,1188247,2020,DOE_Electric_Disturbance_Events.xlsx:2020,"Loss of electric service to more than 50,000 customers for 1 hour or more.",False,False,False,Severe Weather
2020-08-04 00:00:00,13:31:00,Unknown,Unknown,"New York: Bronx County, Richmond County, Queens County, Kings County, Westchester County, New York County;",NPCC,Severe Weather,Unknown,271119,2020,DOE_Electric_Disturbance_Events.xlsx:2020,"Loss of electric service to more than 50,000 customers for 1 hour or more.",False,False,False,Severe Weather
2020-08-04 00:00:00,06:01:00,08/06/2020,15:30:00,"North Carolina: Brunswick County, Columbus County, Pender County, Duplin County, Onslow County, Jones County, Craven County, Jones County, Beaufort County, Bertie County, Chowan County, Gates County, Perquimans County;",SERC,Severe Weather,311,125987,2020,DOE_Electric_Disturbance_Events.xlsx:2020,"Loss of electric service to more than 50,000 customers for 1 hour or more.",False,False,False,Severe Weather
2020-08-04 00:00:00,12:00:00,Unknown,Unknown,"Pennsylvania: Bucks County, Chester County, Delaware County, Montgomery County, Philadelphia County, York County;",RF,Severe Weather,Unknown,137103,2020,DOE_Electric_Disturbance_Events.xlsx:2020,"Loss of electric service to more than 50,000 customers for 1 hour or more.",False,False,False,Severe Weather
2020-08-04 00:00:00,10:30:00,Unknown,Unknown,New Jersey:,RF,Severe Weather,Unknown,70000,2020,DOE_Electric_Disturbance_Events.xlsx:2020,"Loss of electric service to more than 50,000 customers for 1 hour or more.",False,False,False,Severe Weather
2020-08-04 00:00:00,14:35:00,Unknown,Unknown,New York:,NPCC,Severe Weather,Unknown,76120,2020,DOE_Electric_Disturbance_Events.xlsx:2020,"Loss of electric service to more than 50,000 customers for 1 hour or more.",False,False,False,Severe Weather
2020-08-05 00:00:00,17:58:00,08/05/2020,20:53:00,Texas: Orange County;,TRE,Transmission Interruption,89,19785,2020,DOE_Electric_Disturbance_Events.xlsx:2020,"Unexpected Transmission loss within its area, contrary to design, of three or more Bulk Electric System Facilities caused by a common disturbance (excluding successful automatic reclosing).",True,True,True,Transmission Interruption
2020-08-07 00:00:00,05:13:00,Unknown,Unknown,"New York: Queens County, New York County;",NPCC,Severe Weather,500,187068,2020,DOE_Electric_Disturbance_Events.xlsx:2020,Uncontrolled loss of 300 Megawatts or more of firm system loads for 15 minutes or more from a single incident.,False,False,False,Severe Weather
2020-08-10 00:00:00,11:00:00,08/10/2020,16:00:00,"Iowa: Webster County, Greene County, Dallas County, Hamilton County, Boone County, Polk County, Hardin County, Story County, Jasper County, Grundy County, Marshall County, Tama County, Poweshiek County, Benton County, Iowa County, Linn County, Johnson County, Jones County, Cedar County, Muscatine County, Jackson County, Clinton County, Scott County;",MRO,Severe Weather,550,Unknown,2020,DOE_Electric_Disturbance_Events.xlsx:2020,"Uncontrolled loss of 200 Megawatts or more of firm system loads for 15 minutes or more from a single incident for entities with previous year's peak demand less than or equal to 3,000 Megawatts.",False,False,False,Severe Weather
2020-08-10 00:00:00,16:00:00,08/13/2020,15:00:00,Illinois: Missouri:,SERC,Severe Weather,Unknown,135000,2020,DOE_Electric_Disturbance_Events.xlsx:2020,"Loss of electric service to more than 50,000 customers for 1 hour or more.",False,False,False,Severe Weather
2020-08-10 00:00:00,12:49:00,Unknown,Unknown,Iowa:,MRO,Severe Weather,Unknown,Unknown,2020,DOE_Electric_Disturbance_Events.xlsx:2020,Complete loss of off-site power (LOOP) affecting a nuclear generating station per the Nuclear Plant Interface Requirements.,False,False,False,Severe Weather
2020-08-10 00:00:00,22:39:00,08/13/2020,15:48:00,Indiana:,RF,Severe Weather,Unknown,95300,2020,DOE_Electric_Disturbance_Events.xlsx:2020,"Loss of electric service to more than 50,000 customers for 1 hour or more.",False,False,False,Severe Weather
2020-08-10 00:00:00,14:30:00,Unknown,Unknown,"Illinois: Cook County, Will County, DuPage County, Lake County, Kane County, Grundy County, LaSalle County, DeKalb County, McHenry County, Lee County;",SERC,Severe Weather,Unknown,856000,2020,DOE_Electric_Disturbance_Events.xlsx:2020,"Loss of electric service to more than 50,000 customers for 1 hour or more.",False,False,False,Severe Weather
2020-08-10 00:00:00,22:25:00,08/10/2020,23:02:00,New York: Onondaga County;,NPCC,System Operations,0,0,2020,DOE_Electric_Disturbance_Events.xlsx:2020,Complete loss of monitoring or control capability at its staffed Bulk Electric System control center for 30 continuous minutes or more.,False,False,False,System Operations
2020-08-10 00:00:00,12:38:00,Unknown,Unknown,Iowa:,MRO,Severe Weather,1400,250000,2020,DOE_Electric_Disturbance_Events.xlsx:2020,Uncontrolled loss of 300 Megawatts or more of firm system loads for 15 minutes or more from a single incident.,False,False,False,Severe Weather
2020-08-10 00:00:00,10:00:00,Unknown,Unknown,"Iowa: Dallas County, Polk County, Warren County, Madison County, Johnson County, Scott County; Illinois: Rock Island County, Henry County, Mercer County;",MRO,Severe Weather,950,300000,2020,DOE_Electric_Disturbance_Events.xlsx:2020,"Loss of electric service to more than 50,000 customers for 1 hour or more.",False,False,False,Severe Weather
2020-08-13 00:00:00,13:51:00,08/13/2020,16:27:00,Texas: El Paso County;,TRE,System Operations,218,57060,2020,DOE_Electric_Disturbance_Events.xlsx:2020,Firm load shedding of 100 Megawatts or more implemented under emergency operational policy.,True,True,True,System Operations
2020-08-14 00:00:00,18:36:00,08/14/2020,20:42:00,California:,WECC,System Operations,560,220000,2020,DOE_Electric_Disturbance_Events.xlsx:2020,Firm load shedding of 100 Megawatts or more implemented under emergency operational policy.,False,False,False,System Operations
2020-08-14 00:00:00,16:39:00,08/14/2020,17:42:00,Louisiana: St. Charles Parish;,SERC,Transmission Interruption,101,12671,2020,DOE_Electric_Disturbance_Events.xlsx:2020,"Unexpected Transmission loss within its area, contrary to design, of three or more Bulk Electric System Facilities caused by a common disturbance (excluding successful automatic reclosing).",False,False,False,Transmission Interruption
2020-08-14 00:00:00,17:15:00,08/15/2020,21:00:00,California:,WECC,Severe Weather,1120,Unknown,2020,DOE_Electric_Disturbance_Events.xlsx:2020,Firm load shedding of 100 Megawatts or more implemented under emergency operational policy.,False,False,False,Severe Weather
2020-08-14 00:00:00,18:45:00,08/14/2020,21:12:00,"California: Kern County, Kings County, Los Angeles County, Orange County, Riverside County, San Bernardino County, Santa Barbara County, Tulare County, Ventura County;",WECC,System Operations,1419,132000,2020,DOE_Electric_Disturbance_Events.xlsx:2020,Firm load shedding of 100 Megawatts or more implemented under emergency operational policy.,False,False,False,System Operations
2020-08-14 00:00:00,20:00:00,08/16/2020,17:00:00,"Minnesota: Anoka County, Hennepin County, Ramsey County, Washington County;",MRO,Severe Weather,Unknown,60000,2020,DOE_Electric_Disturbance_Events.xlsx:2020,"Loss of electric service to more than 50,000 customers for 1 hour or more.",False,False,False,Severe Weather
2020-08-15 00:00:00,18:25:00,08/15/2020,19:44:00,California:,WECC,System Operations,459,220000,2020,DOE_Electric_Disturbance_Events.xlsx:2020,Firm load shedding of 100 Megawatts or more implemented under emergency operational policy.,False,False,False,System Operations
2020-08-15 00:00:00,14:53:00,08/15/2020,20:00:00,California:,WECC,Severe Weather,795,Unknown,2020,DOE_Electric_Disturbance_Events.xlsx:2020,Firm load shedding of 100 Megawatts or more implemented under emergency operational policy.,False,False,False,Severe Weather
2020-08-15 00:00:00,15:00:00,08/15/2020,19:45:00,"California: Inyo County, Kern County, Los Angeles County, Orange County, Riverside County, San Bernardino County, Tulare County, Ventura County;",WECC,System Operations,200,70000,2020,DOE_Electric_Disturbance_Events.xlsx:2020,Firm load shedding of 100 Megawatts or more implemented under emergency operational policy.,False,False,False,System Operations
2020-08-15 00:00:00,17:00:00,Unknown,Unknown,Washington: Snohomish County;,WECC,Vandalism,0,8,2020,DOE_Electric_Disturbance_Events.xlsx:2020,Physical attack that could potentially impact electric power system adequacy or reliability; or vandalism which targets components of any security systems.,False,False,False,Vandalism
2020-08-15 00:00:00,17:41:00,08/15/2020,18:48:00,Connecticut: New Haven County[13];,NPCC,Suspicious Activity,0,0,2020,DOE_Electric_Disturbance_Events.xlsx:2020,"Physical threat to its Facility excluding weather or natural disaster related threats, which has the potential to degrade the normal operation of the Facility. Or suspicious device or activity at its Facility.",False,False,False,Suspicious Activity
2020-08-16 00:00:00,20:00:00,08/18/2020,21:00:00,"Texas: Collin County, Dallas County, Denton County, Tarrant County, Ellis County, Kaufman County, Johnson County, Anderson County, Angelina County, Grayson County, Smith County, Wichita County;",TRE,Severe Weather,Unknown,300000,2020,DOE_Electric_Disturbance_Events.xlsx:2020,"Loss of electric service to more than 50,000 customers for 1 hour or more.",True,True,True,Severe Weather
2020-08-16 00:00:00,03:44:00,08/17/2020,14:18:00,California:,WECC,Severe Weather,409,124266,2020,DOE_Electric_Disturbance_Events.xlsx:2020,"Loss of electric service to more than 50,000 customers for 1 hour or more.",False,False,False,Severe Weather
2020-08-16 00:00:00,17:30:00,08/16/2020,19:10:00,California:,WECC,Severe Weather,712,Unknown,2020,DOE_Electric_Disturbance_Events.xlsx:2020,Public appeal to reduce the use of electricity for purposes of maintaining the continuity of the Bulk Electric System.,False,False,False,Severe Weather
2020-08-17 00:00:00,08:21:00,08/17/2020,09:01:00,California: Yuba County;,WECC,Severe Weather,2,2,2020,DOE_Electric_Disturbance_Events.xlsx:2020,Electrical System Separation (Islanding) where part or parts of power grid remain(s) operational in an otherwise blacked out area or within the partial failure of an integrated electrical system.,False,False,False,Severe Weather
2020-08-17 00:00:00,15:05:00,08/17/2020,21:24:00,California:,WECC,Severe Weather,829,Unknown,2020,DOE_Electric_Disturbance_Events.xlsx:2020,Public appeal to reduce the use of electricity for purposes of maintaining the continuity of the Bulk Electric System.,False,False,False,Severe Weather
2020-08-18 00:00:00,19:00:00,08/18/2020,19:30:00,California: Kings County;,WECC,Potential Physical Attack,0,0,2020,DOE_Electric_Disturbance_Events.xlsx:2020,"Physical threat to its Bulk Electric System control center, excluding weather or natural disaster related threats, which has the potential to degrade the normal operation of the control center. Or suspicious device or activity at its Bulk Electric System control center.",False,False,False,Potential Physical Attack
2020-08-18 00:00:00,14:00:00,08/18/2020,21:00:00,Nevada:,WECC,Severe Weather,7800,1400000,2020,DOE_Electric_Disturbance_Events.xlsx:2020,Public appeal to reduce the use of electricity for purposes of maintaining the continuity of the Bulk Electric System.,False,False,False,Severe Weather
2020-08-18 00:00:00,21:55:00,08/18/2020,22:10:00,California: Imperial County;,WECC,System Operations,0,0,2020,DOE_Electric_Disturbance_Events.xlsx:2020,Unplanned evacuation from its Bulk Electric System control center facility for 30 continuous minutes or more.,False,False,False,System Operations
2020-08-18 00:00:00,13:30:00,08/18/2020,20:30:00,California:,WECC,Severe Weather,917,Unknown,2020,DOE_Electric_Disturbance_Events.xlsx:2020,Public appeal to reduce the use of electricity for purposes of maintaining the continuity of the Bulk Electric System.,False,False,False,Severe Weather
2020-08-18 00:00:00,14:44:00,08/18/2020,15:14:00,"Texas: Culberson County, Reeves County;",TRE,Transmission Interruption,205,238,2020,DOE_Electric_Disturbance_Events.xlsx:2020,"Unexpected Transmission loss within its area, contrary to design, of three or more Bulk Electric System Facilities caused by a common disturbance (excluding successful automatic reclosing).",True,True,True,Transmission Interruption
2020-08-18 00:00:00,14:30:00,Unknown,Unknown,Arizona:,WECC,Severe Weather,0,Unknown,2020,DOE_Electric_Disturbance_Events.xlsx:2020,Public appeal to reduce the use of electricity for purposes of maintaining the continuity of the Bulk Electric System.,False,False,False,Severe Weather
2020-08-19 00:00:00,01:27:00,08/19/2020,03:03:00,Ohio: Trumbull County;,RF,Transmission Interruption,22,16107,2020,DOE_Electric_Disturbance_Events.xlsx:2020,"Unexpected Transmission loss within its area, contrary to design, of three or more Bulk Electric System Facilities caused by a common disturbance (excluding successful automatic reclosing).",False,False,False,Transmission Interruption
2020-08-19 00:00:00,14:00:00,08/19/2020,21:00:00,Arizona: Maricopa County;,WECC,Severe Weather,1200,0,2020,DOE_Electric_Disturbance_Events.xlsx:2020,Public appeal to reduce the use of electricity for purposes of maintaining the continuity of the Bulk Electric System.,False,False,False,Severe Weather
2020-08-19 00:00:00,14:00:00,08/19/2020,21:00:00,Nevada:,WECC,Severe Weather,7500,1400000,2020,DOE_Electric_Disturbance_Events.xlsx:2020,Public appeal to reduce the use of electricity for purposes of maintaining the continuity of the Bulk Electric System.,False,False,False,Severe Weather
2020-08-19 00:00:00,12:00:00,08/19/2020,21:00:00,California:,WECC,Severe Weather,Unknown,Unknown,2020,DOE_Electric_Disturbance_Events.xlsx:2020,Public appeal to reduce the use of electricity for purposes of maintaining the continuity of the Bulk Electric System.,False,False,False,Severe Weather
2020-08-20 00:00:00,00:03:00,08/20/2020,14:05:00,Maine:,NPCC,System Operations,0,0,2020,DOE_Electric_Disturbance_Events.xlsx:2020,Complete loss of monitoring or control capability at its staffed Bulk Electric System control center for 30 continuous minutes or more.,False,False,False,System Operations
2020-08-20 00:00:00,09:17:00,08/20/2020,13:42:00,Mississippi: Jasper County;,SERC,Vandalism,0,0,2020,DOE_Electric_Disturbance_Events.xlsx:2020,Damage or destruction of its Facility that results from actual or suspected intentional human action.,False,False,False,Vandalism
2020-08-20 00:00:00,15:29:00,08/20/2020,15:39:00,Nebraska: Custer County;,MRO,Transmission Interruption,60,Unknown,2020,DOE_Electric_Disturbance_Events.xlsx:2020,"Unexpected Transmission loss within its area, contrary to design, of three or more Bulk Electric System Facilities caused by a common disturbance (excluding successful automatic reclosing).",False,False,False,Transmission Interruption
2020-08-23 00:00:00,22:12:00,08/23/2020,22:15:00,West Virginia: Putnam County;,RF,Suspicious Activity,0,0,2020,DOE_Electric_Disturbance_Events.xlsx:2020,Damage or destruction of its Facility that results from actual or suspected intentional human action.,False,False,False,Suspicious Activity
2020-08-23 00:00:00,10:30:00,Unknown,Unknown,"Texas panhandle, SE NM",TRE,Severe Weather,Unknown,Unknown,2020,DOE_Electric_Disturbance_Events.xlsx:2020,Public appeal to reduce the use of electricity for purposes of maintaining the continuity of the Bulk Electric System.,True,True,True,Severe Weather
2020-08-24 00:00:00,23:00:00,08/24/2020,23:59:00,Texas: Denton County;,TRE,Potential Physical Attack,0,0,2020,DOE_Electric_Disturbance_Events.xlsx:2020,"Physical threat to its Facility excluding weather or natural disaster related threats, which has the potential to degrade the normal operation of the Facility. Or suspicious device or activity at its Facility.",True,True,True,Potential Physical Attack
2020-08-25 00:00:00,02:43:00,08/25/2020,07:43:00,Colorado: Jefferson County;,WECC,Vandalism,0,0,2020,DOE_Electric_Disturbance_Events.xlsx:2020,"Physical threat to its Bulk Electric System control center, excluding weather or natural disaster related threats, which has the potential to degrade the normal operation of the control center. Or suspicious device or activity at its Bulk Electric System control center.",False,False,False,Vandalism
2020-08-27 00:00:00,05:00:00,09/03/2020,12:00:00,Louisiana:,SERC,Severe Weather,200,50000,2020,DOE_Electric_Disturbance_Events.xlsx:2020,"Loss of electric service to more than 50,000 customers for 1 hour or more.",False,False,False,Severe Weather
2020-08-27 00:00:00,07:00:00,08/30/2020,19:00:00,Louisiana: Rapides Parish;,SERC,Severe Weather,48,Unknown,2020,DOE_Electric_Disturbance_Events.xlsx:2020,Complete operational failure or shut-down of the transmission and/or distribution of electrical system.,False,False,False,Severe Weather
2020-08-27 00:00:00,12:44:00,08/27/2020,23:00:00,Texas:,TRE,Severe Weather,Unknown,Unknown,2020,DOE_Electric_Disturbance_Events.xlsx:2020,Public appeal to reduce the use of electricity for purposes of maintaining the continuity of the Bulk Electric System.,True,True,True,Severe Weather
2020-08-27 00:00:00,12:06:00,08/27/2020,22:49:00,Texas:,TRE,Severe Weather,581,Unknown,2020,DOE_Electric_Disturbance_Events.xlsx:2020,Firm load shedding of 100 Megawatts or more implemented under emergency operational policy.,True,True,True,Severe Weather
2020-08-27 00:00:00,07:40:00,08/31/2020,07:40:00,Louisiana: Texas:,SERC,Severe Weather,Unknown,130000,2020,DOE_Electric_Disturbance_Events.xlsx:2020,"Loss of electric service to more than 50,000 customers for 1 hour or more.",True,False,True,Severe Weather
2020-08-27 00:00:00,01:15:00,Unknown,Unknown,Texas: Louisiana:,TRE,Severe Weather,Unknown,615992,2020,DOE_Electric_Disturbance_Events.xlsx:2020,"Loss of electric service to more than 50,000 customers for 1 hour or more.",True,True,True,Severe Weather
2020-08-27 00:00:00,07:40:00,08/31/2020,03:33:00,Louisiana: Texas:,SERC,Severe Weather,Unknown,47927,2020,DOE_Electric_Disturbance_Events.xlsx:2020,"Loss of electric service to more than 50,000 customers for 1 hour or more.",True,False,True,Severe Weather
2020-08-27 00:00:00,12:02:00,08/27/2020,22:54:00,Texas:,TRE,Severe Weather,573,Unknown,2020,DOE_Electric_Disturbance_Events.xlsx:2020,Firm load shedding of 100 Megawatts or more implemented under emergency operational policy.,True,True,True,Severe Weather
2020-08-27 00:00:00,12:29:00,08/27/2020,12:59:00,"Nebraska: Douglas County, Burt County, Washington County, Dodge County, Colfax County, Saunders County, Sarpy County, Cass County, Otoe County, Johnson County, Nemaha County, Pawnee County, Richardson County;",MRO,System Operations,0,0,2020,DOE_Electric_Disturbance_Events.xlsx:2020,Complete loss of monitoring or control capability at its staffed Bulk Electric System control center for 30 continuous minutes or more.,False,False,False,System Operations
2020-08-27 00:00:00,17:11:00,08/28/2020,10:00:00,Connecticut: Massachusetts: New Hampshire: Maine: Rhode Island: Vermont:,NPCC,Severe Weather,100,60687,2020,DOE_Electric_Disturbance_Events.xlsx:2020,"Loss of electric service to more than 50,000 customers for 1 hour or more.",False,False,False,Severe Weather
2020-08-27 00:00:00,13:24:00,Unknown,Unknown,"Texas: Montgomery County, Liberty County;",TRE,Severe Weather,208,Unknown,2020,DOE_Electric_Disturbance_Events.xlsx:2020,Firm load shedding of 100 Megawatts or more implemented under emergency operational policy.,True,True,True,Severe Weather
2020-08-27 00:00:00,12:06:00,Unknown,Unknown,Texas:,TRE,Severe Weather,350,Unknown,2020,DOE_Electric_Disturbance_Events.xlsx:2020,Firm load shedding of 100 Megawatts or more implemented under emergency operational policy.,True,True,True,Severe Weather
2020-08-27 00:00:00,06:00:00,08/27/2020,06:05:00,West Virginia: Putnam County;,RF,Suspicious Activity,2900,Unknown,2020,DOE_Electric_Disturbance_Events.xlsx:2020,"Physical threat to its Facility excluding weather or natural disaster related threats, which has the potential to degrade the normal operation of the Facility. Or suspicious device or activity at its Facility.",False,False,False,Suspicious Activity
2020-08-27 00:00:00,03:14:00,Unknown,Unknown,"Louisiana: Calcasieu Parish, Beauregard Parish, Iberia Parish, Acadia Parish, Evangeline Parish, Rapides Parish, St. Landry Parish, Vernon Parish;",SERC,Severe Weather,Unknown,Unknown,2020,DOE_Electric_Disturbance_Events.xlsx:2020,"Loss of electric service to more than 50,000 customers for 1 hour or more.",False,False,False,Severe Weather
2020-08-28 00:00:00,16:27:00,08/28/2020,19:26:00,Washington: Oregon:,WECC,Severe Weather,0,0,2020,DOE_Electric_Disturbance_Events.xlsx:2020,"Total generation loss, within one minute of: greater than or equal to 2,000 Megawatts in the Eastern or Western Interconnection or greater than or equal to 1,400 Megawatts in the ERCOT Interconnection.",False,False,False,Severe Weather
2020-08-28 00:00:00,00:25:00,08/28/2020,01:00:00,Maine:,NPCC,System Operations,0,0,2020,DOE_Electric_Disturbance_Events.xlsx:2020,Complete loss of monitoring or control capability at its staffed Bulk Electric System control center for 30 continuous minutes or more.,False,False,False,System Operations
2020-08-29 00:00:00,03:35:00,08/29/2020,05:45:00,Texas:,TRE,Severe Weather,Unknown,Unknown,2020,DOE_Electric_Disturbance_Events.xlsx:2020,Complete loss of monitoring or control capability at its staffed Bulk Electric System control center for 30 continuous minutes or more.,True,True,True,Severe Weather
2020-08-31 00:00:00,09:00:00,08/31/2020,15:53:00,Washington:,WECC,Vandalism,0,0,2020,DOE_Electric_Disturbance_Events.xlsx:2020,Damage or destruction of its Facility that results from actual or suspected intentional human action.,False,False,False,Vandalism
2020-09-01 00:00:00,13:04:00,09/01/2020,13:05:00,California: Los Angeles County;,WECC,Suspicious Activity,0,0,2020,DOE_Electric_Disturbance_Events.xlsx:2020,"Physical threat to its Facility excluding weather or natural disaster related threats, which has the potential to degrade the normal operation of the Facility. Or suspicious device or activity at its Facility.",False,False,False,Suspicious Activity
2020-09-03 00:00:00,13:46:00,09/03/2020,22:47:00,Washington:,WECC,Transmission Interruption,Unknown,Unknown,2020,DOE_Electric_Disturbance_Events.xlsx:2020,"Unexpected Transmission loss within its area, contrary to design, of three or more Bulk Electric System Facilities caused by a common disturbance (excluding successful automatic reclosing).",False,False,False,Transmission Interruption
2020-09-04 00:00:00,01:07:00,09/04/2020,01:37:00,Florida: Pinellas County;,FRCC,System Operations,0,0,2020,DOE_Electric_Disturbance_Events.xlsx:2020,Unplanned evacuation from its Bulk Electric System control center facility for 30 continuous minutes or more.,False,False,False,System Operations
2020-09-05 00:00:00,17:20:00,09/05/2020,20:37:00,California:,WECC,Severe Weather,986,Unknown,2020,DOE_Electric_Disturbance_Events.xlsx:2020,Public appeal to reduce the use of electricity for purposes of maintaining the continuity of the Bulk Electric System.,False,False,False,Severe Weather
2020-09-05 00:00:00,17:25:00,09/05/2020,20:55:00,California: Imperial County;,WECC,Severe Weather,100,20000,2020,DOE_Electric_Disturbance_Events.xlsx:2020,Firm load shedding of 100 Megawatts or more implemented under emergency operational policy.,False,False,False,Severe Weather
2020-09-06 00:00:00,16:00:00,09/06/2020,21:00:00,Nevada:,WECC,Severe Weather,8180,1400000,2020,DOE_Electric_Disturbance_Events.xlsx:2020,Public appeal to reduce the use of electricity for purposes of maintaining the continuity of the Bulk Electric System.,False,False,False,Severe Weather
2020-09-06 00:00:00,16:30:00,09/06/2020,21:05:00,California:,WECC,System Operations,1071,Unknown,2020,DOE_Electric_Disturbance_Events.xlsx:2020,Public appeal to reduce the use of electricity for purposes of maintaining the continuity of the Bulk Electric System.,False,False,False,System Operations
2020-09-06 00:00:00,17:36:00,09/06/2020,19:27:00,Washington: Oregon: California:,WECC,System Operations,0,0,2020,DOE_Electric_Disturbance_Events.xlsx:2020,"Total generation loss, within one minute of: greater than or equal to 2,000 Megawatts in the Eastern or Western Interconnection or greater than or equal to 1,400 Megawatts in the ERCOT Interconnection.",False,False,False,System Operations
2020-09-06 00:00:00,17:00:00,09/07/2020,03:00:00,California: Los Angeles County;,WECC,Severe Weather,Unknown,72000,2020,DOE_Electric_Disturbance_Events.xlsx:2020,"Loss of electric service to more than 50,000 customers for 1 hour or more.",False,False,False,Severe Weather
2020-09-07 00:00:00,22:40:00,09/09/2020,17:24:00,California:,WECC,Transmission Interruption,610,172000,2020,DOE_Electric_Disturbance_Events.xlsx:2020,"Loss of electric service to more than 50,000 customers for 1 hour or more.",False,False,False,Transmission Interruption
2020-09-07 00:00:00,18:00:00,09/08/2020,18:00:00,"Washington: Kitsap County, King County, Pierce County;",WECC,Severe Weather,Unknown,71500,2020,DOE_Electric_Disturbance_Events.xlsx:2020,"Loss of electric service to more than 50,000 customers for 1 hour or more.",False,False,False,Severe Weather
2020-09-07 00:00:00,09:13:00,09/08/2020,06:00:00,Washington:,WECC,Natural Disaster,80,21000,2020,DOE_Electric_Disturbance_Events.xlsx:2020,Complete operational failure or shut-down of the transmission and/or distribution of electrical system.,False,False,False,Natural Disaster
2020-09-07 00:00:00,19:05:00,09/08/2020,22:00:00,"Oregon: Multnomah County, Washington County, Clackamas County, Marion County, Yamhill County, Polk County;",WECC,Severe Weather,2859,103000,2020,DOE_Electric_Disturbance_Events.xlsx:2020,"Loss of electric service to more than 50,000 customers for 1 hour or more.",False,False,False,Severe Weather
2020-09-08 00:00:00,09:50:00,09/08/2020,10:56:00,Michigan: Ingham County;,RF,System Operations,265,0,2020,DOE_Electric_Disturbance_Events.xlsx:2020,Complete loss of monitoring or control capability at its staffed Bulk Electric System control center for 30 continuous minutes or more.,False,False,False,System Operations
2020-09-09 00:00:00,22:16:00,09/11/2020,08:17:00,Minnesota: Sherburne County;,MRO,Suspicious Activity,0,0,2020,DOE_Electric_Disturbance_Events.xlsx:2020,"Physical threat to its Facility excluding weather or natural disaster related threats, which has the potential to degrade the normal operation of the Facility. Or suspicious device or activity at its Facility.",False,False,False,Suspicious Activity
2020-09-09 00:00:00,11:22:00,09/09/2020,13:04:00,Idaho:,WECC,Natural Disaster,0,0,2020,DOE_Electric_Disturbance_Events.xlsx:2020,"Unexpected Transmission loss within its area, contrary to design, of three or more Bulk Electric System Facilities caused by a common disturbance (excluding successful automatic reclosing).",False,False,False,Natural Disaster
2020-09-15 00:00:00,22:00:00,09/20/2020,15:00:00,Alabama: Florida: Georgia: Mississippi:,SERC,Severe Weather/Transmission Interruption,236,34096,2020,DOE_Electric_Disturbance_Events.xlsx:2020,"Loss of electric service to more than 50,000 customers for 1 hour or more.",False,False,False,Severe Weather/Transmission Interruption
2020-09-15 00:00:00,15:04:00,09/15/2020,15:37:00,North Dakota: South Dakota: Montana:,MRO,System Operations,0,0,2020,DOE_Electric_Disturbance_Events.xlsx:2020,Complete loss of monitoring or control capability at its staffed Bulk Electric System control center for 30 continuous minutes or more.,False,False,False,System Operations
2020-09-16 00:00:00,07:00:00,09/18/2020,06:00:00,Florida: Escambia County;,FRCC,System Operations,0,0,2020,DOE_Electric_Disturbance_Events.xlsx:2020,Unplanned evacuation from its Bulk Electric System control center facility for 30 continuous minutes or more.,False,False,False,System Operations
2020-09-16 00:00:00,03:00:00,09/21/2020,08:00:00,Alabama: Baldwin County;,SERC,Severe Weather,0,77600,2020,DOE_Electric_Disturbance_Events.xlsx:2020,"Loss of electric service to more than 50,000 customers for 1 hour or more.",False,False,False,Severe Weather
2020-09-16 00:00:00,02:09:00,09/16/2020,02:20:00,Maine: Oxford County;,NPCC,Vandalism,0,0,2020,DOE_Electric_Disturbance_Events.xlsx:2020,Damage or destruction of its Facility that results from actual or suspected intentional human action.,False,False,False,Vandalism
2020-09-20 00:00:00,20:01:00,09/21/2020,15:44:00,Oklahoma: Canadian County;,SPP RE,Actual Physical Attack,0,Unknown,2020,DOE_Electric_Disturbance_Events.xlsx:2020,Damage or destruction of its Facility that results from actual or suspected intentional human action.,False,False,False,Actual Physical Attack
2020-09-22 00:00:00,10:02:00,09/22/2020,12:58:00,California:,WECC,System Operations,8,4350,2020,DOE_Electric_Disturbance_Events.xlsx:2020,Electrical System Separation (Islanding) where part or parts of power grid remain(s) operational in an otherwise blacked out area or within the partial failure of an integrated electrical system.,False,False,False,System Operations
2020-09-23 00:00:00,12:00:00,09/23/2020,13:00:00,New Jersey:,RF,Vandalism,0,0,2020,DOE_Electric_Disturbance_Events.xlsx:2020,Damage or destruction of its Facility that results from actual or suspected intentional human action.,False,False,False,Vandalism
2020-09-26 00:00:00,05:17:00,09/26/2020,05:41:00,Nevada: Clark County;,WECC,Actual Physical Attack,26,13000,2020,DOE_Electric_Disturbance_Events.xlsx:2020,"Physical threat to its Facility excluding weather or natural disaster related threats, which has the potential to degrade the normal operation of the Facility. Or suspicious device or activity at its Facility.",False,False,False,Actual Physical Attack
2020-09-27 00:00:00,18:27:00,09/28/2020,15:17:00,California:,WECC,Natural Disaster,337,102267,2020,DOE_Electric_Disturbance_Events.xlsx:2020,"Loss of electric service to more than 50,000 customers for 1 hour or more.",False,False,False,Natural Disaster
2020-09-30 00:00:00,05:55:00,09/30/2020,23:30:00,Connecticut: Maine: Rhode Island: Massachusetts: New Hampshire: Vermont:,NPCC,Severe Weather,Unknown,155000,2020,DOE_Electric_Disturbance_Events.xlsx:2020,"Loss of electric service to more than 50,000 customers for 1 hour or more.",False,False,False,Severe Weather
2020-10-02 00:00:00,19:30:00,10/04/2020,06:30:00,Virginia: Hanover County;,SERC,Suspicious Activity,0,0,2020,DOE_Electric_Disturbance_Events.xlsx:2020,"Physical threat to its Facility excluding weather or natural disaster related threats, which has the potential to degrade the normal operation of the Facility. Or suspicious device or activity at its Facility.",False,False,False,Suspicious Activity
2020-10-07 00:00:00,13:45:00,10/07/2020,13:59:00,Louisiana: Orleans Parish;,SERC,Transmission Interruption,183,39089,2020,DOE_Electric_Disturbance_Events.xlsx:2020,"Unexpected Transmission loss within its area, contrary to design, of three or more Bulk Electric System Facilities caused by a common disturbance (excluding successful automatic reclosing).",False,False,False,Transmission Interruption
2020-10-07 00:00:00,16:00:00,Unknown,Unknown,New York: Onondaga County;,NPCC,Severe Weather,Unknown,7500,2020,DOE_Electric_Disturbance_Events.xlsx:2020,"Loss of electric service to more than 50,000 customers for 1 hour or more.",False,False,False,Severe Weather
2020-10-07 00:00:00,18:50:00,10/09/2020,15:00:00,Connecticut: Massachusetts: Maine: New Hampshire: Rhode Island: Vermont:,NPCC,Severe Weather,Unknown,186600,2020,DOE_Electric_Disturbance_Events.xlsx:2020,"Loss of electric service to more than 50,000 customers for 1 hour or more.",False,False,False,Severe Weather
2020-10-09 00:00:00,10:44:00,10/09/2020,22:25:00,Colorado:,WECC,Transmission Interruption,0,0,2020,DOE_Electric_Disturbance_Events.xlsx:2020,"Unexpected Transmission loss within its area, contrary to design, of three or more Bulk Electric System Facilities caused by a common disturbance (excluding successful automatic reclosing).",False,False,False,Transmission Interruption
2020-10-09 00:00:00,20:00:00,10/15/2020,07:00:00,Louisiana:,SERC,Severe Weather,200,50000,2020,DOE_Electric_Disturbance_Events.xlsx:2020,"Loss of electric service to more than 50,000 customers for 1 hour or more.",False,False,False,Severe Weather
2020-10-09 00:00:00,19:50:00,10/11/2020,15:09:00,"Louisiana: Acadia Parish, Beauregard Parish, Calcasieu Parish, Evangeline Parish, Iberia Parish, Rapides Parish, Vernon Parish, Avoyelles Parish, Grant Parish, Natchitoches Parish, St. Landry Parish, St. Mary Parish, St. Tammany Parish;",SERC,Severe Weather,Unknown,132200,2020,DOE_Electric_Disturbance_Events.xlsx:2020,"Loss of electric service to more than 50,000 customers for 1 hour or more.",False,False,False,Severe Weather
2020-10-09 00:00:00,17:30:00,10/10/2020,18:00:00,Louisiana: Texas: Arkansas: Mississippi:,SERC,Severe Weather,Unknown,477966,2020,DOE_Electric_Disturbance_Events.xlsx:2020,"Loss of electric service to more than 50,000 customers for 1 hour or more.",True,False,True,Severe Weather
2020-10-09 00:00:00,20:00:00,10/10/2020,06:00:00,Louisiana: Lafayette Parish;,SERC,Severe Weather,Unknown,50000,2020,DOE_Electric_Disturbance_Events.xlsx:2020,"Loss of electric service to more than 50,000 customers for 1 hour or more.",False,False,False,Severe Weather
2020-10-10 00:00:00,23:10:00,10/10/2020,23:15:00,Washington: Oregon:,WECC,Transmission Interruption,0,0,2020,DOE_Electric_Disturbance_Events.xlsx:2020,"Unexpected Transmission loss within its area, contrary to design, of three or more Bulk Electric System Facilities caused by a common disturbance (excluding successful automatic reclosing).",False,False,False,Transmission Interruption
2020-10-10 00:00:00,08:05:00,10/10/2020,12:00:00,Oregon: Clackamas County;,WECC,System Operations,0,0,2020,DOE_Electric_Disturbance_Events.xlsx:2020,Unplanned evacuation from its Bulk Electric System control center facility for 30 continuous minutes or more.,False,False,False,System Operations
2020-10-10 00:00:00,02:22:00,10/10/2020,05:00:00,Louisiana: Lafayette Parish;,SERC,Severe Weather,Unknown,Unknown,2020,DOE_Electric_Disturbance_Events.xlsx:2020,Complete loss of monitoring or control capability at its staffed Bulk Electric System control center for 30 continuous minutes or more.,False,False,False,Severe Weather
2020-10-12 00:00:00,04:06:00,10/12/2020,04:07:00,Florida: Polk County;,FRCC,Transmission Interruption,0,0,2020,DOE_Electric_Disturbance_Events.xlsx:2020,"Unexpected Transmission loss within its area, contrary to design, of three or more Bulk Electric System Facilities caused by a common disturbance (excluding successful automatic reclosing).",False,False,False,Transmission Interruption
2020-10-13 00:00:00,13:14:00,10/14/2020,14:00:00,"Washington: Whatcom County, King County, Pierce County, Thurston County, Kittitas County, Kitsap County;",WECC,Severe Weather,Unknown,76000,2020,DOE_Electric_Disturbance_Events.xlsx:2020,"Loss of electric service to more than 50,000 customers for 1 hour or more.",False,False,False,Severe Weather
2020-10-14 00:00:00,18:26:00,10/15/2020,13:11:00,Texas: Pecos County;,TRE,Transmission Interruption,18,Unknown,2020,DOE_Electric_Disturbance_Events.xlsx:2020,"Unexpected Transmission loss within its area, contrary to design, of three or more Bulk Electric System Facilities caused by a common disturbance (excluding successful automatic reclosing).",True,True,True,Transmission Interruption
2020-10-15 00:00:00,23:43:00,Unknown,Unknown,Washington: Walla Walla County;,WECC,Vandalism,0,0,2020,DOE_Electric_Disturbance_Events.xlsx:2020,Damage or destruction of its Facility that results from actual or suspected intentional human action.,False,False,False,Vandalism
2020-10-15 00:00:00,16:50:00,Unknown,Unknown,Michigan:,RF,System Operations,0,0,2020,DOE_Electric_Disturbance_Events.xlsx:2020,Unplanned evacuation from its Bulk Electric System control center facility for 30 continuous minutes or more.,False,False,False,System Operations
2020-10-16 00:00:00,14:00:00,10/16/2020,16:00:00,Kentucky:,SERC,Vandalism,62,0,2020,DOE_Electric_Disturbance_Events.xlsx:2020,Damage or destruction of its Facility that results from actual or suspected intentional human action.,False,False,False,Vandalism
2020-10-20 00:00:00,18:48:00,10/20/2020,18:49:00,Illinois: Massac County;,SERC,Transmission Interruption,0,0,2020,DOE_Electric_Disturbance_Events.xlsx:2020,"Unexpected Transmission loss within its area, contrary to design, of three or more Bulk Electric System Facilities caused by a common disturbance (excluding successful automatic reclosing).",False,False,False,Transmission Interruption
2020-10-22 00:00:00,08:00:00,10/22/2020,08:01:00,Idaho:,WECC,Suspicious Activity,0,0,2020,DOE_Electric_Disturbance_Events.xlsx:2020,"Physical threat to its Facility excluding weather or natural disaster related threats, which has the potential to degrade the normal operation of the Facility. Or suspicious device or activity at its Facility.",False,False,False,Suspicious Activity
2020-10-22 00:00:00,22:48:00,10/22/2020,23:34:00,Florida: Pinellas County;,FRCC,System Operations,0,0,2020,DOE_Electric_Disturbance_Events.xlsx:2020,Unplanned evacuation from its Bulk Electric System control center facility for 30 continuous minutes or more.,False,False,False,System Operations
2020-10-23 00:00:00,15:42:00,10/23/2020,23:11:00,Ohio:,RF,Transmission Interruption,Unknown,Unknown,2020,DOE_Electric_Disturbance_Events.xlsx:2020,"Unexpected Transmission loss within its area, contrary to design, of three or more Bulk Electric System Facilities caused by a common disturbance (excluding successful automatic reclosing).",False,False,False,Transmission Interruption
2020-10-23 00:00:00,15:46:00,10/23/2020,23:03:00,Texas: Harris County;,TRE,Severe Weather,Unknown,55506,2020,DOE_Electric_Disturbance_Events.xlsx:2020,"Loss of electric service to more than 50,000 customers for 1 hour or more.",True,True,True,Severe Weather
2020-10-24 00:00:00,20:13:00,10/24/2020,22:52:00,Minnesota: Hennepin County;,MRO,Transmission Interruption,1,4,2020,DOE_Electric_Disturbance_Events.xlsx:2020,"Unexpected Transmission loss within its area, contrary to design, of three or more Bulk Electric System Facilities caused by a common disturbance (excluding successful automatic reclosing).",False,False,False,Transmission Interruption
2020-10-25 00:00:00,14:32:00,10/27/2020,18:00:00,California:,WECC,Severe Weather,1218,370000,2020,DOE_Electric_Disturbance_Events.xlsx:2020,"Loss of electric service to more than 50,000 customers for 1 hour or more.",False,False,False,Severe Weather
2020-10-25 00:00:00,03:25:00,10/25/2020,03:45:00,Wisconsin: Milwaukee County; Michigan:,MRO,Suspicious Activity,0,0,2020,DOE_Electric_Disturbance_Events.xlsx:2020,Damage or destruction of its Facility that results from actual or suspected intentional human action.,False,False,False,Suspicious Activity
2020-10-26 00:00:00,13:00:00,11/07/2020,19:00:00,"Oklahoma: Oklahoma County, Canadian County, Logan County, Cleveland County, Pottawatomie County;",SPP RE,Severe Weather,Unknown,447000,2020,DOE_Electric_Disturbance_Events.xlsx:2020,"Loss of electric service to more than 50,000 customers for 1 hour or more.",False,False,False,Severe Weather
2020-10-26 00:00:00,11:24:00,10/27/2020,16:43:00,"California: Los Angeles County, Riverside County, San Bernardino County, Orange County, Kern County, Ventura County;",WECC,Severe Weather,Unknown,136833,2020,DOE_Electric_Disturbance_Events.xlsx:2020,"Loss of electric service to more than 50,000 customers for 1 hour or more.",False,False,False,Severe Weather
2020-10-26 00:00:00,09:28:00,10/26/2020,12:20:00,Colorado:,WECC,Transmission Interruption,75,13000,2020,DOE_Electric_Disturbance_Events.xlsx:2020,"Unexpected Transmission loss within its area, contrary to design, of three or more Bulk Electric System Facilities caused by a common disturbance (excluding successful automatic reclosing).",False,False,False,Transmission Interruption
2020-10-26 00:00:00,10:00:00,10/26/2020,10:15:00,Kentucky:,SERC,Vandalism,64,0,2020,DOE_Electric_Disturbance_Events.xlsx:2020,Damage or destruction of its Facility that results from actual or suspected intentional human action.,False,False,False,Vandalism
2020-10-27 00:00:00,17:50:00,Unknown,Unknown,Oklahoma:,SPP RE,Severe Weather,Unknown,235000,2020,DOE_Electric_Disturbance_Events.xlsx:2020,"Loss of electric service to more than 50,000 customers for 1 hour or more.",False,False,False,Severe Weather
2020-10-28 00:00:00,21:37:00,11/02/2020,19:30:00,Alabama: Florida: Mississippi: Georgia:,SERC,Severe Weather,253,35478,2020,DOE_Electric_Disturbance_Events.xlsx:2020,"Loss of electric service to more than 50,000 customers for 1 hour or more.",False,False,False,Severe Weather
2020-10-28 00:00:00,18:00:00,10/29/2020,01:15:00,Louisiana:,SERC,Severe Weather,Unknown,481268,2020,DOE_Electric_Disturbance_Events.xlsx:2020,"Loss of electric service to more than 50,000 customers for 1 hour or more.",False,False,False,Severe Weather
2020-10-28 00:00:00,11:53:00,10/28/2020,15:26:00,Texas:,TRE,Transmission Interruption,Unknown,Unknown,2020,DOE_Electric_Disturbance_Events.xlsx:2020,"Unexpected Transmission loss within its area, contrary to design, of three or more Bulk Electric System Facilities caused by a common disturbance (excluding successful automatic reclosing).",True,True,True,Transmission Interruption
2020-10-28 00:00:00,10:28:00,10/28/2020,10:29:00,Texas:,TRE,Severe Weather,Unknown,Unknown,2020,DOE_Electric_Disturbance_Events.xlsx:2020,Electrical System Separation (Islanding) where part or parts of power grid remain(s) operational in an otherwise blacked out area or within the partial failure of an integrated electrical system.,True,True,True,Severe Weather
2020-10-28 00:00:00,17:12:00,10/29/2020,16:30:00,"Louisiana: St. Tammany Parish, St. Mary Parish;",SERC,Severe Weather,Unknown,72707,2020,DOE_Electric_Disturbance_Events.xlsx:2020,"Loss of electric service to more than 50,000 customers for 1 hour or more.",False,False,False,Severe Weather
2020-10-29 00:00:00,08:15:00,10/31/2020,18:45:00,North Carolina: South Carolina:,SERC,Severe Weather,Unknown,461580,2020,DOE_Electric_Disturbance_Events.xlsx:2020,"Loss of electric service to more than 50,000 customers for 1 hour or more.",False,False,False,Severe Weather
2020-10-29 00:00:00,11:58:00,10/29/2020,13:10:00,Maine:,NPCC,System Operations,0,0,2020,DOE_Electric_Disturbance_Events.xlsx:2020,Complete loss of monitoring or control capability at its staffed Bulk Electric System control center for 30 continuous minutes or more.,False,False,False,System Operations
2020-10-29 00:00:00,02:00:00,10/31/2020,09:00:00,"Alabama: Baldwin County, Butler County, Clarke County, Conecuh County, Escambia County, Lee County, Lowndes County, Macon County, Montgomery County, Pike County, Russell County, Tallapoosa County, Talladega County, Washington County, Monroe County; Florida: Escambia County, Okaloosa County, Walton County, Santa Rosa County;",SERC,Severe Weather,0,90000,2020,DOE_Electric_Disturbance_Events.xlsx:2020,"Loss of electric service to more than 50,000 customers for 1 hour or more.",False,False,False,Severe Weather
2020-11-01 00:00:00,18:00:00,11/01/2020,18:09:00,Ohio:,RF,Severe Weather,Unknown,85677,2020,DOE_Electric_Disturbance_Events.xlsx:2020,"Loss of electric service to more than 50,000 customers for 1 hour or more.",False,False,False,Severe Weather
2020-11-01 00:00:00,12:31:00,11/01/2020,12:35:00,California: Placer County;,WECC,Suspicious Activity,0,0,2020,DOE_Electric_Disturbance_Events.xlsx:2020,"Physical threat to its Facility excluding weather or natural disaster related threats, which has the potential to degrade the normal operation of the Facility. Or suspicious device or activity at its Facility.",False,False,False,Suspicious Activity
2020-11-02 00:00:00,11:12:00,11/02/2020,11:21:00,Florida:,FRCC,Suspicious Activity,0,0,2020,DOE_Electric_Disturbance_Events.xlsx:2020,"Physical threat to its Facility excluding weather or natural disaster related threats, which has the potential to degrade the normal operation of the Facility. Or suspicious device or activity at its Facility.",False,False,False,Suspicious Activity
2020-11-07 00:00:00,17:40:00,11/07/2020,22:10:00,Colorado:,WECC,Transmission Interruption,0,0,2020,DOE_Electric_Disturbance_Events.xlsx:2020,"Unexpected Transmission loss within its area, contrary to design, of three or more Bulk Electric System Facilities caused by a common disturbance (excluding successful automatic reclosing).",False,False,False,Transmission Interruption
2020-11-09 00:00:00,12:00:00,11/10/2020,09:45:00,New Hampshire: Coos County;,NPCC,Vandalism,0,0,2020,DOE_Electric_Disturbance_Events.xlsx:2020,Damage or destruction of its Facility that results from actual or suspected intentional human action.,False,False,False,Vandalism
2020-11-10 00:00:00,10:42:00,11/10/2020,12:45:00,Arizona: Maricopa County;,WECC,System Operations,0,0,2020,DOE_Electric_Disturbance_Events.xlsx:2020,Complete loss of monitoring or control capability at its staffed Bulk Electric System control center for 30 continuous minutes or more.,False,False,False,System Operations
2020-11-13 00:00:00,00:20:00,11/13/2020,08:00:00,Washington: Snohomish County;,WECC,System Operations,0,0,2020,DOE_Electric_Disturbance_Events.xlsx:2020,Cyber event that could potentially impact electric power system adequacy or reliability.,False,False,False,System Operations
2020-11-14 00:00:00,07:40:00,Unknown,Unknown,California: San Bernardino County;,WECC,Fuel Supply Deficiency,0,0,2020,DOE_Electric_Disturbance_Events.xlsx:2020,Fuel supply emergencies that could impact electric power system adequacy or reliability.,False,False,False,Fuel Supply Deficiency
2020-11-15 00:00:00,15:08:00,11/15/2020,22:30:00,Ohio:,RF,Severe Weather,Unknown,123361,2020,DOE_Electric_Disturbance_Events.xlsx:2020,"Loss of electric service to more than 50,000 customers for 1 hour or more.",False,False,False,Severe Weather
2020-11-15 00:00:00,14:52:00,11/16/2020,05:59:00,Ohio:,RF,Severe Weather,Unknown,96809,2020,DOE_Electric_Disturbance_Events.xlsx:2020,"Loss of electric service to more than 50,000 customers for 1 hour or more.",False,False,False,Severe Weather
2020-11-15 00:00:00,12:30:00,11/18/2020,09:44:00,"Michigan: Huron County, Livingston County, Macomb County, Monroe County, Wayne County, Washtenaw County, Tuscola County, St. Clair County, Lapeer County, Oakland County;",RF,Severe Weather,Unknown,150000,2020,DOE_Electric_Disturbance_Events.xlsx:2020,"Loss of electric service to more than 50,000 customers for 1 hour or more.",False,False,False,Severe Weather
2020-11-15 00:00:00,15:37:00,11/17/2020,12:15:00,"Michigan: Iosco County, Oscoda County, Ogemaw County, Livingston County, Ionia County, Barry County;",RF,Severe Weather,Unknown,57327,2020,DOE_Electric_Disturbance_Events.xlsx:2020,"Loss of electric service to more than 50,000 customers for 1 hour or more.",False,False,False,Severe Weather
2020-11-15 00:00:00,23:05:00,11/16/2020,05:00:00,Connecticut: Massachusetts: Maine: New Hampshire: Rhode Island: Vermont:,NPCC,Severe Weather,Unknown,62408,2020,DOE_Electric_Disturbance_Events.xlsx:2020,"Loss of electric service to more than 50,000 customers for 1 hour or more.",False,False,False,Severe Weather
2020-11-15 00:00:00,11:30:00,11/16/2020,03:25:00,Ohio: West Virginia: Virginia: Indiana:,RF,Severe Weather,Unknown,75000,2020,DOE_Electric_Disturbance_Events.xlsx:2020,"Loss of electric service to more than 50,000 customers for 1 hour or more.",False,False,False,Severe Weather
2020-11-18 00:00:00,08:30:00,11/18/2020,10:50:00,Missouri: Jackson County;,SERC,System Operations,0,0,2020,DOE_Electric_Disturbance_Events.xlsx:2020,Complete loss of monitoring or control capability at its staffed Bulk Electric System control center for 30 continuous minutes or more.,False,False,False,System Operations
2020-11-18 00:00:00,10:20:00,11/18/2020,11:18:00,Maine:,NPCC,System Operations,0,0,2020,DOE_Electric_Disturbance_Events.xlsx:2020,Complete loss of monitoring or control capability at its staffed Bulk Electric System control center for 30 continuous minutes or more.,False,False,False,System Operations
2020-11-20 00:00:00,09:10:00,11/20/2020,09:22:00,Texas: Kentucky: Arizona: New Mexico: Oregon: Washington:,TRE,System Operations,0,Unknown,2020,DOE_Electric_Disturbance_Events.xlsx:2020,Cyber event that causes interruptions of electrical system operations.,True,True,True,System Operations
2020-11-21 00:00:00,11:59:00,11/21/2020,12:59:00,Nevada: Clark County;,WECC,Actual Physical Attack,21,577,2020,DOE_Electric_Disturbance_Events.xlsx:2020,"Physical threat to its Facility excluding weather or natural disaster related threats, which has the potential to degrade the normal operation of the Facility. Or suspicious device or activity at its Facility.",False,False,False,Actual Physical Attack
2020-11-23 00:00:00,05:50:00,11/23/2020,07:27:00,Wisconsin: Dane County;,MRO,System Operations,0,0,2020,DOE_Electric_Disturbance_Events.xlsx:2020,Complete loss of monitoring or control capability at its staffed Bulk Electric System control center for 30 continuous minutes or more.,False,False,False,System Operations
2020-11-30 00:00:00,14:33:00,11/30/2020,17:20:00,Texas: El Paso County;,TRE,Transmission Interruption,0,0,2020,DOE_Electric_Disturbance_Events.xlsx:2020,"Unexpected Transmission loss within its area, contrary to design, of three or more Bulk Electric System Facilities caused by a common disturbance (excluding successful automatic reclosing).",True,True,True,Transmission Interruption
2020-11-30 00:00:00,16:24:00,12/01/2020,14:25:00,Massachusetts: Maine: Connecticut: Rhode Island: Vermont: New Hampshire:,NPCC,Severe Weather,Unknown,116000,2020,DOE_Electric_Disturbance_Events.xlsx:2020,"Loss of electric service to more than 50,000 customers for 1 hour or more.",False,False,False,Severe Weather
2020-12-01 00:00:00,12:32:00,12/01/2020,22:50:00,Ohio:,RF,Severe Weather,Unknown,170190,2020,DOE_Electric_Disturbance_Events.xlsx:2020,"Loss of electric service to more than 50,000 customers for 1 hour or more.",False,False,False,Severe Weather
2020-12-03 00:00:00,09:01:00,12/03/2020,09:03:00,Colorado:,WECC,Transmission Interruption,89,0,2020,DOE_Electric_Disturbance_Events.xlsx:2020,"Unexpected Transmission loss within its area, contrary to design, of three or more Bulk Electric System Facilities caused by a common disturbance (excluding successful automatic reclosing).",False,False,False,Transmission Interruption
2020-12-03 00:00:00,00:44:00,12/05/2020,11:03:00,California: San Diego County;,WECC,Severe Weather,93,73000,2020,DOE_Electric_Disturbance_Events.xlsx:2020,"Loss of electric service to more than 50,000 customers for 1 hour or more.",False,False,False,Severe Weather
2020-12-03 00:00:00,10:57:00,12/04/2020,15:02:00,"California: Kern County, Los Angeles County, Orange County, Riverside County, San Bernardino County, San Diego County, Tulare County, Ventura County;",WECC,Severe Weather,132,51686,2020,DOE_Electric_Disturbance_Events.xlsx:2020,"Loss of electric service to more than 50,000 customers for 1 hour or more.",False,False,False,Severe Weather
2020-12-05 00:00:00,16:40:00,Unknown,Unknown,Connecticut: Massachusetts: Maine: New Hampshire: Rhode Island: Vermont:,NPCC,Severe Weather,Unknown,271231,2020,DOE_Electric_Disturbance_Events.xlsx:2020,"Loss of electric service to more than 50,000 customers for 1 hour or more.",False,False,False,Severe Weather
2020-12-06 00:00:00,09:45:00,12/06/2020,17:00:00,Pennsylvania:,RF,System Operations,0,0,2020,DOE_Electric_Disturbance_Events.xlsx:2020,Unplanned evacuation from its Bulk Electric System control center facility for 30 continuous minutes or more.,False,False,False,System Operations
2020-12-07 00:00:00,18:10:00,12/08/2020,21:09:00,"California: Kern County, Los Angeles County, Orange County, Riverside County, San Bernardino County, Ventura County, Tulare County;",WECC,Severe Weather,286,76234,2020,DOE_Electric_Disturbance_Events.xlsx:2020,"Loss of electric service to more than 50,000 customers for 1 hour or more.",False,False,False,Severe Weather
2020-12-08 00:00:00,09:43:00,12/08/2020,10:33:00,Michigan: Wayne County;,RF,System Operations,0,0,2020,DOE_Electric_Disturbance_Events.xlsx:2020,Complete loss of monitoring or control capability at its staffed Bulk Electric System control center for 30 continuous minutes or more.,False,False,False,System Operations
2020-12-09 00:00:00,13:20:00,12/09/2020,14:30:00,Missouri: Kansas:,MRO,System Operations,0,0,2020,DOE_Electric_Disturbance_Events.xlsx:2020,Complete loss of monitoring or control capability at its staffed Bulk Electric System control center for 30 continuous minutes or more.,False,False,False,System Operations
2020-12-10 00:00:00,16:30:00,12/12/2020,05:00:00,Washington: King County;,WECC,System Operations,0,0,2020,DOE_Electric_Disturbance_Events.xlsx:2020,Unplanned evacuation from its Bulk Electric System control center facility for 30 continuous minutes or more.,False,False,False,System Operations
2020-12-11 00:00:00,22:51:00,12/11/2020,23:57:00,Texas: Harris County;,TRE,System Operations,0,0,2020,DOE_Electric_Disturbance_Events.xlsx:2020,Complete loss of monitoring or control capability at its staffed Bulk Electric System control center for 30 continuous minutes or more.,True,True,True,System Operations
2020-12-13 00:00:00,06:47:00,12/13/2020,07:36:00,California:,WECC,System Operations,298,159239,2020,DOE_Electric_Disturbance_Events.xlsx:2020,"Uncontrolled loss of 200 Megawatts or more of firm system loads for 15 minutes or more from a single incident for entities with previous year's peak demand less than or equal to 3,000 Megawatts.",False,False,False,System Operations
2020-12-14 00:00:00,11:00:00,Unknown,Unknown,Idaho: Oregon:,WECC,Cyber Event,0,0,2020,DOE_Electric_Disturbance_Events.xlsx:2020,Cyber event that could potentially impact electric power system adequacy or reliability.,False,False,False,Cyber Event
2020-12-14 00:00:00,17:01:00,12/14/2020,17:34:00,California:,WECC,System Operations,0,0,2020,DOE_Electric_Disturbance_Events.xlsx:2020,Complete loss of monitoring or control capability at its staffed Bulk Electric System control center for 30 continuous minutes or more.,False,False,False,System Operations
2020-12-14 00:00:00,01:30:00,Unknown,Unknown,New Jersey: Pennsylvania: Maryland: Illinois: Delaware: District of Columbia:,RF,Cyber Event,0,0,2020,DOE_Electric_Disturbance_Events.xlsx:2020,Cyber event that could potentially impact electric power system adequacy or reliability.,False,False,False,Cyber Event
2020-12-16 00:00:00,23:20:00,12/17/2020,07:20:00,Oklahoma:,MRO,Transmission Interruption,Unknown,Unknown,2020,DOE_Electric_Disturbance_Events.xlsx:2020,"Unexpected Transmission loss within its area, contrary to design, of three or more Bulk Electric System Facilities caused by a common disturbance (excluding successful automatic reclosing).",False,False,False,Transmission Interruption
2020-12-17 00:00:00,08:07:00,12/17/2020,08:32:00,California:,WECC,Severe Weather,35,17000,2020,DOE_Electric_Disturbance_Events.xlsx:2020,Electrical System Separation (Islanding) where part or parts of power grid remain(s) operational in an otherwise blacked out area or within the partial failure of an integrated electrical system.,False,False,False,Severe Weather
2020-12-17 00:00:00,16:19:00,12/17/2020,16:57:00,Michigan: Wayne County;,RF,System Operations,0,0,2020,DOE_Electric_Disturbance_Events.xlsx:2020,Complete loss of monitoring or control capability at its staffed Bulk Electric System control center for 30 continuous minutes or more.,False,False,False,System Operations
2020-12-18 00:00:00,06:34:00,12/18/2020,09:51:00,Oregon: Clackamas County;,WECC,Suspicious Activity,0,0,2020,DOE_Electric_Disturbance_Events.xlsx:2020,"Physical threat to its Facility excluding weather or natural disaster related threats, which has the potential to degrade the normal operation of the Facility. Or suspicious device or activity at its Facility.",False,False,False,Suspicious Activity
2020-12-20 00:00:00,05:06:00,12/20/2020,05:22:00,California: Los Angeles County;,WECC,Cyber Event,0,0,2020,DOE_Electric_Disturbance_Events.xlsx:2020,Cyber event that could potentially impact electric power system adequacy or reliability.,False,False,False,Cyber Event
2020-12-22 00:00:00,02:20:00,12/22/2020,02:21:00,Washington: Pierce County;,WECC,Vandalism,0,2000,2020,DOE_Electric_Disturbance_Events.xlsx:2020,"Physical threat to its Facility excluding weather or natural disaster related threats, which has the potential to degrade the normal operation of the Facility. Or suspicious device or activity at its Facility.",False,False,False,Vandalism
2020-12-24 00:00:00,23:40:00,Unknown,Unknown,"Pennsylvania: Bucks County, Chester County, Delaware County, Montgomery County, Philadelphia County, York County;",RF,Severe Weather/Distribution Interruption,Unknown,68114,2020,DOE_Electric_Disturbance_Events.xlsx:2020,"Loss of electric service to more than 50,000 customers for 1 hour or more.",False,False,False,Severe Weather/Distribution Interruption
2020-12-25 00:00:00,03:51:00,12/25/2020,03:52:00,California:,WECC,Vandalism,0,0,2020,DOE_Electric_Disturbance_Events.xlsx:2020,Damage or destruction of its Facility that results from actual or suspected intentional human action.,False,False,False,Vandalism
2020-12-25 00:00:00,18:51:00,12/25/2020,19:24:00,Ohio: Kentucky:,RF,Suspicious Activity,0,0,2020,DOE_Electric_Disturbance_Events.xlsx:2020,"Physical threat to its Facility excluding weather or natural disaster related threats, which has the potential to degrade the normal operation of the Facility. Or suspicious device or activity at its Facility.",False,False,False,Suspicious Activity
2020-12-25 00:00:00,07:55:00,12/25/2020,16:45:00,Connecticut: Maine: New Hampshire: Massachusetts: Rhode Island: Vermont:,NPCC,Severe Weather,Unknown,19000,2020,DOE_Electric_Disturbance_Events.xlsx:2020,"Loss of electric service to more than 50,000 customers for 1 hour or more.",False,False,False,Severe Weather
2020-12-28 00:00:00,17:31:00,12/29/2020,13:31:00,Virginia:,SERC,Vandalism,0,0,2020,DOE_Electric_Disturbance_Events.xlsx:2020,Damage or destruction of its Facility that results from actual or suspected intentional human action.,False,False,False,Vandalism
2021-01-01 00:00:00,07:04:00,01/01/2021,07:05:00,California: Alameda County;,WECC,Vandalism,0,0,2021,DOE_Electric_Disturbance_Events.xlsx:2021,Physical attack that could potentially impact electric power system adequacy or reliability; or vandalism which targets components of any security systems.,False,False,False,Vandalism
2021-01-02 00:00:00,10:28:00,01/02/2021,10:29:00,California: Butte County;,WECC,System Operations,8,5803,2021,DOE_Electric_Disturbance_Events.xlsx:2021,Electrical System Separation (Islanding) where part or parts of power grid remain(s) operational in an otherwise blacked out area or within the partial failure of an integrated electrical system.,False,False,False,System Operations
2021-01-04 00:00:00,10:34:00,01/04/2021,10:49:00,Pennsylvania:,RF,Transmission Interruption,6,3825,2021,DOE_Electric_Disturbance_Events.xlsx:2021,"Unexpected Transmission loss within its area, contrary to design, of three or more Bulk Electric System Facilities caused by a common disturbance (excluding successful automatic reclosing).",False,False,False,Transmission Interruption
2021-01-08 00:00:00,01:26:00,01/08/2021,02:45:00,Arkansas: Prairie County;,SERC,Sabotage,Unknown,1908,2021,DOE_Electric_Disturbance_Events.xlsx:2021,Damage or destruction of its Facility that results from actual or suspected intentional human action.,False,False,False,Sabotage
2021-01-10 00:00:00,22:44:00,01/13/2021,16:00:00,"Texas: Anderson County, Angelina County, Dallas County, Freestone County, Henderson County, Houston County, Leon County, Nacogdoches County, Smith County, Tarrant County;",TRE,Severe Weather,Unknown,188000,2021,DOE_Electric_Disturbance_Events.xlsx:2021,"Loss of electric service to more than 50,000 customers for 1 hour or more.",True,True,True,Severe Weather
2021-01-11 00:00:00,05:00:00,01/11/2021,14:22:00,Louisiana: Texas:,SERC,Severe Weather/Distribution Interruption,Unknown,58000,2021,DOE_Electric_Disturbance_Events.xlsx:2021,"Loss of electric service to more than 50,000 customers for 1 hour or more.",True,False,True,Severe Weather/Distribution Interruption
2021-01-12 00:00:00,23:50:00,01/15/2021,13:00:00,"Washington: Kitsap County, Thurston County, King County, Pierce County, Skagit County, Whatcom County;",WECC,Severe Weather,100,320000,2021,DOE_Electric_Disturbance_Events.xlsx:2021,Electrical System Separation (Islanding) where part or parts of power grid remain(s) operational in an otherwise blacked out area or within the partial failure of an integrated electrical system.,False,False,False,Severe Weather
2021-01-12 00:00:00,20:46:00,01/13/2021,16:00:00,"Oregon: Clackamas County, Multnomah County, Washington County;",WECC,Severe Weather,Unknown,94231,2021,DOE_Electric_Disturbance_Events.xlsx:2021,"Loss of electric service to more than 50,000 customers for 1 hour or more.",False,False,False,Severe Weather
2021-01-12 00:00:00,23:49:00,01/14/2021,14:00:00,Washington:,WECC,Severe Weather/Distribution Interruption,150,70000,2021,DOE_Electric_Disturbance_Events.xlsx:2021,"Loss of electric service to more than 50,000 customers for 1 hour or more.",False,False,False,Severe Weather/Distribution Interruption
2021-01-12 00:00:00,20:30:00,Unknown,Unknown,Washington: Snohomish County;,WECC,Severe Weather/Transmission Interruption,200,62000,2021,DOE_Electric_Disturbance_Events.xlsx:2021,"Loss of electric service to more than 50,000 customers for 1 hour or more.",False,False,False,Severe Weather/Transmission Interruption
2021-01-13 00:00:00,03:43:00,01/13/2021,16:00:00,Washington: Idaho:,WECC,Severe Weather,185,70417,2021,DOE_Electric_Disturbance_Events.xlsx:2021,"Loss of electric service to more than 50,000 customers for 1 hour or more.",False,False,False,Severe Weather
2021-01-13 00:00:00,13:05:00,01/13/2021,13:06:00,Georgia: Houston County;,SERC,Vandalism,0,0,2021,DOE_Electric_Disturbance_Events.xlsx:2021,Damage or destruction of its Facility that results from actual or suspected intentional human action.,False,False,False,Vandalism
2021-01-15 00:00:00,17:48:00,01/15/2021,18:55:00,Missouri:,SERC,System Operations,0,0,2021,DOE_Electric_Disturbance_Events.xlsx:2021,Complete loss of monitoring or control capability at its staffed Bulk Electric System control center for 30 continuous minutes or more.,False,False,False,System Operations
2021-01-18 00:00:00,14:07:00,01/18/2021,14:42:00,Connecticut:,NPCC,System Operations,0,0,2021,DOE_Electric_Disturbance_Events.xlsx:2021,Complete loss of monitoring or control capability at its staffed Bulk Electric System control center for 30 continuous minutes or more.,False,False,False,System Operations
2021-01-19 00:00:00,09:31:00,01/21/2021,14:36:00,"California: Kern County, Los Angeles County, Riverside County, San Bernardino County, Ventura County, Orange County;",WECC,Severe Weather,Unknown,173746,2021,DOE_Electric_Disturbance_Events.xlsx:2021,"Loss of electric service to more than 50,000 customers for 1 hour or more.",False,False,False,Severe Weather
2021-01-19 00:00:00,02:48:00,01/20/2021,11:41:00,California:,WECC,Severe Weather,411,124888,2021,DOE_Electric_Disturbance_Events.xlsx:2021,"Loss of electric service to more than 50,000 customers for 1 hour or more.",False,False,False,Severe Weather
2021-01-21 00:00:00,00:00:00,02/03/2021,16:55:00,Texas: Louisiana: Arkansas: Pulaski County; Mississippi:,TRE,Vandalism,0,0,2021,DOE_Electric_Disturbance_Events.xlsx:2021,Damage or destruction of its Facility that results from actual or suspected intentional human action.,True,True,True,Vandalism
2021-01-23 00:00:00,07:00:00,01/27/2021,13:45:00,Georgia: Laurens County;,SERC,Cyber Event,29,Unknown,2021,DOE_Electric_Disturbance_Events.xlsx:2021,"Physical threat to its Facility excluding weather or natural disaster related threats, which has the potential to degrade the normal operation of the Facility. Or suspicious device or activity at its Facility.",False,False,False,Cyber Event
2021-01-23 00:00:00,07:45:00,01/23/2021,08:00:00,"California: Placer County, Nevada County;",WECC,Suspicious Activity,45,0,2021,DOE_Electric_Disturbance_Events.xlsx:2021,"Physical threat to its Facility excluding weather or natural disaster related threats, which has the potential to degrade the normal operation of the Facility. Or suspicious device or activity at its Facility.",False,False,False,Suspicious Activity
2021-01-26 00:00:00,20:49:00,01/28/2021,21:14:00,California:,WECC,Severe Weather,841,255715,2021,DOE_Electric_Disturbance_Events.xlsx:2021,"Loss of electric service to more than 50,000 customers for 1 hour or more.",False,False,False,Severe Weather
2021-01-27 00:00:00,12:30:00,01/27/2021,16:18:00,New Hampshire: Hillsborough County;,NPCC,Vandalism,0,0,2021,DOE_Electric_Disturbance_Events.xlsx:2021,Damage or destruction of its Facility that results from actual or suspected intentional human action.,False,False,False,Vandalism
2021-01-28 00:00:00,10:15:00,01/28/2021,16:46:00,New Hampshire: Hillsborough County;,NPCC,Vandalism,0,0,2021,DOE_Electric_Disturbance_Events.xlsx:2021,Damage or destruction of its Facility that results from actual or suspected intentional human action.,False,False,False,Vandalism
2021-02-01 00:00:00,23:25:00,02/02/2021,01:12:00,Texas: Kleberg County;,TRE,Transmission Interruption,13,6102,2021,DOE_Electric_Disturbance_Events.xlsx:2021,"Unexpected Transmission loss within its area, contrary to design, of three or more Bulk Electric System Facilities caused by a common disturbance (excluding successful automatic reclosing).",True,True,True,Transmission Interruption
2021-02-02 00:00:00,12:34:00,02/02/2021,15:43:00,South Dakota: Hughes County;,MRO,Severe Weather/Transmission Interruption,5,4,2021,DOE_Electric_Disturbance_Events.xlsx:2021,Electrical System Separation (Islanding) where part or parts of power grid remain(s) operational in an otherwise blacked out area or within the partial failure of an integrated electrical system.,False,False,False,Severe Weather/Transmission Interruption
2021-02-02 00:00:00,09:25:00,02/03/2021,11:38:00,South Dakota: Hughes County;,MRO,Severe Weather/Transmission Interruption,5,3,2021,DOE_Electric_Disturbance_Events.xlsx:2021,Electrical System Separation (Islanding) where part or parts of power grid remain(s) operational in an otherwise blacked out area or within the partial failure of an integrated electrical system.,False,False,False,Severe Weather/Transmission Interruption
2021-02-03 00:00:00,14:22:00,02/04/2021,22:32:00,"North Dakota: Logan County, Emmons County, McIntosh County;",MRO,Transmission Interruption,7,1400,2021,DOE_Electric_Disturbance_Events.xlsx:2021,"Unexpected Transmission loss within its area, contrary to design, of three or more Bulk Electric System Facilities caused by a common disturbance (excluding successful automatic reclosing).",False,False,False,Transmission Interruption
2021-02-05 00:00:00,09:43:00,02/05/2021,11:19:00,Arkansas: Arkansas County;,SERC,Vandalism,0,0,2021,DOE_Electric_Disturbance_Events.xlsx:2021,Damage or destruction of its Facility that results from actual or suspected intentional human action.,False,False,False,Vandalism
2021-02-06 00:00:00,06:50:00,02/06/2021,14:43:00,Ohio: Kentucky:,RF,Transmission Interruption,0,0,2021,DOE_Electric_Disturbance_Events.xlsx:2021,"Unexpected Transmission loss within its area, contrary to design, of three or more Bulk Electric System Facilities caused by a common disturbance (excluding successful automatic reclosing).",False,False,False,Transmission Interruption
2021-02-07 00:00:00,06:57:00,02/07/2021,07:34:00,Texas: Cameron County;,TRE,Suspicious Activity,0,0,2021,DOE_Electric_Disturbance_Events.xlsx:2021,"Physical threat to its Facility excluding weather or natural disaster related threats, which has the potential to degrade the normal operation of the Facility. Or suspicious device or activity at its Facility.",True,True,True,Suspicious Activity
2021-02-08 00:00:00,07:04:00,02/08/2021,14:10:00,Minnesota: St. Louis County;,MRO,Transmission Interruption,0,0,2021,DOE_Electric_Disturbance_Events.xlsx:2021,"Unexpected Transmission loss within its area, contrary to design, of three or more Bulk Electric System Facilities caused by a common disturbance (excluding successful automatic reclosing).",False,False,False,Transmission Interruption
2021-02-08 00:00:00,18:19:00,02/08/2021,18:29:00,New Hampshire: Hillsborough County;,NPCC,System Operations,0,0,2021,DOE_Electric_Disturbance_Events.xlsx:2021,Unplanned evacuation from its Bulk Electric System control center facility for 30 continuous minutes or more.,False,False,False,System Operations
2021-02-09 00:00:00,13:00:00,02/10/2021,14:21:00,Oregon: Tillamook County;,WECC,Vandalism,0,0,2021,DOE_Electric_Disturbance_Events.xlsx:2021,Damage or destruction of its Facility that results from actual or suspected intentional human action.,False,False,False,Vandalism
2021-02-09 00:00:00,10:51:00,Unknown,Unknown,North Carolina:,SERC,Transmission Interruption,0,0,2021,DOE_Electric_Disturbance_Events.xlsx:2021,"Unexpected Transmission loss within its area, contrary to design, of three or more Bulk Electric System Facilities caused by a common disturbance (excluding successful automatic reclosing).",False,False,False,Transmission Interruption
2021-02-10 00:00:00,15:00:00,02/23/2021,15:00:00,Texas:,TRE,Severe Weather,Unknown,2000000,2021,DOE_Electric_Disturbance_Events.xlsx:2021,"Loss of electric service to more than 50,000 customers for 1 hour or more.",True,True,True,Severe Weather
2021-02-11 00:00:00,08:30:00,02/22/2021,09:00:00,Illinois: Scott County;,SERC,Fuel Supply Deficiency,Unknown,Unknown,2021,DOE_Electric_Disturbance_Events.xlsx:2021,Fuel supply emergencies that could impact electric power system adequacy or reliability.,False,False,False,Fuel Supply Deficiency
2021-02-11 00:00:00,19:21:00,02/11/2021,21:20:00,Colorado: Morgan County;,WECC,Transmission Interruption,0,0,2021,DOE_Electric_Disturbance_Events.xlsx:2021,"Unexpected Transmission loss within its area, contrary to design, of three or more Bulk Electric System Facilities caused by a common disturbance (excluding successful automatic reclosing).",False,False,False,Transmission Interruption
2021-02-11 00:00:00,13:00:00,Unknown,Unknown,Kansas:,MRO,Fuel Supply Deficiency,0,0,2021,DOE_Electric_Disturbance_Events.xlsx:2021,Fuel supply emergencies that could impact electric power system adequacy or reliability.,False,False,False,Fuel Supply Deficiency
2021-02-12 00:00:00,21:00:00,02/20/2021,17:15:00,"Oregon: Clackamas County, Marion County, Polk County, Multnomah County, Washington County, Yamhill County;",WECC,Severe Weather,Unknown,300187,2021,DOE_Electric_Disturbance_Events.xlsx:2021,"Loss of electric service to more than 50,000 customers for 1 hour or more.",False,False,False,Severe Weather
2021-02-12 00:00:00,15:30:00,02/22/2021,07:30:00,Texas:,TRE,Fuel Supply Deficiency,Unknown,Unknown,2021,DOE_Electric_Disturbance_Events.xlsx:2021,Fuel supply emergencies that could impact electric power system adequacy or reliability.,True,True,True,Fuel Supply Deficiency
2021-02-13 00:00:00,09:56:00,02/13/2021,11:01:00,Washington: Lewis County;,WECC,Severe Weather,164,37583,2021,DOE_Electric_Disturbance_Events.xlsx:2021,"Loss of electric service to more than 50,000 customers for 1 hour or more.",False,False,False,Severe Weather
2021-02-13 00:00:00,13:30:00,02/20/2021,08:00:00,Texas:,TRE,Severe Weather,Unknown,Unknown,2021,DOE_Electric_Disturbance_Events.xlsx:2021,Public appeal to reduce the use of electricity for purposes of maintaining the continuity of the Bulk Electric System.,True,True,True,Severe Weather
2021-02-13 00:00:00,13:30:00,02/19/2021,21:00:00,West Virginia: Virginia:,RF,Severe Weather,Unknown,55097,2021,DOE_Electric_Disturbance_Events.xlsx:2021,"Loss of electric service to more than 50,000 customers for 1 hour or more.",False,False,False,Severe Weather
2021-02-13 00:00:00,08:32:00,02/14/2021,15:00:00,South Carolina: North Carolina:,SERC,Severe Weather,Unknown,129000,2021,DOE_Electric_Disturbance_Events.xlsx:2021,"Loss of electric service to more than 50,000 customers for 1 hour or more.",False,False,False,Severe Weather
2021-02-14 00:00:00,08:30:00,02/19/2021,18:00:00,Texas:,TRE,Severe Weather,7214,Unknown,2021,DOE_Electric_Disturbance_Events.xlsx:2021,Public appeal to reduce the use of electricity for purposes of maintaining the continuity of the Bulk Electric System.,True,True,True,Severe Weather
2021-02-14 00:00:00,08:30:00,02/19/2021,18:00:00,Texas:,TRE,Severe Weather,Unknown,Unknown,2021,DOE_Electric_Disturbance_Events.xlsx:2021,Public appeal to reduce the use of electricity for purposes of maintaining the continuity of the Bulk Electric System.,True,True,True,Severe Weather
2021-02-14 00:00:00,05:30:00,02/18/2021,10:00:00,Oklahoma:,MRO,Severe Weather,Unknown,Unknown,2021,DOE_Electric_Disturbance_Events.xlsx:2021,Public appeal to reduce the use of electricity for purposes of maintaining the continuity of the Bulk Electric System.,False,False,False,Severe Weather
2021-02-14 00:00:00,20:21:00,02/18/2021,09:30:00,Arkansas: Louisiana: Texas: Oklahoma:,SERC,Severe Weather,461,125484,2021,DOE_Electric_Disturbance_Events.xlsx:2021,Public appeal to reduce the use of electricity for purposes of maintaining the continuity of the Bulk Electric System.,True,False,True,Severe Weather
2021-02-14 00:00:00,20:00:00,02/18/2021,09:28:00,North Dakota: South Dakota: Nebraska: Kansas: Oklahoma: Texas:,MRO,Severe Weather,3000,Unknown,2021,DOE_Electric_Disturbance_Events.xlsx:2021,Firm load shedding of 100 Megawatts or more implemented under emergency operational policy.,True,False,True,Severe Weather
2021-02-14 00:00:00,19:05:00,Unknown,Unknown,Missouri: Kansas:,SERC,Severe Weather,Unknown,Unknown,2021,DOE_Electric_Disturbance_Events.xlsx:2021,Public appeal to reduce the use of electricity for purposes of maintaining the continuity of the Bulk Electric System.,False,False,False,Severe Weather
2021-02-14 00:00:00,20:32:00,Unknown,Unknown,Nebraska: Lancaster County;,MRO,Severe Weather,0,0,2021,DOE_Electric_Disturbance_Events.xlsx:2021,Public appeal to reduce the use of electricity for purposes of maintaining the continuity of the Bulk Electric System.,False,False,False,Severe Weather
2021-02-14 00:00:00,18:00:00,02/16/2021,22:00:00,Missouri: Jasper County;,SERC,Severe Weather,0,0,2021,DOE_Electric_Disturbance_Events.xlsx:2021,Public appeal to reduce the use of electricity for purposes of maintaining the continuity of the Bulk Electric System.,False,False,False,Severe Weather
2021-02-15 00:00:00,01:20:00,02/18/2021,00:42:00,"Texas: Hidalgo County, Cameron County;",TRE,Severe Weather,Unknown,Unknown,2021,DOE_Electric_Disturbance_Events.xlsx:2021,Firm load shedding of 100 Megawatts or more implemented under emergency operational policy.,True,True,True,Severe Weather
2021-02-15 00:00:00,01:20:00,02/18/2021,00:02:00,Texas: Harris County;,TRE,Severe Weather,4966,1390000,2021,DOE_Electric_Disturbance_Events.xlsx:2021,Firm load shedding of 100 Megawatts or more implemented under emergency operational policy.,True,True,True,Severe Weather
2021-02-15 00:00:00,16:00:00,02/15/2021,18:34:00,Texas: Travis County;,TRE,System Operations,0,0,2021,DOE_Electric_Disturbance_Events.xlsx:2021,Complete loss of monitoring or control capability at its staffed Bulk Electric System control center for 30 continuous minutes or more.,True,True,True,System Operations
2021-02-15 00:00:00,00:00:00,Unknown,Unknown,Texas:,TRE,Severe Weather,500,Unknown,2021,DOE_Electric_Disturbance_Events.xlsx:2021,Firm load shedding of 100 Megawatts or more implemented under emergency operational policy.,True,True,True,Severe Weather
2021-02-15 00:00:00,05:36:00,Unknown,Unknown,Texas:,TRE,Severe Weather,300,Unknown,2021,DOE_Electric_Disturbance_Events.xlsx:2021,Firm load shedding of 100 Megawatts or more implemented under emergency operational policy.,True,True,True,Severe Weather
2021-02-15 00:00:00,13:00:00,02/20/2021,10:00:00,Texas:,TRE,Severe Weather,Unknown,175000,2021,DOE_Electric_Disturbance_Events.xlsx:2021,Firm load shedding of 100 Megawatts or more implemented under emergency operational policy.,True,True,True,Severe Weather
2021-02-15 00:00:00,01:54:00,02/17/2021,23:56:00,Texas:,TRE,Severe Weather,524,Unknown,2021,DOE_Electric_Disturbance_Events.xlsx:2021,Firm load shedding of 100 Megawatts or more implemented under emergency operational policy.,True,True,True,Severe Weather
2021-02-15 00:00:00,01:20:00,02/19/2021,09:00:00,Texas:,TRE,Severe Weather,7214,Unknown,2021,DOE_Electric_Disturbance_Events.xlsx:2021,Firm load shedding of 100 Megawatts or more implemented under emergency operational policy.,True,True,True,Severe Weather
2021-02-15 00:00:00,15:00:00,02/19/2021,10:00:00,Louisiana:,SERC,Severe Weather,Unknown,Unknown,2021,DOE_Electric_Disturbance_Events.xlsx:2021,Public appeal to reduce the use of electricity for purposes of maintaining the continuity of the Bulk Electric System.,False,False,False,Severe Weather
2021-02-15 00:00:00,02:51:00,02/19/2021,09:00:00,Texas: Travis County;,TRE,Severe Weather,Unknown,219306,2021,DOE_Electric_Disturbance_Events.xlsx:2021,"Loss of electric service to more than 50,000 customers for 1 hour or more.",True,True,True,Severe Weather
2021-02-15 00:00:00,01:54:00,02/19/2021,09:00:00,Texas: Travis County;,TRE,Severe Weather,724,Unknown,2021,DOE_Electric_Disturbance_Events.xlsx:2021,Firm load shedding of 100 Megawatts or more implemented under emergency operational policy.,True,True,True,Severe Weather
2021-02-15 00:00:00,03:06:00,Unknown,Unknown,Texas: Bexar County;,TRE,Severe Weather,Unknown,154000,2021,DOE_Electric_Disturbance_Events.xlsx:2021,"Loss of electric service to more than 50,000 customers for 1 hour or more.",True,True,True,Severe Weather
2021-02-15 00:00:00,05:27:00,02/18/2021,08:18:00,Texas:,TRE,Severe Weather,Unknown,Unknown,2021,DOE_Electric_Disturbance_Events.xlsx:2021,"Total generation loss, within one minute of: greater than or equal to 2,000 Megawatts in the Eastern or Western Interconnection or greater than or equal to 1,400 Megawatts in the ERCOT Interconnection.",True,True,True,Severe Weather
2021-02-15 00:00:00,01:23:00,02/19/2021,05:30:00,Texas:,TRE,Severe Weather,Unknown,Unknown,2021,DOE_Electric_Disturbance_Events.xlsx:2021,Firm load shedding of 100 Megawatts or more implemented under emergency operational policy.,True,True,True,Severe Weather
2021-02-15 00:00:00,08:50:00,02/18/2021,09:30:00,Kansas:,MRO,Severe Weather,Unknown,Unknown,2021,DOE_Electric_Disturbance_Events.xlsx:2021,Public appeal to reduce the use of electricity for purposes of maintaining the continuity of the Bulk Electric System.,False,False,False,Severe Weather
2021-02-15 00:00:00,07:00:00,02/18/2021,09:00:00,Oklahoma:,MRO,Fuel Supply Deficiency,0,0,2021,DOE_Electric_Disturbance_Events.xlsx:2021,Fuel supply emergencies that could impact electric power system adequacy or reliability.,False,False,False,Fuel Supply Deficiency
2021-02-15 00:00:00,19:48:00,02/18/2021,10:30:00,Oklahoma: Kay County;,MRO,Fuel Supply Deficiency,0,Unknown,2021,DOE_Electric_Disturbance_Events.xlsx:2021,Fuel supply emergencies that could impact electric power system adequacy or reliability.,False,False,False,Fuel Supply Deficiency
2021-02-15 00:00:00,10:24:00,02/18/2021,09:52:00,Texas: Lubbock County;,TRE,Severe Weather,116,29942,2021,DOE_Electric_Disturbance_Events.xlsx:2021,Public appeal to reduce the use of electricity for purposes of maintaining the continuity of the Bulk Electric System.,True,True,True,Severe Weather
2021-02-15 00:00:00,18:00:00,02/15/2021,23:55:00,Texas:,TRE,Severe Weather,Unknown,Unknown,2021,DOE_Electric_Disturbance_Events.xlsx:2021,Public appeal to reduce the use of electricity for purposes of maintaining the continuity of the Bulk Electric System.,True,True,True,Severe Weather
2021-02-15 00:00:00,05:40:00,02/16/2021,13:11:00,Texas:,TRE,Severe Weather,800,Unknown,2021,DOE_Electric_Disturbance_Events.xlsx:2021,Firm load shedding of 100 Megawatts or more implemented under emergency operational policy.,True,True,True,Severe Weather
2021-02-15 00:00:00,06:45:00,Unknown,Unknown,Texas: Arkansas:,TRE,Severe Weather,Unknown,Unknown,2021,DOE_Electric_Disturbance_Events.xlsx:2021,"Loss of electric service to more than 50,000 customers for 1 hour or more.",True,True,True,Severe Weather
2021-02-15 00:00:00,05:00:00,02/17/2021,16:00:00,Arkansas: Pulaski County;,SERC,Severe Weather,Unknown,Unknown,2021,DOE_Electric_Disturbance_Events.xlsx:2021,Public appeal to reduce the use of electricity for purposes of maintaining the continuity of the Bulk Electric System.,False,False,False,Severe Weather
2021-02-15 00:00:00,17:00:00,02/15/2021,22:59:00,Mississippi:,SERC,Severe Weather,Unknown,Unknown,2021,DOE_Electric_Disturbance_Events.xlsx:2021,Public appeal to reduce the use of electricity for purposes of maintaining the continuity of the Bulk Electric System.,False,False,False,Severe Weather
2021-02-15 00:00:00,07:52:00,02/17/2021,14:15:00,"Texas: Austin County, Bastrop County, Burleson County, Caldwell County, Colorado County, Fayette County, Gonzales County, Guadalupe County, Hays County, Lee County, Milam County, Travis County, Washington County, Williamson County;",TRE,Severe Weather,107,25000,2021,DOE_Electric_Disturbance_Events.xlsx:2021,Firm load shedding of 100 Megawatts or more implemented under emergency operational policy.,True,True,True,Severe Weather
2021-02-15 00:00:00,06:51:00,02/16/2021,13:19:00,Oklahoma:,MRO,Severe Weather,350,200000,2021,DOE_Electric_Disturbance_Events.xlsx:2021,Firm load shedding of 100 Megawatts or more implemented under emergency operational policy.,False,False,False,Severe Weather
2021-02-15 00:00:00,18:00:00,02/15/2021,23:59:00,Louisiana:,SERC,System Operations,Unknown,Unknown,2021,DOE_Electric_Disturbance_Events.xlsx:2021,Public appeal to reduce the use of electricity for purposes of maintaining the continuity of the Bulk Electric System.,False,False,False,System Operations
2021-02-15 00:00:00,18:00:00,02/15/2021,23:59:00,Texas:,TRE,Severe Weather,Unknown,Unknown,2021,DOE_Electric_Disturbance_Events.xlsx:2021,Public appeal to reduce the use of electricity for purposes of maintaining the continuity of the Bulk Electric System.,True,True,True,Severe Weather
2021-02-15 00:00:00,14:00:00,02/15/2021,18:00:00,Louisiana:,SERC,Fuel Supply Deficiency,Unknown,Unknown,2021,DOE_Electric_Disturbance_Events.xlsx:2021,Fuel supply emergencies that could impact electric power system adequacy or reliability.,False,False,False,Fuel Supply Deficiency
2021-02-15 00:00:00,01:20:00,Unknown,Unknown,Texas:,TRE,Severe Weather,360,72000,2021,DOE_Electric_Disturbance_Events.xlsx:2021,"Loss of electric service to more than 50,000 customers for 1 hour or more.",True,True,True,Severe Weather
2021-02-15 00:00:00,12:18:00,02/15/2021,13:22:00,Missouri: Kansas:,SERC,Severe Weather,Unknown,Unknown,2021,DOE_Electric_Disturbance_Events.xlsx:2021,Firm load shedding of 100 Megawatts or more implemented under emergency operational policy.,False,False,False,Severe Weather
2021-02-15 00:00:00,10:00:00,Unknown,Unknown,Nebraska: Lancaster County;,MRO,Fuel Supply Deficiency,613,Unknown,2021,DOE_Electric_Disturbance_Events.xlsx:2021,Fuel supply emergencies that could impact electric power system adequacy or reliability.,False,False,False,Fuel Supply Deficiency
2021-02-15 00:00:00,09:10:00,Unknown,Unknown,Texas: Randall County;,TRE,Severe Weather,0,0,2021,DOE_Electric_Disturbance_Events.xlsx:2021,Public appeal to reduce the use of electricity for purposes of maintaining the continuity of the Bulk Electric System.,True,True,True,Severe Weather
2021-02-15 00:00:00,05:36:00,Unknown,Unknown,Texas:,TRE,Severe Weather,300,Unknown,2021,DOE_Electric_Disturbance_Events.xlsx:2021,Firm load shedding of 100 Megawatts or more implemented under emergency operational policy.,True,True,True,Severe Weather
2021-02-15 00:00:00,00:00:00,Unknown,Unknown,Texas:,TRE,Severe Weather,500,Unknown,2021,DOE_Electric_Disturbance_Events.xlsx:2021,Firm load shedding of 100 Megawatts or more implemented under emergency operational policy.,True,True,True,Severe Weather
2021-02-16 00:00:00,07:03:00,02/20/2021,22:00:00,Kansas: Missouri:,MRO,Severe Weather,Unknown,222000,2021,DOE_Electric_Disturbance_Events.xlsx:2021,Firm load shedding of 100 Megawatts or more implemented under emergency operational policy.,False,False,False,Severe Weather
2021-02-16 00:00:00,18:19:00,Unknown,Unknown,Arkansas:,SERC,Transmission Interruption,Unknown,Unknown,2021,DOE_Electric_Disturbance_Events.xlsx:2021,"Unexpected Transmission loss within its area, contrary to design, of three or more Bulk Electric System Facilities caused by a common disturbance (excluding successful automatic reclosing).",False,False,False,Transmission Interruption
2021-02-16 00:00:00,17:45:00,02/16/2021,19:15:00,Texas: Travis County;,TRE,System Operations,0,0,2021,DOE_Electric_Disturbance_Events.xlsx:2021,Unplanned evacuation from its Bulk Electric System control center facility for 30 continuous minutes or more.,True,True,True,System Operations
2021-02-16 00:00:00,06:48:00,Unknown,Unknown,Louisiana:,SERC,Severe Weather,360,Unknown,2021,DOE_Electric_Disturbance_Events.xlsx:2021,Firm load shedding of 100 Megawatts or more implemented under emergency operational policy.,False,False,False,Severe Weather
2021-02-16 00:00:00,18:35:00,02/17/2021,01:00:00,Texas:,TRE,Fuel Supply Deficiency,Unknown,Unknown,2021,DOE_Electric_Disturbance_Events.xlsx:2021,Public appeal to reduce the use of electricity for purposes of maintaining the continuity of the Bulk Electric System.,True,True,True,Fuel Supply Deficiency
2021-02-16 00:00:00,23:28:00,Unknown,Unknown,Texas:,TRE,System Operations,0,0,2021,DOE_Electric_Disturbance_Events.xlsx:2021,Unplanned evacuation from its Bulk Electric System control center facility for 30 continuous minutes or more.,True,True,True,System Operations
2021-02-16 00:00:00,16:40:00,02/20/2021,00:00:00,Missouri:,SERC,Severe Weather,Unknown,Unknown,2021,DOE_Electric_Disturbance_Events.xlsx:2021,Public appeal to reduce the use of electricity for purposes of maintaining the continuity of the Bulk Electric System.,False,False,False,Severe Weather
2021-02-16 00:00:00,17:35:00,02/17/2021,00:00:00,Mississippi:,SERC,Severe Weather,Unknown,Unknown,2021,DOE_Electric_Disturbance_Events.xlsx:2021,Public appeal to reduce the use of electricity for purposes of maintaining the continuity of the Bulk Electric System.,False,False,False,Severe Weather
2021-02-16 00:00:00,07:20:00,02/16/2021,10:02:00,"Nebraska: Douglas County, Burt County, Washington County, Dodge County, Colfax County, Saunders County, Sarpy County, Cass County, Otoe County, Johnson County, Nemaha County, Pawnee County, Richardson County;",MRO,Severe Weather,126,81100,2021,DOE_Electric_Disturbance_Events.xlsx:2021,Firm load shedding of 100 Megawatts or more implemented under emergency operational policy.,False,False,False,Severe Weather
2021-02-16 00:00:00,05:30:00,02/16/2021,14:00:00,Louisiana: Texas: Illinois:,SERC,Severe Weather,1420,Unknown,2021,DOE_Electric_Disturbance_Events.xlsx:2021,Firm load shedding of 100 Megawatts or more implemented under emergency operational policy.,True,False,True,Severe Weather
2021-02-16 00:00:00,19:43:00,02/16/2021,21:41:00,Louisiana: Arkansas: Texas: Mississippi:,SERC,Severe Weather,700,Unknown,2021,DOE_Electric_Disturbance_Events.xlsx:2021,Firm load shedding of 100 Megawatts or more implemented under emergency operational policy.,True,False,True,Severe Weather
2021-02-16 00:00:00,19:40:00,02/17/2021,01:00:00,Texas:,TRE,Severe Weather,538,Unknown,2021,DOE_Electric_Disturbance_Events.xlsx:2021,Firm load shedding of 100 Megawatts or more implemented under emergency operational policy.,True,True,True,Severe Weather
2021-02-16 00:00:00,07:17:00,02/16/2021,10:08:00,Texas:,TRE,Severe Weather,168,840000,2021,DOE_Electric_Disturbance_Events.xlsx:2021,Public appeal to reduce the use of electricity for purposes of maintaining the continuity of the Bulk Electric System.,True,True,True,Severe Weather
2021-02-16 00:00:00,18:35:00,02/17/2021,01:00:00,Louisiana:,SERC,System Operations,Unknown,Unknown,2021,DOE_Electric_Disturbance_Events.xlsx:2021,Public appeal to reduce the use of electricity for purposes of maintaining the continuity of the Bulk Electric System.,False,False,False,System Operations
2021-02-16 00:00:00,10:20:00,02/16/2021,13:20:00,Oregon: Multnomah County;,WECC,System Operations,0,0,2021,DOE_Electric_Disturbance_Events.xlsx:2021,Unplanned evacuation from its Bulk Electric System control center facility for 30 continuous minutes or more.,False,False,False,System Operations
2021-02-16 00:00:00,09:31:00,02/16/2021,10:27:00,Nebraska: Custer County;,MRO,Transmission Interruption,31,Unknown,2021,DOE_Electric_Disturbance_Events.xlsx:2021,"Unexpected Transmission loss within its area, contrary to design, of three or more Bulk Electric System Facilities caused by a common disturbance (excluding successful automatic reclosing).",False,False,False,Transmission Interruption
2021-02-16 00:00:00,17:35:00,02/17/2021,00:00:00,Louisiana: Lafayette Parish;,SERC,Severe Weather,Unknown,Unknown,2021,DOE_Electric_Disturbance_Events.xlsx:2021,Public appeal to reduce the use of electricity for purposes of maintaining the continuity of the Bulk Electric System.,False,False,False,Severe Weather
2021-02-16 00:00:00,06:24:00,02/16/2021,10:41:00,Louisiana:,SERC,System Operations,100,18150,2021,DOE_Electric_Disturbance_Events.xlsx:2021,Firm load shedding of 100 Megawatts or more implemented under emergency operational policy.,False,False,False,System Operations
2021-02-16 00:00:00,01:00:00,02/16/2021,21:28:00,Kentucky:,SERC,Severe Weather,Unknown,54167,2021,DOE_Electric_Disturbance_Events.xlsx:2021,"Loss of electric service to more than 50,000 customers for 1 hour or more.",False,False,False,Severe Weather
2021-02-16 00:00:00,06:10:00,Unknown,Unknown,Missouri:,SERC,Severe Weather/Transmission Interruption,130,Unknown,2021,DOE_Electric_Disturbance_Events.xlsx:2021,Firm load shedding of 100 Megawatts or more implemented under emergency operational policy.,False,False,False,Severe Weather/Transmission Interruption
2021-02-16 00:00:00,07:00:00,Unknown,Unknown,New Jersey: Pennsylvania: Texas: California: Illinois: Colorado:,RF,Cyber Event,Unknown,0,2021,DOE_Electric_Disturbance_Events.xlsx:2021,Cyber event that could potentially impact electric power system adequacy or reliability.,True,False,True,Cyber Event
2021-02-16 00:00:00,07:22:00,02/16/2021,08:00:00,"Louisiana: Allen Parish, St. Landry Parish, Evangeline Parish;",SERC,Severe Weather,153,Unknown,2021,DOE_Electric_Disturbance_Events.xlsx:2021,Firm load shedding of 100 Megawatts or more implemented under emergency operational policy.,False,False,False,Severe Weather
2021-02-16 00:00:00,06:48:00,Unknown,Unknown,Louisiana: Texas:,SERC,Severe Weather,402,Unknown,2021,DOE_Electric_Disturbance_Events.xlsx:2021,Firm load shedding of 100 Megawatts or more implemented under emergency operational policy.,True,False,True,Severe Weather
2021-02-16 00:00:00,04:26:00,Unknown,Unknown,Texas:,TRE,Severe Weather,300,Unknown,2021,DOE_Electric_Disturbance_Events.xlsx:2021,Firm load shedding of 100 Megawatts or more implemented under emergency operational policy.,True,True,True,Severe Weather
2021-02-17 00:00:00,18:00:00,02/17/2021,23:00:00,Louisiana:,SERC,System Operations,Unknown,Unknown,2021,DOE_Electric_Disturbance_Events.xlsx:2021,Public appeal to reduce the use of electricity for purposes of maintaining the continuity of the Bulk Electric System.,False,False,False,System Operations
2021-02-17 00:00:00,18:00:00,02/17/2021,23:00:00,Texas:,TRE,Severe Weather,Unknown,Unknown,2021,DOE_Electric_Disturbance_Events.xlsx:2021,Public appeal to reduce the use of electricity for purposes of maintaining the continuity of the Bulk Electric System.,True,True,True,Severe Weather
2021-02-17 00:00:00,09:00:00,02/19/2021,09:00:00,Kansas:,MRO,Fuel Supply Deficiency,Unknown,Unknown,2021,DOE_Electric_Disturbance_Events.xlsx:2021,Fuel supply emergencies that could impact electric power system adequacy or reliability.,False,False,False,Fuel Supply Deficiency
2021-02-17 00:00:00,17:00:00,02/17/2021,22:00:00,Mississippi:,SERC,Severe Weather,Unknown,Unknown,2021,DOE_Electric_Disturbance_Events.xlsx:2021,Public appeal to reduce the use of electricity for purposes of maintaining the continuity of the Bulk Electric System.,False,False,False,Severe Weather
2021-02-17 00:00:00,10:30:00,02/17/2021,18:04:00,North Carolina:,SERC,Transmission Interruption,0,0,2021,DOE_Electric_Disturbance_Events.xlsx:2021,"Unexpected Transmission loss within its area, contrary to design, of three or more Bulk Electric System Facilities caused by a common disturbance (excluding successful automatic reclosing).",False,False,False,Transmission Interruption
2021-02-17 00:00:00,17:00:00,02/17/2021,22:00:00,Louisiana: Lafayette Parish;,SERC,Severe Weather,400,67000,2021,DOE_Electric_Disturbance_Events.xlsx:2021,Public appeal to reduce the use of electricity for purposes of maintaining the continuity of the Bulk Electric System.,False,False,False,Severe Weather
2021-02-17 00:00:00,06:38:00,02/17/2021,08:37:00,Texas: Travis County;,TRE,System Operations,0,0,2021,DOE_Electric_Disturbance_Events.xlsx:2021,Complete loss of monitoring or control capability at its staffed Bulk Electric System control center for 30 continuous minutes or more.,True,True,True,System Operations
2021-02-19 00:00:00,06:48:00,Unknown,Unknown,Louisiana: Texas:,SERC,Severe Weather,402,Unknown,2021,DOE_Electric_Disturbance_Events.xlsx:2021,Firm load shedding of 100 Megawatts or more implemented under emergency operational policy.,True,False,True,Severe Weather
2021-02-19 00:00:00,21:00:00,02/20/2021,13:00:00,Texas:,TRE,Cyber Event,Unknown,0,2021,DOE_Electric_Disturbance_Events.xlsx:2021,Cyber event that causes interruptions of electrical system operations.,True,True,True,Cyber Event
2021-02-19 00:00:00,12:01:00,02/19/2021,12:41:00,New York: Broome County;,NPCC,System Operations,0,0,2021,DOE_Electric_Disturbance_Events.xlsx:2021,Complete loss of monitoring or control capability at its staffed Bulk Electric System control center for 30 continuous minutes or more.,False,False,False,System Operations
2021-02-27 00:00:00,06:02:00,02/27/2021,09:51:00,"Oregon: Multnomah County, Clackamas County;",WECC,System Operations,Unknown,0,2021,DOE_Electric_Disturbance_Events.xlsx:2021,Unplanned evacuation from its Bulk Electric System control center facility for 30 continuous minutes or more.,False,False,False,System Operations
2021-02-28 00:00:00,12:42:00,02/28/2021,13:22:00,Texas:,TRE,System Operations,0,0,2021,DOE_Electric_Disturbance_Events.xlsx:2021,Complete loss of monitoring or control capability at its staffed Bulk Electric System control center for 30 continuous minutes or more.,True,True,True,System Operations
2021-03-01 00:00:00,10:06:00,03/09/2021,12:00:00,New York: Greene County;,NPCC,Cyber Event,0,0,2021,DOE_Electric_Disturbance_Events.xlsx:2021,Cyber event that could potentially impact electric power system adequacy or reliability.,False,False,False,Cyber Event
2021-03-01 00:00:00,22:45:00,03/02/2021,18:35:00,Connecticut: Massachusetts: New Hampshire: Maine: Rhode Island: Vermont:,NPCC,Severe Weather,Unknown,69260,2021,DOE_Electric_Disturbance_Events.xlsx:2021,"Loss of electric service to more than 50,000 customers for 1 hour or more.",False,False,False,Severe Weather
2021-03-01 00:00:00,13:06:00,03/01/2021,13:07:00,Texas: Nueces County;,TRE,Vandalism,0,0,2021,DOE_Electric_Disturbance_Events.xlsx:2021,Damage or destruction of its Facility that results from actual or suspected intentional human action.,True,True,True,Vandalism
2021-03-02 00:00:00,13:03:00,03/02/2021,13:38:00,Kentucky:,SERC,System Operations,0,0,2021,DOE_Electric_Disturbance_Events.xlsx:2021,Complete loss of monitoring or control capability at its staffed Bulk Electric System control center for 30 continuous minutes or more.,False,False,False,System Operations
2021-03-05 00:00:00,14:30:00,03/05/2021,15:00:00,Indiana: Hamilton County;,RF,System Operations,0,0,2021,DOE_Electric_Disturbance_Events.xlsx:2021,Complete loss of monitoring or control capability at its staffed Bulk Electric System control center for 30 continuous minutes or more.,False,False,False,System Operations
2021-03-06 00:00:00,03:21:00,03/06/2021,04:07:00,California: Tuolumne County;,WECC,Severe Weather,22,24000,2021,DOE_Electric_Disturbance_Events.xlsx:2021,Electrical System Separation (Islanding) where part or parts of power grid remain(s) operational in an otherwise blacked out area or within the partial failure of an integrated electrical system.,False,False,False,Severe Weather
2021-03-08 00:00:00,04:36:00,03/08/2021,04:37:00,Washington: Yakima County;,WECC,Vandalism,0,0,2021,DOE_Electric_Disturbance_Events.xlsx:2021,Damage or destruction of its Facility that results from actual or suspected intentional human action.,False,False,False,Vandalism
2021-03-08 00:00:00,08:54:00,03/08/2021,08:55:00,Oregon: Multnomah County;,WECC,Suspicious Activity,0,0,2021,DOE_Electric_Disturbance_Events.xlsx:2021,"Physical threat to its Facility excluding weather or natural disaster related threats, which has the potential to degrade the normal operation of the Facility. Or suspicious device or activity at its Facility.",False,False,False,Suspicious Activity
2021-03-11 00:00:00,08:10:00,03/11/2021,13:00:00,Washington:,WECC,Vandalism,0,0,2021,DOE_Electric_Disturbance_Events.xlsx:2021,Damage or destruction of its Facility that results from actual or suspected intentional human action.,False,False,False,Vandalism
2021-03-17 00:00:00,06:27:00,03/17/2021,08:27:00,Pennsylvania:,RF,Transmission Interruption,43,7381,2021,DOE_Electric_Disturbance_Events.xlsx:2021,"Unexpected Transmission loss within its area, contrary to design, of three or more Bulk Electric System Facilities caused by a common disturbance (excluding successful automatic reclosing).",False,False,False,Transmission Interruption
2021-03-17 00:00:00,06:15:00,03/18/2021,12:00:00,"Texas: Dallas County, Tarrant County;",TRE,Severe Weather,Unknown,148000,2021,DOE_Electric_Disturbance_Events.xlsx:2021,"Loss of electric service to more than 50,000 customers for 1 hour or more.",True,True,True,Severe Weather
2021-03-18 00:00:00,21:08:00,03/19/2021,22:31:00,Washington: Okanogan County;,WECC,Vandalism,4,916,2021,DOE_Electric_Disturbance_Events.xlsx:2021,Damage or destruction of its Facility that results from actual or suspected intentional human action.,False,False,False,Vandalism
2021-03-19 00:00:00,10:30:00,03/19/2021,12:00:00,Louisiana: Lafourche Parish;,SERC,Vandalism,Unknown,4200,2021,DOE_Electric_Disturbance_Events.xlsx:2021,Damage or destruction of its Facility that results from actual or suspected intentional human action.,False,False,False,Vandalism
2021-03-19 00:00:00,19:11:00,03/19/2021,19:59:00,New Jersey:,RF,System Operations,Unknown,Unknown,2021,DOE_Electric_Disturbance_Events.xlsx:2021,Complete loss of monitoring or control capability at its staffed Bulk Electric System control center for 30 continuous minutes or more.,False,False,False,System Operations
2021-03-19 00:00:00,08:59:00,03/19/2021,10:04:00,Maine:,NPCC,System Operations,0,0,2021,DOE_Electric_Disturbance_Events.xlsx:2021,Complete loss of monitoring or control capability at its staffed Bulk Electric System control center for 30 continuous minutes or more.,False,False,False,System Operations
2021-03-21 00:00:00,04:01:00,03/22/2021,09:37:00,Minnesota: Hennepin County;,MRO,Suspicious Activity,0,0,2021,DOE_Electric_Disturbance_Events.xlsx:2021,"Physical threat to its Facility excluding weather or natural disaster related threats, which has the potential to degrade the normal operation of the Facility. Or suspicious device or activity at its Facility.",False,False,False,Suspicious Activity
2021-03-29 00:00:00,11:06:00,Unknown,Unknown,Connecticut: Massachusetts: Maine: Vermont: Rhode Island: New Hampshire:,NPCC,Severe Weather,Unknown,70000,2021,DOE_Electric_Disturbance_Events.xlsx:2021,"Loss of electric service to more than 50,000 customers for 1 hour or more.",False,False,False,Severe Weather
2021-03-29 00:00:00,10:30:00,Unknown,Unknown,New Mexico:,WECC,Vandalism,Unknown,0,2021,DOE_Electric_Disturbance_Events.xlsx:2021,Damage or destruction of its Facility that results from actual or suspected intentional human action.,False,False,False,Vandalism
2021-03-30 00:00:00,16:18:00,03/30/2021,20:21:00,Texas: Hidalgo County;,TRE,Transmission Interruption,0,0,2021,DOE_Electric_Disturbance_Events.xlsx:2021,"Unexpected Transmission loss within its area, contrary to design, of three or more Bulk Electric System Facilities caused by a common disturbance (excluding successful automatic reclosing).",True,True,True,Transmission Interruption
2021-04-06 00:00:00,08:49:00,04/06/2021,08:50:00,Florida: Alachua County;,SERC,Vandalism,0,0,2021,DOE_Electric_Disturbance_Events.xlsx:2021,Physical attack that could potentially impact electric power system adequacy or reliability; or vandalism which targets components of any security systems.,False,False,False,Vandalism
2021-04-07 00:00:00,17:42:00,04/07/2021,22:09:00,Ohio: Lake County;,RF,Suspicious Activity,0,0,2021,DOE_Electric_Disturbance_Events.xlsx:2021,"Physical threat to its Facility excluding weather or natural disaster related threats, which has the potential to degrade the normal operation of the Facility. Or suspicious device or activity at its Facility.",False,False,False,Suspicious Activity
2021-04-07 00:00:00,10:18:00,04/07/2021,11:20:00,Texas:,TRE,System Operations,0,0,2021,DOE_Electric_Disturbance_Events.xlsx:2021,Complete loss of monitoring or control capability at its staffed Bulk Electric System control center for 30 continuous minutes or more.,True,True,True,System Operations
2021-04-08 00:00:00,04:51:00,04/10/2021,20:00:00,California:,WECC,Suspicious Activity,0,0,2021,DOE_Electric_Disturbance_Events.xlsx:2021,"Physical threat to its Facility excluding weather or natural disaster related threats, which has the potential to degrade the normal operation of the Facility. Or suspicious device or activity at its Facility.",False,False,False,Suspicious Activity
2021-04-09 00:00:00,13:20:00,04/10/2021,00:40:00,Texas: Denton County;,TRE,Vandalism,0,0,2021,DOE_Electric_Disturbance_Events.xlsx:2021,Damage or destruction of its Facility that results from actual or suspected intentional human action.,True,True,True,Vandalism
2021-04-12 00:00:00,00:44:00,04/12/2021,17:45:00,Colorado: Larimer County;,WECC,Actual Physical Attack,0,0,2021,DOE_Electric_Disturbance_Events.xlsx:2021,Damage or destruction of its Facility that results from actual or suspected intentional human action.,False,False,False,Actual Physical Attack
2021-04-13 00:00:00,09:00:00,04/13/2021,10:00:00,Texas: Cameron County;,TRE,Suspicious Activity,0,0,2021,DOE_Electric_Disturbance_Events.xlsx:2021,"Physical threat to its Facility excluding weather or natural disaster related threats, which has the potential to degrade the normal operation of the Facility. Or suspicious device or activity at its Facility.",True,True,True,Suspicious Activity
2021-04-13 00:00:00,16:49:00,04/13/2021,20:30:00,Texas:,TRE,Severe Weather,0,0,2021,DOE_Electric_Disturbance_Events.xlsx:2021,Public appeal to reduce the use of electricity for purposes of maintaining the continuity of the Bulk Electric System.,True,True,True,Severe Weather
2021-04-13 00:00:00,00:37:00,04/13/2021,04:19:00,Wisconsin: Eau Claire County;,MRO,System Operations,0,0,2021,DOE_Electric_Disturbance_Events.xlsx:2021,Complete loss of monitoring or control capability at its staffed Bulk Electric System control center for 30 continuous minutes or more.,False,False,False,System Operations
2021-04-14 00:00:00,10:19:00,04/14/2021,11:39:00,District of Columbia: Delaware: Maryland: New Jersey: Pennsylvania:,RF,System Operations,0,0,2021,DOE_Electric_Disturbance_Events.xlsx:2021,Complete loss of monitoring or control capability at its staffed Bulk Electric System control center for 30 continuous minutes or more.,False,False,False,System Operations
2021-04-21 00:00:00,20:31:00,04/21/2021,21:35:00,Minnesota: Dakota County;,MRO,Transmission Interruption,0,0,2021,DOE_Electric_Disturbance_Events.xlsx:2021,"Unexpected Transmission loss within its area, contrary to design, of three or more Bulk Electric System Facilities caused by a common disturbance (excluding successful automatic reclosing).",False,False,False,Transmission Interruption
2021-04-21 00:00:00,13:13:00,04/21/2021,14:10:00,Texas: Travis County;,TRE,System Operations,0,0,2021,DOE_Electric_Disturbance_Events.xlsx:2021,Complete loss of monitoring or control capability at its staffed Bulk Electric System control center for 30 continuous minutes or more.,True,True,True,System Operations
2021-04-22 00:00:00,16:43:00,04/22/2021,17:14:00,Wisconsin: Dane County;,MRO,System Operations,0,0,2021,DOE_Electric_Disturbance_Events.xlsx:2021,Complete loss of monitoring or control capability at its staffed Bulk Electric System control center for 30 continuous minutes or more.,False,False,False,System Operations
2021-04-22 00:00:00,05:15:00,Unknown,Unknown,California:,WECC,Fuel Supply Deficiency,0,0,2021,DOE_Electric_Disturbance_Events.xlsx:2021,Fuel supply emergencies that could impact electric power system adequacy or reliability.,False,False,False,Fuel Supply Deficiency
2021-04-24 00:00:00,22:08:00,04/24/2021,23:41:00,Texas: Cameron County;,TRE,Suspicious Activity,0,0,2021,DOE_Electric_Disturbance_Events.xlsx:2021,"Physical threat to its Facility excluding weather or natural disaster related threats, which has the potential to degrade the normal operation of the Facility. Or suspicious device or activity at its Facility.",True,True,True,Suspicious Activity
2021-04-24 00:00:00,21:00:00,04/25/2021,10:43:00,Alabama: Calhoun County; Georgia:,SERC,Severe Weather,137,18860,2021,DOE_Electric_Disturbance_Events.xlsx:2021,"Loss of electric service to more than 50,000 customers for 1 hour or more.",False,False,False,Severe Weather
2021-04-25 00:00:00,08:20:00,Unknown,Unknown,Tennessee: Davidson County;,SERC,Vandalism,0,0,2021,DOE_Electric_Disturbance_Events.xlsx:2021,Damage or destruction of its Facility that results from actual or suspected intentional human action.,False,False,False,Vandalism
2021-04-26 00:00:00,11:18:00,04/26/2021,13:00:00,Maine: Kennebec County;,NPCC,System Operations,0,0,2021,DOE_Electric_Disturbance_Events.xlsx:2021,Complete loss of monitoring or control capability at its staffed Bulk Electric System control center for 30 continuous minutes or more.,False,False,False,System Operations
2021-05-02 00:00:00,19:58:00,05/02/2021,20:22:00,New Hampshire: Hillsborough County;,NPCC,System Operations,0,0,2021,DOE_Electric_Disturbance_Events.xlsx:2021,Unplanned evacuation from its Bulk Electric System control center facility for 30 continuous minutes or more. ,False,False,False,System Operations
2021-05-03 00:00:00,11:21:00,05/03/2021,11:53:00,Oklahoma: Oklahoma County;,MRO,System Operations,0,0,2021,DOE_Electric_Disturbance_Events.xlsx:2021,"Complete loss of monitoring or control capability at its staffed Bulk Electric System control center for 30 
                continuous minutes or more.",False,False,False,System Operations
2021-05-03 00:00:00,07:52:00,05/03/2021,07:53:00,South Carolina: Cherokee County;,SERC,Suspicious Activity,0,0,2021,DOE_Electric_Disturbance_Events.xlsx:2021,"Physical threat to its Facility excluding weather or natural disaster related threats, which has the potential to degrade the normal operation of the Facility. Or suspicious device or activity at its Facility.",False,False,False,Suspicious Activity
2021-05-04 00:00:00,15:45:00,05/05/2021,10:00:00,Arkansas:,SERC,Severe Weather,Unknown,104027,2021,DOE_Electric_Disturbance_Events.xlsx:2021,"Loss of electric service to more than 50,000 customers for 1 hour or more.",False,False,False,Severe Weather
2021-05-04 00:00:00,18:06:00,05/05/2021,17:48:00,Mississippi: Alabama: Georgia:,SERC,Severe Weather,175,24457,2021,DOE_Electric_Disturbance_Events.xlsx:2021,"Loss of electric service to more than 50,000 customers for 1 hour or more.",False,False,False,Severe Weather
2021-05-05 00:00:00,11:50:00,05/08/2021,11:50:00,Michigan: Huron County;,RF,Vandalism,0,0,2021,DOE_Electric_Disturbance_Events.xlsx:2021,Physical attack that could potentially impact electric power system adequacy or reliability; or vandalism which targets components of any security systems.,False,False,False,Vandalism
2021-05-06 00:00:00,17:00:00,05/06/2021,17:15:00,Missouri: Jasper County;,SERC,System Operations,0,0,2021,DOE_Electric_Disturbance_Events.xlsx:2021,Public appeal to reduce the use of electricity for purposes of maintaining the continuity of the Bulk Electric System.,False,False,False,System Operations
2021-05-10 00:00:00,02:28:00,05/10/2021,03:21:00,Pennsylvania:,RF,System Operations,0,0,2021,DOE_Electric_Disturbance_Events.xlsx:2021,"Complete loss of monitoring or control capability at its staffed Bulk Electric System control center for 30 
                continuous minutes or more.",False,False,False,System Operations
2021-05-10 00:00:00,12:17:00,05/10/2021,12:54:00,"Indiana: Vanderburgh County, Warrick County, Posey County, Daviess County, Gibson County, Knox County, Spencer County;",RF,System Operations,0,0,2021,DOE_Electric_Disturbance_Events.xlsx:2021,"Complete loss of monitoring or control capability at its staffed Bulk Electric System control center for 30 
                continuous minutes or more.",False,False,False,System Operations
2021-05-11 00:00:00,23:01:00,05/12/2021,08:29:00,Texas: Kinney County;,TRE,Vandalism,0,0,2021,DOE_Electric_Disturbance_Events.xlsx:2021,Physical attack that could potentially impact electric power system adequacy or reliability; or vandalism which targets components of any security systems.,True,True,True,Vandalism
2021-05-11 00:00:00,09:32:00,05/11/2021,10:38:00,Wisconsin: Iowa:,MRO,System Operations,0,0,2021,DOE_Electric_Disturbance_Events.xlsx:2021,"Complete loss of monitoring or control capability at its staffed Bulk Electric System control center for 30 
                continuous minutes or more.",False,False,False,System Operations
2021-05-14 00:00:00,22:00:00,05/17/2021,06:00:00,Idaho:,WECC,Vandalism,0,0,2021,DOE_Electric_Disturbance_Events.xlsx:2021,Damage or destruction of its Facility that results from actual or suspected intentional human action.,False,False,False,Vandalism
2021-05-14 00:00:00,08:30:00,05/14/2021,16:00:00,Pennsylvania: Montgomery County;,RF,Suspicious Activity,0,0,2021,DOE_Electric_Disturbance_Events.xlsx:2021,"Physical threat to its Facility excluding weather or natural disaster related threats, which has the potential to degrade the normal operation of the Facility. Or suspicious device or activity at its Facility.",False,False,False,Suspicious Activity
2021-05-18 00:00:00,23:25:00,05/19/2021,20:30:00,Texas: Harris County;,TRE,Severe Weather,Unknown,125000,2021,DOE_Electric_Disturbance_Events.xlsx:2021,"Loss of electric service to more than 50,000 customers for 1 hour or more.",True,True,True,Severe Weather
2021-05-18 00:00:00,12:15:00,05/18/2021,20:18:00,Delaware: New Castle County;,RF,Vandalism,0,0,2021,DOE_Electric_Disturbance_Events.xlsx:2021,Damage or destruction of its Facility that results from actual or suspected intentional human action.,False,False,False,Vandalism
2021-05-20 00:00:00,10:06:00,05/20/2021,13:45:00,Florida: Brevard County;,SERC,Transmission Interruption,0,35000,2021,DOE_Electric_Disturbance_Events.xlsx:2021,"Unexpected Transmission loss within its area, contrary to design, of three or more Bulk Electric System Facilities caused by a common disturbance (excluding successful automatic reclosing).",False,False,False,Transmission Interruption
2021-05-20 00:00:00,07:25:00,05/20/2021,07:26:00,California: Imperial County;,WECC,Vandalism,0,0,2021,DOE_Electric_Disturbance_Events.xlsx:2021,Physical attack that could potentially impact electric power system adequacy or reliability; or vandalism which targets components of any security systems.,False,False,False,Vandalism
2021-05-24 00:00:00,13:14:00,05/24/2021,13:15:00,Utah: San Juan County;,WECC,Vandalism,0,0,2021,DOE_Electric_Disturbance_Events.xlsx:2021,Physical attack that could potentially impact electric power system adequacy or reliability; or vandalism which targets components of any security systems.,False,False,False,Vandalism
2021-05-25 00:00:00,12:56:00,05/25/2021,13:41:00,Ohio:,RF,System Operations,0,0,2021,DOE_Electric_Disturbance_Events.xlsx:2021,Unplanned evacuation from its Bulk Electric System control center facility for 30 continuous minutes or more. ,False,False,False,System Operations
2021-05-27 00:00:00,18:51:00,05/28/2021,15:56:00,California: Nevada:,WECC,Transmission Interruption,0,0,2021,DOE_Electric_Disturbance_Events.xlsx:2021,"Unexpected Transmission loss within its area, contrary to design, of three or more Bulk Electric System Facilities caused by a common disturbance (excluding successful automatic reclosing).",False,False,False,Transmission Interruption
2021-05-27 00:00:00,00:05:00,05/27/2021,00:45:00,Oregon: Multnomah County;,WECC,System Operations,0,0,2021,DOE_Electric_Disturbance_Events.xlsx:2021,Unplanned evacuation from its Bulk Electric System control center facility for 30 continuous minutes or more. ,False,False,False,System Operations
2021-05-28 00:00:00,21:24:00,05/28/2021,21:25:00,Florida: Duval County;,SERC,Transmission Interruption,1850,10000,2021,DOE_Electric_Disturbance_Events.xlsx:2021,"Unexpected Transmission loss within its area, contrary to design, of three or more Bulk Electric System Facilities caused by a common disturbance (excluding successful automatic reclosing).",False,False,False,Transmission Interruption
2021-05-28 00:00:00,20:00:00,05/28/2021,21:29:00,California: Riverside County;,WECC,Actual Physical Attack,0,655,2021,DOE_Electric_Disturbance_Events.xlsx:2021,"Physical threat to its Facility excluding weather or natural disaster related threats, which has the potential to degrade the normal operation of the Facility. Or suspicious device or activity at its Facility.",False,False,False,Actual Physical Attack
2021-05-28 00:00:00,22:13:00,05/28/2021,23:34:00,Minnesota: St. Louis County;,MRO,System Operations,0,0,2021,DOE_Electric_Disturbance_Events.xlsx:2021,Unplanned evacuation from its Bulk Electric System control center facility for 30 continuous minutes or more. ,False,False,False,System Operations
2021-06-06 00:00:00,14:57:00,06/06/2021,16:00:00,Indiana: Clay County;,RF,Transmission Interruption,Unknown,0,2021,DOE_Electric_Disturbance_Events.xlsx:2021,"Unexpected Transmission loss within its area, contrary to design, of three or more Bulk Electric System Facilities caused by a common disturbance (excluding successful automatic reclosing).",False,False,False,Transmission Interruption
2021-06-07 00:00:00,22:27:00,06/08/2021,00:33:00,Minnesota: North Dakota:,MRO,Severe Weather/Transmission Interruption,23,1,2021,DOE_Electric_Disturbance_Events.xlsx:2021,"Unexpected Transmission loss within its area, contrary to design, of three or more Bulk Electric System Facilities caused by a common disturbance (excluding successful automatic reclosing).",False,False,False,Severe Weather/Transmission Interruption
2021-06-07 00:00:00,13:26:00,06/07/2021,13:27:00,"Texas: Somervell County, Ellis County;",TRE,Generation Inadequacy,1435,0,2021,DOE_Electric_Disturbance_Events.xlsx:2021,"Total generation loss, within one minute of: greater than or equal to 2,000 Megawatts in the Eastern or Western Interconnection or greater than or equal to 1,400 Megawatts in the ERCOT Interconnection.",True,True,True,Generation Inadequacy
2021-06-07 00:00:00,15:19:00,06/07/2021,18:22:00,New Mexico: San Juan County;,WECC,System Operations,0,0,2021,DOE_Electric_Disturbance_Events.xlsx:2021,Complete loss of monitoring or control capability at its staffed Bulk Electric System control center for 30 continuous minutes or more.,False,False,False,System Operations
2021-06-08 00:00:00,15:00:00,06/08/2021,15:01:00,Texas: Liberty County;,TRE,Vandalism,0,0,2021,DOE_Electric_Disturbance_Events.xlsx:2021,Damage or destruction of its Facility that results from actual or suspected intentional human action.,True,True,True,Vandalism
2021-06-09 00:00:00,19:09:00,06/09/2021,20:50:00,New Mexico: San Juan County;,WECC,System Operations,0,0,2021,DOE_Electric_Disturbance_Events.xlsx:2021,Complete loss of monitoring or control capability at its staffed Bulk Electric System control center for 30 continuous minutes or more.,False,False,False,System Operations
2021-06-10 00:00:00,22:28:00,06/10/2021,23:07:00,Kansas: Wyandotte County;,MRO,Transmission Interruption,90,9800,2021,DOE_Electric_Disturbance_Events.xlsx:2021,"Unexpected Transmission loss within its area, contrary to design, of three or more Bulk Electric System Facilities caused by a common disturbance (excluding successful automatic reclosing).",False,False,False,Transmission Interruption
2021-06-11 00:00:00,03:26:00,06/11/2021,03:48:00,South Dakota: Brown County;,MRO,Severe Weather/Transmission Interruption,0,0,2021,DOE_Electric_Disturbance_Events.xlsx:2021,"Unexpected Transmission loss within its area, contrary to design, of three or more Bulk Electric System Facilities caused by a common disturbance (excluding successful automatic reclosing).",False,False,False,Severe Weather/Transmission Interruption
2021-06-14 00:00:00,12:55:00,06/18/2021,19:00:00,Texas:,TRE,System Operations,Unknown,Unknown,2021,DOE_Electric_Disturbance_Events.xlsx:2021,Public appeal to reduce the use of electricity for purposes of maintaining the continuity of the Bulk Electric System.,True,True,True,System Operations
2021-06-14 00:00:00,12:15:00,06/18/2021,19:00:00,Texas:,TRE,System Operations,Unknown,Unknown,2021,DOE_Electric_Disturbance_Events.xlsx:2021,Public appeal to reduce the use of electricity for purposes of maintaining the continuity of the Bulk Electric System.,True,True,True,System Operations
2021-06-14 00:00:00,02:10:00,06/14/2021,02:11:00,Utah: Salt Lake County;,WECC,Suspicious Activity,0,0,2021,DOE_Electric_Disturbance_Events.xlsx:2021,"Physical threat to its Facility excluding weather or natural disaster related threats, which has the potential to degrade the normal operation of the Facility. Or suspicious device or activity at its Facility.",False,False,False,Suspicious Activity
2021-06-15 00:00:00,11:55:00,06/15/2021,21:17:00,Texas:,TRE,Cyber Event,Unknown,Unknown,2021,DOE_Electric_Disturbance_Events.xlsx:2021,Cyber event that could potentially impact electric power system adequacy or reliability.,True,True,True,Cyber Event
2021-06-15 00:00:00,11:30:00,06/15/2021,13:35:00,Kansas: Wyandotte County;,MRO,System Operations,0,0,2021,DOE_Electric_Disturbance_Events.xlsx:2021,Complete loss of monitoring or control capability at its staffed Bulk Electric System control center for 30 continuous minutes or more.,False,False,False,System Operations
2021-06-16 00:00:00,10:40:00,06/16/2021,10:43:00,Louisiana: West Baton Rouge Parish;,SERC,Transmission Interruption,7,1841,2021,DOE_Electric_Disturbance_Events.xlsx:2021,"Unexpected Transmission loss within its area, contrary to design, of three or more Bulk Electric System Facilities caused by a common disturbance (excluding successful automatic reclosing).",False,False,False,Transmission Interruption
2021-06-16 00:00:00,04:10:00,06/16/2021,06:39:00,Maine:,NPCC,System Operations,0,0,2021,DOE_Electric_Disturbance_Events.xlsx:2021,Complete loss of monitoring or control capability at its staffed Bulk Electric System control center for 30 continuous minutes or more.,False,False,False,System Operations
2021-06-16 00:00:00,10:25:00,06/16/2021,15:16:00,Florida: Alachua County;,SERC,Vandalism,0,0,2021,DOE_Electric_Disturbance_Events.xlsx:2021,Physical attack that could potentially impact electric power system adequacy or reliability; or vandalism which targets components of any security systems.,False,False,False,Vandalism
2021-06-19 00:00:00,18:54:00,06/19/2021,21:01:00,California: Alameda County;,WECC,System Operations,93,51806,2021,DOE_Electric_Disturbance_Events.xlsx:2021,"Loss of electric service to more than 50,000 customers for 1 hour or more.",False,False,False,System Operations
2021-06-21 00:00:00,15:50:00,06/21/2021,16:50:00,Arkansas: Benton County;,SERC,Suspicious Activity,0,0,2021,DOE_Electric_Disturbance_Events.xlsx:2021,"Physical threat to its Facility excluding weather or natural disaster related threats, which has the potential to degrade the normal operation of the Facility. Or suspicious device or activity at its Facility.",False,False,False,Suspicious Activity
2021-06-21 00:00:00,05:14:00,06/21/2021,19:00:00,Michigan:,RF,Severe Weather,Unknown,151852,2021,DOE_Electric_Disturbance_Events.xlsx:2021,"Loss of electric service to more than 50,000 customers for 1 hour or more.",False,False,False,Severe Weather
2021-06-23 00:00:00,15:47:00,06/23/2021,16:44:00,Missouri: Boone County;,SERC,System Operations,0,0,2021,DOE_Electric_Disturbance_Events.xlsx:2021,Complete loss of monitoring or control capability at its staffed Bulk Electric System control center for 30 continuous minutes or more.,False,False,False,System Operations
2021-06-24 00:00:00,03:34:00,06/24/2021,05:07:00,California: Plumas County;,WECC,Transmission Interruption,36,7621,2021,DOE_Electric_Disturbance_Events.xlsx:2021,Electrical System Separation (Islanding) where part or parts of a power grid remain(s) operational in an otherwise blacked out area or within the partial failure of an integrated electrical system.,False,False,False,Transmission Interruption
2021-06-24 00:00:00,07:07:00,06/24/2021,13:48:00,Washington: Kittitas County;,SERC,Vandalism,0,0,2021,DOE_Electric_Disturbance_Events.xlsx:2021,Damage or destruction of its Facility that results from actual or suspected intentional human action.,False,False,False,Vandalism
2021-06-27 00:00:00,20:10:00,06/27/2021,21:30:00,North Dakota: Morton County;,MRO,Vandalism,4,1003,2021,DOE_Electric_Disturbance_Events.xlsx:2021,Damage or destruction of its Facility that results from actual or suspected intentional human action.,False,False,False,Vandalism
2021-06-27 00:00:00,02:27:00,06/27/2021,03:30:00,New York: Jefferson County;,NPCC,Vandalism,Unknown,982,2021,DOE_Electric_Disturbance_Events.xlsx:2021,Damage or destruction of its Facility that results from actual or suspected intentional human action.,False,False,False,Vandalism
2021-06-28 00:00:00,13:20:00,Unknown,Unknown,"Washington: Spokane County, Stevens County, Lincoln County, Adams County, Whitman County; Idaho: Kootenai County, Bonner County, Shoshone County, Boundary County, Benewah County, Latah County, Nez Perce County;",WECC,Severe Weather,44,Unknown,2021,DOE_Electric_Disturbance_Events.xlsx:2021,Public appeal to reduce the use of electricity for purposes of maintaining the continuity of the Bulk Electric System.,False,False,False,Severe Weather
2021-06-28 00:00:00,11:22:00,Unknown,Unknown,North Carolina:,SERC,Transmission Interruption,0,0,2021,DOE_Electric_Disturbance_Events.xlsx:2021,"Unexpected Transmission loss within its area, contrary to design, of three or more Bulk Electric System Facilities caused by a common disturbance (excluding successful automatic reclosing).",False,False,False,Transmission Interruption
2021-06-29 00:00:00,16:00:00,Unknown,Unknown,"Michigan: Oakland County, Macomb County, Wayne County;",RF,Severe Weather,Unknown,53000,2021,DOE_Electric_Disturbance_Events.xlsx:2021,"Loss of electric service to more than 50,000 customers for 1 hour or more.",False,False,False,Severe Weather
2021-06-30 00:00:00,18:50:00,Unknown,Unknown,Connecticut: Massachusetts: Rhode Island: Vermont: New Hampshire: Maine:,NPCC,Severe Weather,Unknown,53103,2021,DOE_Electric_Disturbance_Events.xlsx:2021,"Loss of electric service to more than 50,000 customers for 1 hour or more.",False,False,False,Severe Weather
2021-07-03 00:00:00,23:08:00,07/04/2021,02:16:00,New Mexico: Bernalillo County;,WECC,Vandalism,45,34509,2021,DOE_Electric_Disturbance_Events.xlsx:2021,Damage or destruction of its Facility that results from actual or suspected intentional human action. - 17. Facility Physical Threat,False,False,False,Vandalism
2021-07-04 00:00:00,15:33:00,07/04/2021,20:32:00,Washington: Chelan County;,WECC,Natural Disaster,0,0,2021,DOE_Electric_Disturbance_Events.xlsx:2021,"Unexpected Transmission loss within its area, contrary to design, of three or more Bulk Electric System Facilities caused by a common disturbance (excluding successful automatic reclosing).",False,False,False,Natural Disaster
2021-07-05 00:00:00,05:32:00,07/05/2021,08:58:00,New York:,NPCC,Transmission Interruption,0,0,2021,DOE_Electric_Disturbance_Events.xlsx:2021,"Unexpected Transmission loss within its area, contrary to design, of three or more Bulk Electric System Facilities caused by a common disturbance (excluding successful automatic reclosing).",False,False,False,Transmission Interruption
2021-07-05 00:00:00,14:04:00,07/05/2021,14:41:00,Ohio: Kentucky:,RF/SERC,Transmission Interruption,0,0,2021,DOE_Electric_Disturbance_Events.xlsx:2021,Unplanned evacuation from its Bulk Electric System control center facility for 30 continuous minutes or more.,False,False,False,Transmission Interruption
2021-07-06 00:00:00,19:41:00,07/06/2021,21:50:00,Ohio:,RF,Severe Weather/Transmisison Interruption,Unknown,136827,2021,DOE_Electric_Disturbance_Events.xlsx:2021,"Loss of electric service to more than 50,000 customers for 1 hour or more",False,False,False,Severe Weather/Transmisison Interruption
2021-07-07 00:00:00,00:02:00,07/07/2021,00:20:00,Florida: Polk County;,SERC,Transmission Interruption,450,0,2021,DOE_Electric_Disturbance_Events.xlsx:2021,"Unexpected Transmission loss within its area, contrary to design, of three or more Bulk Electric System Facilities caused by a common disturbance (excluding successful automatic reclosing).",False,False,False,Transmission Interruption
2021-07-07 00:00:00,15:30:00,Unknown,Unknown,"Michigan: Macomb County, Oakland County, Monroe County, Livingston County, St. Clair County, Washtenaw County, Wayne County;",RF,Severe Weather,Unknown,90000,2021,DOE_Electric_Disturbance_Events.xlsx:2021,"Loss of electric service to more than 50,000 customers for 1 hour or more",False,False,False,Severe Weather
2021-07-08 00:00:00,17:01:00,07/08/2021,17:24:00,New York:,NPCC,Severe Weather/Transmisison Interruption,0,0,2021,DOE_Electric_Disturbance_Events.xlsx:2021,"Unexpected Transmission loss within its area, contrary to design, of three or more Bulk Electric System Facilities caused by a common disturbance (excluding successful automatic reclosing).",False,False,False,Severe Weather/Transmisison Interruption
2021-07-08 00:00:00,20:29:00,07/08/2021,20:33:00,North Dakota: Stark County;,MRO,Severe Weather/Transmisison Interruption,88,0,2021,DOE_Electric_Disturbance_Events.xlsx:2021,"Unexpected Transmission loss within its area, contrary to design, of three or more Bulk Electric System Facilities caused by a common disturbance (excluding successful automatic reclosing).",False,False,False,Severe Weather/Transmisison Interruption
2021-07-09 00:00:00,17:44:00,07/09/2021,21:05:00,California:,WECC,Fuel Supply Deficiency,810,Unknown,2021,DOE_Electric_Disturbance_Events.xlsx:2021,Public appeal to reduce the use of electricity for purposes of maintaining the continuity of the Bulk Electric System,False,False,False,Fuel Supply Deficiency
2021-07-09 00:00:00,20:25:00,07/10/2021,21:00:00,California: Shasta County;,WECC,Severe Weather,230,47000,2021,DOE_Electric_Disturbance_Events.xlsx:2021,Public appeal to reduce the use of electricity for purposes of maintaining the continuity of the Bulk Electric System,False,False,False,Severe Weather
2021-07-10 00:00:00,00:30:00,07/10/2021,05:00:00,Nebraska: Missouri:,MRO/SERC,Severe Weather/Transmisison Interruption,Unknown,211500,2021,DOE_Electric_Disturbance_Events.xlsx:2021,"Loss of electric service to more than 50,000 customers for 1 hour or more",False,False,False,Severe Weather/Transmisison Interruption
2021-07-10 00:00:00,00:00:00,07/11/2021,16:00:00,Nebraska:,MRO,Severe Weather,Unknown,188000,2021,DOE_Electric_Disturbance_Events.xlsx:2021,"Loss of electric service to more than 50,000 customers for 1 hour or more",False,False,False,Severe Weather
2021-07-10 00:00:00,01:55:00,07/10/2021,01:56:00,Missouri:,SERC,Severe Weather,Unknown,52000,2021,DOE_Electric_Disturbance_Events.xlsx:2021,"Loss of electric service to more than 50,000 customers for 1 hour or more",False,False,False,Severe Weather
2021-07-10 00:00:00,18:00:00,07/10/2021,21:00:00,"Nevada: Clark County, Washoe County;",WECC,Transmission Interruption,9000,1300000,2021,DOE_Electric_Disturbance_Events.xlsx:2021,Public appeal to reduce the use of electricity for purposes of maintaining the continuity of the Bulk Electric System,False,False,False,Transmission Interruption
2021-07-10 00:00:00,00:30:00,07/10/2021,05:00:00,Missouri: Nebraska:,MRO/SERC,Severe Weather/Transmisison Interruption,Unknown,212500,2021,DOE_Electric_Disturbance_Events.xlsx:2021,"Loss of electric service to more than 50,000 customers for 1 hour or more",False,False,False,Severe Weather/Transmisison Interruption
2021-07-11 00:00:00,18:00:00,07/11/2021,21:00:00,"Nevada: Clark County, Washoe County;",WECC,Transmission Interruption,9000,1300000,2021,DOE_Electric_Disturbance_Events.xlsx:2021,Public appeal to reduce the use of electricity for purposes of maintaining the continuity of the Bulk Electric System,False,False,False,Transmission Interruption
2021-07-12 00:00:00,15:51:00,07/13/2021,17:00:00,Colorado: Pueblo County;,WECC,Sabotage,0,0,2021,DOE_Electric_Disturbance_Events.xlsx:2021,Damage or destruction of its Facility that results from actual or suspected intentional human action.,False,False,False,Sabotage
2021-07-14 00:00:00,14:15:00,07/14/2021,14:16:00,California: Plumas County;,WECC,Severe Weather/Transmisison Interruption,35,11000,2021,DOE_Electric_Disturbance_Events.xlsx:2021,Electrical System Separation (Islanding) where part or parts of a power grid remain(s) operational in an otherwise blacked out area or within the partial failure of an integrated electrical system,False,False,False,Severe Weather/Transmisison Interruption
2021-07-18 00:00:00,04:00:00,07/18/2021,09:46:00,Illinois: Cook County;,RF,Transmission Interruption,0,0,2021,DOE_Electric_Disturbance_Events.xlsx:2021,"Unexpected Transmission loss within its area, contrary to design, of three or more Bulk Electric System Facilities caused by a common disturbance (excluding successful automatic reclosing).",False,False,False,Transmission Interruption
2021-07-20 00:00:00,16:21:00,07/20/2021,17:00:00,Ohio:,RF,System Operations,0,0,2021,DOE_Electric_Disturbance_Events.xlsx:2021,Complete loss of monitoring or control capability at its staffed Bulk Electric System control center for 30 continuous minutes or more.,False,False,False,System Operations
2021-07-21 00:00:00,14:45:00,07/22/2021,12:00:00,"Pennsylvania: Bucks County, Chester County, Delaware County, Montgomery County, Philadelphia County, York County;",RF,Severe Weather,Unknown,81503,2021,DOE_Electric_Disturbance_Events.xlsx:2021,"Loss of electric service to more than 50,000 customers for 1 hour or more",False,False,False,Severe Weather
2021-07-22 00:00:00,14:00:00,07/22/2021,14:40:00,California: Shasta County;,WECC,System Operations,220,0,2021,DOE_Electric_Disturbance_Events.xlsx:2021,Complete loss of monitoring or control capability at its staffed Bulk Electric System control center for 30 continuous minutes or more.,False,False,False,System Operations
2021-07-23 00:00:00,08:09:00,07/23/2021,08:30:00,Minnesota: Hennepin County;,MRO/RF,System Operations,15,3500,2021,DOE_Electric_Disturbance_Events.xlsx:2021,"Unexpected Transmission loss within its area, contrary to design, of three or more Bulk Electric System Facilities caused by a common disturbance (excluding successful automatic reclosing).",False,False,False,System Operations
2021-07-23 00:00:00,08:20:00,07/23/2021,10:45:00,Virginia: West Virginia:,RF/SERC,System Operations,0,0,2021,DOE_Electric_Disturbance_Events.xlsx:2021,Complete loss of monitoring or control capability at its staffed Bulk Electric System control center for 30 continuous minutes or more.,False,False,False,System Operations
2021-07-24 00:00:00,20:30:00,Unknown,Unknown,"Michigan: Wayne County, Oakland County, Livingston County, Macomb County;",RF,Severe Weather,Unknown,225949,2021,DOE_Electric_Disturbance_Events.xlsx:2021,"Loss of electric service to more than 50,000 customers for 1 hour or more",False,False,False,Severe Weather
2021-07-26 00:00:00,07:54:00,Unknown,Unknown,Nevada: Clark County;,WECC,Vandalism,0,0,2021,DOE_Electric_Disturbance_Events.xlsx:2021,Damage or destruction of its Facility that results from actual or suspected intentional human action.,False,False,False,Vandalism
2021-07-28 00:00:00,12:54:00,07/28/2021,15:42:00,Maine:,NPCC,System Operations,0,0,2021,DOE_Electric_Disturbance_Events.xlsx:2021,Complete loss of monitoring or control capability at its staffed Bulk Electric System control center for 30 continuous minutes or more.,False,False,False,System Operations
2021-07-30 00:00:00,08:02:00,07/30/2021,09:34:00,Wisconsin:,MRO,Cyber Event,0,0,2021,DOE_Electric_Disturbance_Events.xlsx:2021,Complete loss of monitoring or control capability at its staffed Bulk Electric System control center for 30 continuous minutes or more.,False,False,False,Cyber Event
2021-08-01 00:00:00,09:00:00,08/04/2021,09:00:00,Nevada: Clark County;,WECC,Vandalism,0,0,2021,DOE_Electric_Disturbance_Events.xlsx:2021,Physical attack that could potentially impact electric power system adequacy or reliability; or vandalism which targets components of any security systems,False,False,False,Vandalism
2021-08-01 00:00:00,23:37:00,08/02/2021,00:00:00,"California: Humboldt County, Trinity County;",WECC,Severe Weather,95,65888,2021,DOE_Electric_Disturbance_Events.xlsx:2021,Electrical System Separation (Islanding) where part or parts of a power grid remain(s) operational in an otherwise blacked out area or within the partial failure of an integrated electrical system,False,False,False,Severe Weather
2021-08-02 00:00:00,06:23:00,08/02/2021,15:55:00,Texas: Hays County;,TRE,Severe Weather/Transmission Interruption,43,19000,2021,DOE_Electric_Disturbance_Events.xlsx:2021,"Unexpected Transmission loss within its area, contrary to design, of three or more Bulk Electric System Facilities caused by a common disturbance (excluding successful automatic reclosing).",True,True,True,Severe Weather/Transmission Interruption
2021-08-02 00:00:00,00:18:00,08/02/2021,10:47:00,Texas: Hays County;,TRE,Severe Weather/Transmission Interruption,24,9400,2021,DOE_Electric_Disturbance_Events.xlsx:2021,"Unexpected Transmission loss within its area, contrary to design, of three or more Bulk Electric System Facilities caused by a common disturbance (excluding successful automatic reclosing).",True,True,True,Severe Weather/Transmission Interruption
2021-08-03 00:00:00,07:05:00,08/03/2021,07:32:00,Texas: Cameron County;,TRE,Suspicious Activity,0,0,2021,DOE_Electric_Disturbance_Events.xlsx:2021,"Physical threat to its Facility excluding weather or natural disaster related threats, which has the potential to degrade the normal operation of the Facility. Or suspicious device or activity at its Facility.",True,True,True,Suspicious Activity
2021-08-03 00:00:00,04:35:00,08/03/2021,05:28:00,Oregon: Linn County;,WECC,System Operations,4,Unknown,2021,DOE_Electric_Disturbance_Events.xlsx:2021,"Unexpected Transmission loss within its area, contrary to design, of three or more Bulk Electric System Facilities caused by a common disturbance (excluding successful automatic reclosing).",False,False,False,System Operations
2021-08-10 00:00:00,22:30:00,08/13/2021,16:38:00,"Michigan: Allegan County, Antrim County, Barry County, Benzie County, Branch County, Calhoun County, Clare County, Clinton County, Crawford County, Eaton County, Genesee County, Gladwin County, Grand Traverse County, Gratiot County, Hillsdale County, Ingham County, Ionia County, Isabella County, Jackson County, Kalamazoo County, Kalkaska County, Kent County, Lake County, Leelanau County, Manistee County, Mason County, Mecosta County, Midland County, Missaukee County, Montcalm County, Muskegon County, Newaygo County, Oakland County, Oceana County, Ogemaw County, Osceola County, Oscoda County, Otsego County, Ottawa County, Roscommon County, Saginaw County, Shiawassee County, St. Joseph County, Van Buren County, Wexford County;",RF,Severe Weather,Unknown,372600,2021,DOE_Electric_Disturbance_Events.xlsx:2021,"Loss of electric service to more than 50,000 customers for 1 hour or more",False,False,False,Severe Weather
2021-08-10 00:00:00,20:30:00,08/11/2021,19:00:00,Illinois:,RF/SERC,Severe Weather,Unknown,318761,2021,DOE_Electric_Disturbance_Events.xlsx:2021,"Loss of electric service to more than 50,000 customers for 1 hour or more",False,False,False,Severe Weather
2021-08-10 00:00:00,20:00:00,Unknown,Unknown,"Wisconsin: Waukesha County, Milwaukee County, Kenosha County, Racine County, Washington County, Ozaukee County;",RF/SERC,Severe Weather,Unknown,233000,2021,DOE_Electric_Disturbance_Events.xlsx:2021,"Loss of electric service to more than 50,000 customers for 1 hour or more",False,False,False,Severe Weather
2021-08-11 00:00:00,15:35:00,Unknown,Unknown,"Michigan: Huron County, Macomb County, Lapeer County, Macomb County, Monroe County, Oakland County, St. Clair County, Tuscola County, Wayne County, Washtenaw County, Livingston County;",RF,Severe Weather,Unknown,700000,2021,DOE_Electric_Disturbance_Events.xlsx:2021,"Loss of electric service to more than 50,000 customers for 1 hour or more",False,False,False,Severe Weather
2021-08-11 00:00:00,19:12:00,08/11/2021,21:49:00,Ohio:,RF,Severe Weather,Unknown,92109,2021,DOE_Electric_Disturbance_Events.xlsx:2021,"Loss of electric service to more than 50,000 customers for 1 hour or more",False,False,False,Severe Weather
2021-08-12 00:00:00,18:57:00,08/13/2021,06:00:00,Illinois: Missouri:,RF/SERC,Severe Weather,Unknown,101000,2021,DOE_Electric_Disturbance_Events.xlsx:2021,"Loss of electric service to more than 50,000 customers for 1 hour or more",False,False,False,Severe Weather
2021-08-12 00:00:00,22:03:00,08/12/2021,22:44:00,Massachusetts:,NPCC,System Operations,0,0,2021,DOE_Electric_Disturbance_Events.xlsx:2021,Unplanned evacuation from its Bulk Electric System control center facility for 30 continuous minutes or more.,False,False,False,System Operations
2021-08-15 00:00:00,17:17:00,08/16/2021,03:30:00,California: Solano County;,WECC,Actual Physical Attack,0,0,2021,DOE_Electric_Disturbance_Events.xlsx:2021,Physical attack that could potentially impact electric power system adequacy or reliability; or vandalism which targets components of any security systems,False,False,False,Actual Physical Attack
2021-08-16 00:00:00,16:11:00,08/16/2021,16:31:00,Montana: Flathead County;,WECC,Vandalism,0,0,2021,DOE_Electric_Disturbance_Events.xlsx:2021,Damage or destruction of its Facility that results from actual or suspected intentional human action.,False,False,False,Vandalism
2021-08-17 00:00:00,19:15:00,08/18/2021,17:45:00,"California: Butte County, Colusa County, Glenn County, Lake County, Lassen County, Mendocino County, Napa County, Plumas County, Shasta County, Sierra County, Solano County, Sonoma County, Tehama County, Trinity County, Yolo County;",WECC,Severe Weather,234,71000,2021,DOE_Electric_Disturbance_Events.xlsx:2021,"Loss of electric service to more than 50,000 customers for 1 hour or more",False,False,False,Severe Weather
2021-08-17 00:00:00,14:00:00,08/18/2021,14:00:00,California: Kern County;,WECC,Vandalism,Unknown,0,2021,DOE_Electric_Disturbance_Events.xlsx:2021,Damage or destruction of its Facility that results from actual or suspected intentional human action.,False,False,False,Vandalism
2021-08-18 00:00:00,11:40:00,08/18/2021,12:13:00,Texas:,TRE,System Operations,0,0,2021,DOE_Electric_Disturbance_Events.xlsx:2021,Complete loss of monitoring or control capability at its staffed Bulk Electric System control center for 30 continuous minutes or more.,True,True,True,System Operations
2021-08-20 00:00:00,15:35:00,08/20/2021,16:35:00,California: Nevada County;,WECC,Vandalism,0,0,2021,DOE_Electric_Disturbance_Events.xlsx:2021,Damage or destruction of its Facility that results from actual or suspected intentional human action.,False,False,False,Vandalism
2021-08-20 00:00:00,02:00:00,08/20/2021,03:00:00,Oregon: Washington: Idaho: Utah: Salt Lake County; Wyoming:,WECC,Vandalism,0,0,2021,DOE_Electric_Disturbance_Events.xlsx:2021,"Physical threat to its Facility excluding weather or natural disaster related threats, which has the potential to degrade the normal operation of the Facility. Or suspicious device or activity at its Facility.",False,False,False,Vandalism
2021-08-21 00:00:00,10:14:00,08/21/2021,10:52:00,Idaho: Elmore County;,WECC,Severe Weather,0,418,2021,DOE_Electric_Disturbance_Events.xlsx:2021,Electrical System Separation (Islanding) where part or parts of a power grid remain(s) operational in an otherwise blacked out area or within the partial failure of an integrated electrical system,False,False,False,Severe Weather
2021-08-22 00:00:00,12:11:00,08/23/2021,16:30:00,Connecticut: Massachusetts: Maine: Rhode Island: Vermont:,NPCC,Severe Weather,Unknown,28134,2021,DOE_Electric_Disturbance_Events.xlsx:2021,"Loss of electric service to more than 50,000 customers for 1 hour or more",False,False,False,Severe Weather
2021-08-24 00:00:00,21:37:00,Unknown,Unknown,"Michigan: Huron County, Lapeer County, Macomb County, Monroe County, Oakland County, St. Clair County, Wayne County, Washtenaw County;",RF,Severe Weather,Unknown,65000,2021,DOE_Electric_Disturbance_Events.xlsx:2021,"Loss of electric service to more than 50,000 customers for 1 hour or more",False,False,False,Severe Weather
2021-08-24 00:00:00,17:00:00,08/26/2021,14:07:00,"Michigan: Arenac County, Bay County, Clare County, Genesee County, Gladwin County, Gratiot County, Isabella County, Iosco County, Kalamazoo County, Kent County, Barry County, Missaukee County, Montcalm County, Muskegon County, Newaygo County, Mecosta County, Midland County, Saginaw County, Ottawa County, Van Buren County;",RF,Severe Weather,Unknown,84987,2021,DOE_Electric_Disturbance_Events.xlsx:2021,"Loss of electric service to more than 50,000 customers for 1 hour or more",False,False,False,Severe Weather
2021-08-27 00:00:00,06:16:00,08/27/2021,10:14:00,Arkansas: Pulaski County;,SERC,Suspicious Activity,0,0,2021,DOE_Electric_Disturbance_Events.xlsx:2021,"Physical threat to its Facility excluding weather or natural disaster related threats, which has the potential to degrade the normal operation of the Facility. Or suspicious device or activity at its Facility.",False,False,False,Suspicious Activity
2021-08-29 00:00:00,11:30:00,Unknown,Unknown,Louisiana:,SERC,Severe Weather,Unknown,Unknown,2021,DOE_Electric_Disturbance_Events.xlsx:2021,"Loss of electric service to more than 50,000 customers for 1 hour or more",False,False,False,Severe Weather
2021-08-29 00:00:00,18:04:00,08/31/2021,22:36:00,Louisiana: St. Charles Parish;,SERC,Severe Weather,Unknown,Unknown,2021,DOE_Electric_Disturbance_Events.xlsx:2021,Complete loss of off-site power (LOOP) affecting a nuclear generating station per the Nuclear Plant Interface Requirements.,False,False,False,Severe Weather
2021-08-29 00:00:00,18:00:00,09/03/2021,13:41:00,Louisiana:,SERC,Severe Weather,Unknown,91315,2021,DOE_Electric_Disturbance_Events.xlsx:2021,"Loss of electric service to more than 50,000 customers for 1 hour or more",False,False,False,Severe Weather
2021-08-29 00:00:00,22:39:00,09/03/2021,08:38:00,Louisiana:,SERC,Severe Weather,Unknown,50000,2021,DOE_Electric_Disturbance_Events.xlsx:2021,"Loss of electric service to more than 50,000 customers for 1 hour or more",False,False,False,Severe Weather
2021-08-29 00:00:00,20:25:00,Unknown,Unknown,New York:,NPCC,Transmission Interruption,796,0,2021,DOE_Electric_Disturbance_Events.xlsx:2021,"Unexpected Transmission loss within its area, contrary to design, of three or more Bulk Electric System Facilities caused by a common disturbance (excluding successful automatic reclosing).",False,False,False,Transmission Interruption
2021-08-29 00:00:00,09:32:00,08/29/2021,21:32:00,Louisiana: Pointe Coupee Parish;,SERC,Transmission Interruption,Unknown,Unknown,2021,DOE_Electric_Disturbance_Events.xlsx:2021,"Unexpected Transmission loss within its area, contrary to design, of three or more Bulk Electric System Facilities caused by a common disturbance (excluding successful automatic reclosing).",False,False,False,Transmission Interruption
2021-08-29 00:00:00,17:53:00,Unknown,Unknown,Louisiana:,SERC,Severe Weather,Unknown,Unknown,2021,DOE_Electric_Disturbance_Events.xlsx:2021,Electrical System Separation (Islanding) where part or parts of a power grid remain(s) operational in an otherwise blacked out area or within the partial failure of an integrated electrical system,False,False,False,Severe Weather
2021-08-30 00:00:00,21:17:00,09/01/2021,15:19:00,Florida: Leon County;,SERC,Actual Physical Attack,0,0,2021,DOE_Electric_Disturbance_Events.xlsx:2021,Damage or destruction of its Facility that results from actual or suspected intentional human action.,False,False,False,Actual Physical Attack
2021-09-01 00:00:00,06:22:00,09/01/2021,15:56:00,California: Santa Clara County;,WECC,Vandalism,0,0,2021,DOE_Electric_Disturbance_Events.xlsx:2021,Physical attack that could potentially impact electric power system adequacy or reliability; or vandalism which targets components of any security systems,False,False,False,Vandalism
2021-09-01 00:00:00,17:30:00,09/02/2021,02:00:00,"Pennsylvania: Bucks County, Chester County, Delaware County, Montgomery County, Philadelphia County, York County;",RF,Severe Weather,Unknown,252740,2021,DOE_Electric_Disturbance_Events.xlsx:2021,"Loss of electric service to more than 50,000 customers for 1 hour or more",False,False,False,Severe Weather
2021-09-02 00:00:00,14:07:00,09/02/2021,14:10:00,Texas: Williamson County;,TRE,Suspicious Activity,0,0,2021,DOE_Electric_Disturbance_Events.xlsx:2021,"Physical threat to its Facility excluding weather or natural disaster related threats, which has the potential to degrade the normal operation of the Facility. Or suspicious device or activity at its Facility.",True,True,True,Suspicious Activity
2021-09-07 00:00:00,17:30:00,09/09/2021,09:00:00,"Michigan: Osceola County, Kalamazoo County, Van Buren County, Saginaw County, Arenac County, Lake County, Clare County, Mecosta County;",RF,Severe Weather,Unknown,80000,2021,DOE_Electric_Disturbance_Events.xlsx:2021,"Loss of electric service to more than 50,000 customers for 1 hour or more",False,False,False,Severe Weather
2021-09-07 00:00:00,20:00:00,09/09/2021,07:00:00,Michigan: Wayne County;,RF,Severe Weather,Unknown,60000,2021,DOE_Electric_Disturbance_Events.xlsx:2021,"Loss of electric service to more than 50,000 customers for 1 hour or more",False,False,False,Severe Weather
2021-09-08 00:00:00,12:15:00,09/08/2021,12:38:00,North Dakota: Cass County;,MRO,Transmission Interruption,37,1,2021,DOE_Electric_Disturbance_Events.xlsx:2021,"Unexpected Transmission loss within its area, contrary to design, of three or more Bulk Electric System Facilities caused by a common disturbance (excluding successful automatic reclosing).",False,False,False,Transmission Interruption
2021-09-09 00:00:00,16:00:00,09/09/2021,17:30:00,California:,WECC,Vandalism,0,0,2021,DOE_Electric_Disturbance_Events.xlsx:2021,Damage or destruction of its Facility that results from actual or suspected intentional human action.,False,False,False,Vandalism
2021-09-09 00:00:00,17:00:00,09/09/2021,20:00:00,"Nevada: Clark County, Washoe County;",WECC,System Operations,8000,1300000,2021,DOE_Electric_Disturbance_Events.xlsx:2021,Public appeal to reduce the use of electricity for purposes of maintaining the continuity of the Bulk Electric System,False,False,False,System Operations
2021-09-10 00:00:00,11:17:00,09/10/2021,11:19:00,North Dakota: McKenzie County;,MRO,Transmission Interruption,6,1,2021,DOE_Electric_Disturbance_Events.xlsx:2021,"Unexpected Transmission loss within its area, contrary to design, of three or more Bulk Electric System Facilities caused by a common disturbance (excluding successful automatic reclosing).",False,False,False,Transmission Interruption
2021-09-10 00:00:00,14:05:00,Unknown,Unknown,Iowa: Polk County;,MRO,Vandalism,0,0,2021,DOE_Electric_Disturbance_Events.xlsx:2021,Damage or destruction of its Facility that results from actual or suspected intentional human action.,False,False,False,Vandalism
2021-09-10 00:00:00,07:20:00,09/10/2021,09:05:00,California:,WECC,Severe Weather,89,59649,2021,DOE_Electric_Disturbance_Events.xlsx:2021,"Loss of electric service to more than 50,000 customers for 1 hour or more",False,False,False,Severe Weather
2021-09-10 00:00:00,01:55:00,09/10/2021,02:04:00,Florida: Citrus County;,SERC,Severe Weather,75,Unknown,2021,DOE_Electric_Disturbance_Events.xlsx:2021,"Unexpected Transmission loss within its area, contrary to design, of three or more Bulk Electric System Facilities caused by a common disturbance (excluding successful automatic reclosing).",False,False,False,Severe Weather
2021-09-11 00:00:00,08:32:00,Unknown,Unknown,Texas: Austin County; California: Los Angeles County;,TRE/SERC,Actual Physical Attack,0,0,2021,DOE_Electric_Disturbance_Events.xlsx:2021,Physical attack that could potentially impact electric power system adequacy or reliability; or vandalism which targets components of any security systems,True,True,True,Actual Physical Attack
2021-09-13 00:00:00,12:18:00,09/13/2021,13:15:00,Washington: Skagit County;,WECC,Transmission Interruption,0,0,2021,DOE_Electric_Disturbance_Events.xlsx:2021,"Unexpected Transmission loss within its area, contrary to design, of three or more Bulk Electric System Facilities caused by a common disturbance (excluding successful automatic reclosing).",False,False,False,Transmission Interruption
2021-09-13 00:00:00,23:59:00,Unknown,Unknown,Texas: Harris County;,TRE,Severe Weather,Unknown,204280,2021,DOE_Electric_Disturbance_Events.xlsx:2021,"Loss of electric service to more than 50,000 customers for 1 hour or more",True,True,True,Severe Weather
2021-09-13 00:00:00,13:10:00,Unknown,Unknown,Texas: Midland County;,TRE,Transmission Interruption,0,0,2021,DOE_Electric_Disturbance_Events.xlsx:2021,Damage or destruction of its Facility that results from actual or suspected intentional human action.,True,True,True,Transmission Interruption
2021-09-13 00:00:00,18:00:00,09/14/2021,00:49:00,Texas: Harris County;,TRE,Severe Weather,Unknown,66589,2021,DOE_Electric_Disturbance_Events.xlsx:2021,"Loss of electric service to more than 50,000 customers for 1 hour or more",True,True,True,Severe Weather
2021-09-14 00:00:00,00:35:00,09/18/2021,19:20:00,Texas: Harris County;,TRE,Severe Weather,1905,705415,2021,DOE_Electric_Disturbance_Events.xlsx:2021,"Loss of electric service to more than 50,000 customers for 1 hour or more",True,True,True,Severe Weather
2021-09-14 00:00:00,07:36:00,09/15/2021,01:48:00,Texas:,TRE,Severe Weather,0,Unknown,2021,DOE_Electric_Disturbance_Events.xlsx:2021,Electrical System Separation (Islanding) where part or parts of a power grid remain(s) operational in an otherwise blacked out area or within the partial failure of an integrated electrical system,True,True,True,Severe Weather
2021-09-14 00:00:00,07:52:00,09/14/2021,22:44:00,Texas:,TRE,Severe Weather,0,Unknown,2021,DOE_Electric_Disturbance_Events.xlsx:2021,Electrical System Separation (Islanding) where part or parts of a power grid remain(s) operational in an otherwise blacked out area or within the partial failure of an integrated electrical system,True,True,True,Severe Weather
2021-09-15 00:00:00,22:42:00,09/16/2021,00:37:00,Texas: Kentucky: Arizona: New Mexico: Oregon: Washington:,TRE/SERC/WECC,System Operations,0,0,2021,DOE_Electric_Disturbance_Events.xlsx:2021,Unplanned evacuation from its Bulk Electric System control center facility for 30 continuous minutes or more.,True,True,True,System Operations
2021-09-16 00:00:00,14:49:00,09/16/2021,20:02:00,Oklahoma:,MRO/SERC,Transmission Interruption,100,4000,2021,DOE_Electric_Disturbance_Events.xlsx:2021,"Unexpected Transmission loss within its area, contrary to design, of three or more Bulk Electric System Facilities caused by a common disturbance (excluding successful automatic reclosing).",False,False,False,Transmission Interruption
2021-09-16 00:00:00,14:49:00,09/16/2021,20:02:00,Oklahoma:,MRO/SERC,Transmission Interruption,100,4000,2021,DOE_Electric_Disturbance_Events.xlsx:2021,"Unexpected Transmission loss within its area, contrary to design, of three or more Bulk Electric System Facilities caused by a common disturbance (excluding successful automatic reclosing).",False,False,False,Transmission Interruption
2021-09-17 00:00:00,23:00:00,09/19/2021,12:00:00,"Washington: Pierce County, Whatcom County, Skagit County, King County;",WECC,Severe Weather/Transmission Interruption,Unknown,87000,2021,DOE_Electric_Disturbance_Events.xlsx:2021,"Loss of electric service to more than 50,000 customers for 1 hour or more",False,False,False,Severe Weather/Transmission Interruption
2021-09-17 00:00:00,03:50:00,09/18/2021,04:08:00,Indiana:,RF,Suspicious Activity,0,0,2021,DOE_Electric_Disturbance_Events.xlsx:2021,"Physical threat to its Facility excluding weather or natural disaster related threats, which has the potential to degrade the normal operation of the Facility. Or suspicious device or activity at its Facility.",False,False,False,Suspicious Activity
2021-09-17 00:00:00,03:00:00,09/18/2021,22:00:00,Minnesota:,MRO,Severe Weather,Unknown,82000,2021,DOE_Electric_Disturbance_Events.xlsx:2021,"Loss of electric service to more than 50,000 customers for 1 hour or more",False,False,False,Severe Weather
2021-09-18 00:00:00,04:30:00,09/18/2021,06:00:00,Indiana: Hamilton County;,RF,Suspicious Activity,0,0,2021,DOE_Electric_Disturbance_Events.xlsx:2021,"Physical threat to its Facility excluding weather or natural disaster related threats, which has the potential to degrade the normal operation of the Facility. Or suspicious device or activity at its Facility.",False,False,False,Suspicious Activity
2021-09-22 00:00:00,17:17:00,Unknown,Unknown,"Michigan: Lenawee County, Livingston County, Genesee County, Tuscola County, Huron County, Sanilac County, Lapeer County, St. Clair County, Macomb County, Oakland County, Washtenaw County, Wayne County, Monroe County;",RF,Severe Weather,Unknown,136000,2021,DOE_Electric_Disturbance_Events.xlsx:2021,"Loss of electric service to more than 50,000 customers for 1 hour or more",False,False,False,Severe Weather
2021-09-22 00:00:00,09:36:00,09/23/2021,11:45:00,California: Los Angeles County;,WECC,Vandalism,1,0,2021,DOE_Electric_Disturbance_Events.xlsx:2021,Damage or destruction of its Facility that results from actual or suspected intentional human action.,False,False,False,Vandalism
2021-09-28 00:00:00,13:44:00,09/28/2021,13:56:00,Kentucky: Henderson County;,SERC,Transmission Interruption,20,5000,2021,DOE_Electric_Disturbance_Events.xlsx:2021,Electrical System Separation (Islanding) where part or parts of a power grid remain(s) operational in an otherwise blacked out area or within the partial failure of an integrated electrical system,False,False,False,Transmission Interruption
2021-09-29 00:00:00,11:48:00,09/29/2021,12:21:00,Missouri: Jackson County;,MRO/SERC,System Operations,150,0,2021,DOE_Electric_Disturbance_Events.xlsx:2021,Complete loss of monitoring or control capability at its staffed Bulk Electric System control center for 30 continuous minutes or more.,False,False,False,System Operations
2021-10-03 00:00:00,10:40:00,10/03/2021,11:54:00,Texas: Cameron County;,TRE,Suspicious Activity,0,0,2021,DOE_Electric_Disturbance_Events.xlsx:2021,"Physical threat to its Facility excluding weather or natural disaster related threats, which has the potential to degrade the normal operation of the Facility. Or suspicious device or activity at its Facility.",True,True,True,Suspicious Activity
2021-10-04 00:00:00,07:00:00,10/04/2021,08:00:00,Utah: Uintah County;,WECC,Vandalism,Unknown,0,2021,DOE_Electric_Disturbance_Events.xlsx:2021,Damage or destruction of its Facility that results from actual or suspected intentional human action.,False,False,False,Vandalism
2021-10-05 00:00:00,11:31:00,10/05/2021,11:32:00,California: Santa Clara County;,WECC,Vandalism,0,0,2021,DOE_Electric_Disturbance_Events.xlsx:2021,Physical attack that could potentially impact electric power system adequacy or reliability; or vandalism which targets components of any security systems,False,False,False,Vandalism
2021-10-05 00:00:00,11:31:00,10/05/2021,11:32:00,California: Santa Clara County;,WECC,Vandalism,0,0,2021,DOE_Electric_Disturbance_Events.xlsx:2021,Physical attack that could potentially impact electric power system adequacy or reliability; or vandalism which targets components of any security systems,False,False,False,Vandalism
2021-10-07 00:00:00,17:15:00,10/09/2021,18:15:00,Maryland: Baltimore County;,RF,Vandalism,0,0,2021,DOE_Electric_Disturbance_Events.xlsx:2021,Damage or destruction of its Facility that results from actual or suspected intentional human action.,False,False,False,Vandalism
2021-10-08 00:00:00,06:30:00,10/08/2021,10:00:00,California: Contra Costa County;,WECC,Vandalism,0,0,2021,DOE_Electric_Disturbance_Events.xlsx:2021,Damage or destruction of its Facility that results from actual or suspected intentional human action.,False,False,False,Vandalism
2021-10-08 00:00:00,14:30:00,10/08/2021,18:32:00,Ohio: Cuyahoga County;,RF,System Operations,210,0,2021,DOE_Electric_Disturbance_Events.xlsx:2021,Complete loss of monitoring or control capability at its staffed Bulk Electric System control center for 30 continuous minutes or more.,False,False,False,System Operations
2021-10-09 00:00:00,17:01:00,10/10/2021,06:30:00,North Carolina:,SERC,System Operations,0,0,2021,DOE_Electric_Disturbance_Events.xlsx:2021,Unplanned evacuation from its Bulk Electric System control center facility for 30 continuous minutes or more.,False,False,False,System Operations
2021-10-10 00:00:00,22:15:00,10/12/2021,17:00:00,"Texas: Collin County, Dallas County, Denton County, Ellis County, Hunt County, Johnson County, Palo Pinto County, Tarrant County, Wichita County;",TRE,Severe Weather,Unknown,110000,2021,DOE_Electric_Disturbance_Events.xlsx:2021,"Loss of electric service to more than 50,000 customers for 1 hour or more",True,True,True,Severe Weather
2021-10-11 00:00:00,14:22:00,10/11/2021,20:30:00,California:,WECC,Severe Weather,126,84000,2021,DOE_Electric_Disturbance_Events.xlsx:2021,"Loss of electric service to more than 50,000 customers for 1 hour or more",False,False,False,Severe Weather
2021-10-12 00:00:00,20:08:00,10/12/2021,20:09:00,Illinois: Cook County;,RF,Suspicious Activity,0,0,2021,DOE_Electric_Disturbance_Events.xlsx:2021,"Physical threat to its Facility excluding weather or natural disaster related threats, which has the potential to degrade the normal operation of the Facility. Or suspicious device or activity at its Facility.",False,False,False,Suspicious Activity
2021-10-16 00:00:00,14:16:00,10/16/2021,18:41:00,Oregon: Lane County;,WECC,Transmission Interruption,Unknown,Unknown,2021,DOE_Electric_Disturbance_Events.xlsx:2021,"Unexpected Transmission loss within its area, contrary to design, of three or more Bulk Electric System Facilities caused by a common disturbance (excluding successful automatic reclosing).",False,False,False,Transmission Interruption
2021-10-18 00:00:00,22:18:00,10/18/2021,23:30:00,Pennsylvania:,RF,System Operations,0,0,2021,DOE_Electric_Disturbance_Events.xlsx:2021,Complete loss of monitoring or control capability at its staffed Bulk Electric System control center for 30 continuous minutes or more.,False,False,False,System Operations
2021-10-18 00:00:00,23:26:00,10/19/2021,15:00:00,Pennsylvania: Montgomery County;,RF,Suspicious Activity,0,0,2021,DOE_Electric_Disturbance_Events.xlsx:2021,"Physical threat to its Bulk Electric System control center, excluding weather or natural disaster related threats, which has the potential to degrade the normal operation of the control center. Or suspicious device or activity at its Bulk Electric System control center.",False,False,False,Suspicious Activity
2021-10-18 00:00:00,23:27:00,10/19/2021,10:05:00,Georgia: DeKalb County;,SERC,Suspicious Activity,0,0,2021,DOE_Electric_Disturbance_Events.xlsx:2021,"Physical threat to its Bulk Electric System control center, excluding weather or natural disaster related threats, which has the potential to degrade the normal operation of the control center. Or suspicious device or activity at its Bulk Electric System control center.",False,False,False,Suspicious Activity
2021-10-18 00:00:00,22:26:00,10/19/2021,08:19:00,Missouri: Boone County;,SERC/MRO,Suspicious Activity,0,0,2021,DOE_Electric_Disturbance_Events.xlsx:2021,"Physical threat to its Facility excluding weather or natural disaster related threats, which has the potential to degrade the normal operation of the Facility. Or suspicious device or activity at its Facility.",False,False,False,Suspicious Activity
2021-10-18 00:00:00,11:47:00,10/18/2021,11:48:00,Florida: Putnam County;,SERC,Vandalism,0,0,2021,DOE_Electric_Disturbance_Events.xlsx:2021,Damage or destruction of its Facility that results from actual or suspected intentional human action.,False,False,False,Vandalism
2021-10-19 00:00:00,15:34:00,10/19/2021,16:26:00,Ohio: Summit County;,RF,System Operations,42,1,2021,DOE_Electric_Disturbance_Events.xlsx:2021,"Unexpected Transmission loss within its area, contrary to design, of three or more Bulk Electric System Facilities caused by a common disturbance (excluding successful automatic reclosing).",False,False,False,System Operations
2021-10-20 00:00:00,23:00:00,10/21/2021,01:20:00,Wisconsin: Eau Claire County;,MRO/RF,System Operations,0,0,2021,DOE_Electric_Disturbance_Events.xlsx:2021,Complete loss of monitoring or control capability at its staffed Bulk Electric System control center for 30 continuous minutes or more.,False,False,False,System Operations
2021-10-22 00:00:00,19:55:00,10/23/2021,05:55:00,Louisiana: Lafayette Parish;,SERC,System Operations,132,0,2021,DOE_Electric_Disturbance_Events.xlsx:2021,Complete loss of monitoring or control capability at its staffed Bulk Electric System control center for 30 continuous minutes or more.,False,False,False,System Operations
2021-10-24 00:00:00,08:55:00,10/25/2021,18:15:00,California:,WECC,Severe Weather,116,59000,2021,DOE_Electric_Disturbance_Events.xlsx:2021,"Loss of electric service to more than 50,000 customers for 1 hour or more",False,False,False,Severe Weather
2021-10-24 00:00:00,07:00:00,10/26/2021,21:30:00,"Washington: King County, Pierce County, Skagit County, Thurston County;",WECC,Severe Weather,Unknown,233000,2021,DOE_Electric_Disturbance_Events.xlsx:2021,"Loss of electric service to more than 50,000 customers for 1 hour or more",False,False,False,Severe Weather
2021-10-27 00:00:00,17:57:00,10/28/2021,16:49:00,Louisiana: Ascension Parish;,SERC,System Operations,0,0,2021,DOE_Electric_Disturbance_Events.xlsx:2021,"Unexpected Transmission loss within its area, contrary to design, of three or more Bulk Electric System Facilities caused by a common disturbance (excluding successful automatic reclosing).",False,False,False,System Operations
2021-10-27 00:00:00,02:25:00,10/29/2021,08:37:00,Connecticut: Maine: Massachusetts: New Hampshire: Rhode Island: Vermont:,NPCC,Severe Weather,Unknown,169000,2021,DOE_Electric_Disturbance_Events.xlsx:2021,"Loss of electric service to more than 50,000 customers for 1 hour or more",False,False,False,Severe Weather
2021-10-28 00:00:00,12:47:00,10/28/2021,13:05:00,Montana: Valley County;,WECC,System Operations,20,0,2021,DOE_Electric_Disturbance_Events.xlsx:2021,"Unexpected Transmission loss within its area, contrary to design, of three or more Bulk Electric System Facilities caused by a common disturbance (excluding successful automatic reclosing).",False,False,False,System Operations
2021-10-28 00:00:00,14:15:00,10/30/2021,08:00:00,"Texas: Angelina County, Bell County, Cherokee County, Collin County, Denton County, Dallas County, Ellis County, Hunt County, Johnson County, McLennan County, Nacogdoches County, Smith County, Tarrant County, Travis County, Williamson County;",TRE,Severe Weather,Unknown,250000,2021,DOE_Electric_Disturbance_Events.xlsx:2021,"Loss of electric service to more than 50,000 customers for 1 hour or more",True,True,True,Severe Weather
2021-10-28 00:00:00,14:45:00,10/29/2021,20:30:00,Texas: Harris County;,TRE,Severe Weather,Unknown,130000,2021,DOE_Electric_Disturbance_Events.xlsx:2021,"Loss of electric service to more than 50,000 customers for 1 hour or more",True,True,True,Severe Weather
2021-10-28 00:00:00,12:06:00,10/28/2021,12:30:00,Texas: Haskell County;,TRE,Actual Physical Attack/Vandalism,Unknown,Unknown,2021,DOE_Electric_Disturbance_Events.xlsx:2021,Damage or destruction of its Facility that results from actual or suspected intentional human action.,True,True,True,Actual Physical Attack/Vandalism
2021-10-29 00:00:00,14:20:00,10/29/2021,15:00:00,Vermont: Lamoille County;,NPCC,Suspicious Activity,0,0,2021,DOE_Electric_Disturbance_Events.xlsx:2021,"Physical threat to its Facility excluding weather or natural disaster related threats, which has the potential to degrade the normal operation of the Facility. Or suspicious device or activity at its Facility.",False,False,False,Suspicious Activity
2021-10-30 00:00:00,07:31:00,Unknown,Unknown,New Jersey:,RF,Suspicious Activity,Unknown,Unknown,2021,DOE_Electric_Disturbance_Events.xlsx:2021,"Physical threat to its Facility excluding weather or natural disaster related threats, which has the potential to degrade the normal operation of the Facility. Or suspicious device or activity at its Facility.",False,False,False,Suspicious Activity
2021-10-31 00:00:00,07:49:00,10/31/2021,09:32:00,California: Alameda County;,WECC,Vandalism,0,0,2021,DOE_Electric_Disturbance_Events.xlsx:2021,Physical attack that could potentially impact electric power system adequacy or reliability; or vandalism which targets components of any security systems,False,False,False,Vandalism
2021-11-04 00:00:00,21:34:00,11/04/2021,22:57:00,Montana: Hill County;,WECC,System Operations,44,Unknown,2021,DOE_Electric_Disturbance_Events.xlsx:2021,"Unexpected Transmission loss within its area, contrary to design, of three or more Bulk Electric System Facilities caused by a common disturbance (excluding successful automatic reclosing).",False,False,False,System Operations
2021-11-06 00:00:00,06:45:00,11/06/2021,07:00:00,Pennsylvania: York County;,RF,Suspicious Activity,0,0,2021,DOE_Electric_Disturbance_Events.xlsx:2021,"Physical threat to its Facility excluding weather or natural disaster related threats, which has the potential to degrade the normal operation of the Facility. Or suspicious device or activity at its Facility.",False,False,False,Suspicious Activity
2021-11-06 00:00:00,08:40:00,11/06/2021,08:41:00,Washington: Grant County;,WECC,Suspicious Activity,Unknown,350,2021,DOE_Electric_Disturbance_Events.xlsx:2021,"Physical threat to its Facility excluding weather or natural disaster related threats, which has the potential to degrade the normal operation of the Facility. Or suspicious device or activity at its Facility.",False,False,False,Suspicious Activity
2021-11-08 00:00:00,22:53:00,11/08/2021,23:33:00,Washington: King County;,WECC,System Operations,9,Unknown,2021,DOE_Electric_Disturbance_Events.xlsx:2021,Electrical System Separation (Islanding) where part or parts of a power grid remain(s) operational in an otherwise blacked out area or within the partial failure of an integrated electrical system,False,False,False,System Operations
2021-11-09 00:00:00,18:00:00,11/09/2021,20:00:00,Mississippi: Coahoma County;,SERC,System Operations,Unknown,Unknown,2021,DOE_Electric_Disturbance_Events.xlsx:2021, Public appeal to reduce the use of electricity for purposes of maintaining the continuity of the Bulk Electric System,False,False,False,System Operations
2021-11-09 00:00:00,08:50:00,11/09/2021,16:00:00,Indiana: Floyd County;,RF,Vandalism,0,0,2021,DOE_Electric_Disturbance_Events.xlsx:2021,Damage or destruction of its Facility that results from actual or suspected intentional human action.,False,False,False,Vandalism
2021-11-10 00:00:00,21:19:00,11/11/2021,01:19:00,Texas: Brazos County;,TRE,Transmission Interruption,0,0,2021,DOE_Electric_Disturbance_Events.xlsx:2021,"Unexpected Transmission loss within its area, contrary to design, of three or more Bulk Electric System Facilities caused by a common disturbance (excluding successful automatic reclosing).",True,True,True,Transmission Interruption
2021-11-10 00:00:00,09:49:00,11/10/2021,10:05:00,New York:,NPCC,Transmission Interruption,0,0,2021,DOE_Electric_Disturbance_Events.xlsx:2021,"Unexpected Transmission loss within its area, contrary to design, of three or more Bulk Electric System Facilities caused by a common disturbance (excluding successful automatic reclosing).",False,False,False,Transmission Interruption
2021-11-11 00:00:00,05:52:00,11/11/2021,06:09:00,Texas: Montgomery County;,TRE,System Operations,67,Unknown,2021,DOE_Electric_Disturbance_Events.xlsx:2021,"Unexpected Transmission loss within its area, contrary to design, of three or more Bulk Electric System Facilities caused by a common disturbance (excluding successful automatic reclosing).",True,True,True,System Operations
2021-11-12 00:00:00,07:00:00,11/12/2021,07:14:00,Oregon: Multnomah County; Washington: Idaho: Utah: Wyoming:,WECC,Vandalism,0,0,2021,DOE_Electric_Disturbance_Events.xlsx:2021,Damage or destruction of its Facility that results from actual or suspected intentional human action.,False,False,False,Vandalism
2021-11-15 00:00:00,11:47:00,Unknown,Unknown,Colorado: Larimer County;,WECC,Suspicious Activity,0,0,2021,DOE_Electric_Disturbance_Events.xlsx:2021,Physical attack that could potentially impact electric power system adequacy or reliability; or vandalism which targets components of any security systems,False,False,False,Suspicious Activity
2021-11-15 00:00:00,11:00:00,11/17/2021,06:00:00,"Washington: King County, Kitsap County, Whatcom County, Thurston County, Pierce County;",WECC,Severe Weather,Unknown,90000,2021,DOE_Electric_Disturbance_Events.xlsx:2021,"Loss of electric service to more than 50,000 customers for 1 hour or more",False,False,False,Severe Weather
2021-11-16 00:00:00,00:42:00,11/16/2021,07:35:00,California: Los Angeles County;,WECC,Suspicious Activity,0,0,2021,DOE_Electric_Disturbance_Events.xlsx:2021,"Damage or destruction of a Facility within its Reliability Coordinator Area, Balancing Authority Area or Transmission Operator Area that results in action(s) to avoid a Bulk Electric System Emergency.",False,False,False,Suspicious Activity
2021-11-16 00:00:00,17:37:00,11/16/2021,18:21:00,Maryland: Baltimore County;,RF,System Operations,0,0,2021,DOE_Electric_Disturbance_Events.xlsx:2021,Unplanned evacuation from its Bulk Electric System control center facility for 30 continuous minutes or more.,False,False,False,System Operations
2021-11-17 00:00:00,12:43:00,11/17/2021,13:25:00,Michigan: Wexford County;,RF,System Operations,0,0,2021,DOE_Electric_Disturbance_Events.xlsx:2021,Complete loss of monitoring or control capability at its staffed Bulk Electric System control center for 30 continuous minutes or more.,False,False,False,System Operations
2021-11-17 00:00:00,13:12:00,Unknown,Unknown,Colorado: Larimer County;,WECC,Vandalism,0,0,2021,DOE_Electric_Disturbance_Events.xlsx:2021,Physical attack that could potentially impact electric power system adequacy or reliability; or vandalism which targets components of any security systems,False,False,False,Vandalism
2021-11-21 00:00:00,10:00:00,11/21/2021,10:01:00,Wisconsin:,MRO/RF,Cyber Event,0,0,2021,DOE_Electric_Disturbance_Events.xlsx:2021,Cyber Security Incident that was an attempt to compromise a High or Medium Impact Bulk Electric System Cyber System or their associated Electronic Access Control or Monitoring Systems,False,False,False,Cyber Event
2021-11-24 00:00:00,10:00:00,11/26/2021,10:21:00,"California: Riverside County, Ventura County, San Bernardino County, Orange County, Los Angeles County;",WECC,Severe Weather,Unknown,81406,2021,DOE_Electric_Disturbance_Events.xlsx:2021,"Loss of electric service to more than 50,000 customers for 1 hour or more",False,False,False,Severe Weather
2021-11-30 00:00:00,06:46:00,11/30/2021,06:47:00,North Carolina: South Carolina:,SERC,System Operations,0,0,2021,DOE_Electric_Disturbance_Events.xlsx:2021,"Unexpected Transmission loss within its area, contrary to design, of three or more Bulk Electric System Facilities caused by a common disturbance (excluding successful automatic reclosing).",False,False,False,System Operations
2021-11-30 00:00:00,06:52:00,11/30/2021,07:25:00,Texas: Cameron County;,TRE,Suspicious Activity,0,0,2021,DOE_Electric_Disturbance_Events.xlsx:2021,"Physical threat to its Facility excluding weather or natural disaster related threats, which has the potential to degrade the normal operation of the Facility. Or suspicious device or activity at its Facility.",True,True,True,Suspicious Activity
2021-11-30 00:00:00,13:47:00,11/30/2021,14:21:00,California:,WECC,System Operations,10,6000,2021,DOE_Electric_Disturbance_Events.xlsx:2021,Electrical System Separation (Islanding) where part or parts of a power grid remain(s) operational in an otherwise blacked out area or within the partial failure of an integrated electrical system,False,False,False,System Operations
2021-11-30 00:00:00,05:00:00,11/30/2021,05:01:00,Oregon: Multnomah County; Washington: Idaho: Utah: Wyoming:,WECC,Vandalism,0,0,2021,DOE_Electric_Disturbance_Events.xlsx:2021,Damage or destruction of its Facility that results from actual or suspected intentional human action.,False,False,False,Vandalism
2021-12-01 00:00:00,10:04:00,12/01/2021,13:08:00,Wisconsin: Eau Claire County;,MRO,System Operations,0,0,2021,DOE_Electric_Disturbance_Events.xlsx:2021,Complete loss of monitoring or control capability at its staffed Bulk Electric System control center for 30 continuous minutes or more.,False,False,False,System Operations
2021-12-02 00:00:00,10:33:00,12/02/2021,13:10:00,Texas:,TRE,System Operations,0,0,2021,DOE_Electric_Disturbance_Events.xlsx:2021,Complete loss of monitoring or control capability at its staffed Bulk Electric System control center for 30 continuous minutes or more.,True,True,True,System Operations
2021-12-07 00:00:00,14:33:00,12/07/2021,15:40:00,Indiana: Putnam County;,RF,Transmission Interruption,0,0,2021,DOE_Electric_Disturbance_Events.xlsx:2021,"Unexpected Transmission loss within its area, contrary to design, of three or more Bulk Electric System Facilities caused by a common disturbance (excluding successful automatic reclosing).",False,False,False,Transmission Interruption
2021-12-08 00:00:00,09:04:00,12/08/2021,09:35:00,New York: Broome County;,NPCC,System Operations,0,0,2021,DOE_Electric_Disturbance_Events.xlsx:2021,Complete loss of monitoring or control capability at its staffed Bulk Electric System control center for 30 continuous minutes or more.,False,False,False,System Operations
2021-12-10 00:00:00,12:06:00,12/10/2021,13:07:00,Idaho: Ada County;,WECC,Vandalism,0,0,2021,DOE_Electric_Disturbance_Events.xlsx:2021,Damage or destruction of its Facility that results from actual or suspected intentional human action.,False,False,False,Vandalism
2021-12-11 00:00:00,03:13:00,12/15/2021,15:30:00,"Tennessee: Davidson County, Sumner County;",SERC,Severe Weather,177,107344,2021,DOE_Electric_Disturbance_Events.xlsx:2021,"Loss of electric service to more than 50,000 customers for 1 hour or more",False,False,False,Severe Weather
2021-12-11 00:00:00,18:16:00,12/13/2021,17:00:00,New York:,NPCC,Severe Weather,Unknown,103000,2021,DOE_Electric_Disturbance_Events.xlsx:2021,"Loss of electric service to more than 50,000 customers for 1 hour or more",False,False,False,Severe Weather
2021-12-11 00:00:00,11:13:00,12/12/2021,23:06:00,Michigan:,MRO,Severe Weather,Unknown,182410,2021,DOE_Electric_Disturbance_Events.xlsx:2021,"Loss of electric service to more than 50,000 customers for 1 hour or more",False,False,False,Severe Weather
2021-12-11 00:00:00,10:30:00,12/11/2021,15:00:00,"Michigan: Van Buren County, Gladwin County, Montcalm County, Branch County, Allegan County, Ionia County, Newaygo County, Mecosta County, Lake County, Midland County, Ogemaw County, Osceola County, Tuscola County;",MRO,Severe Weather,Unknown,159947,2021,DOE_Electric_Disturbance_Events.xlsx:2021,"Loss of electric service to more than 50,000 customers for 1 hour or more",False,False,False,Severe Weather
2021-12-12 00:00:00,06:14:00,12/12/2021,06:40:00,Louisiana: De Soto Parish;,SERC,Vandalism,36,Unknown,2021,DOE_Electric_Disturbance_Events.xlsx:2021,Physical attack that could potentially impact electric power system adequacy or reliability; or vandalism which targets components of any security systems,False,False,False,Vandalism
2021-12-14 00:00:00,07:28:00,12/14/2021,13:43:00,California: Humboldt County;,WECC,Severe Weather,120,65994,2021,DOE_Electric_Disturbance_Events.xlsx:2021,Electrical System Separation (Islanding) where part or parts of a power grid remain(s) operational in an otherwise blacked out area or within the partial failure of an integrated electrical system,False,False,False,Severe Weather
2021-12-14 00:00:00,09:39:00,12/14/2021,09:48:00,Washington: Chelan County;,WECC,System Operations,0,0,2021,DOE_Electric_Disturbance_Events.xlsx:2021,"Unexpected Transmission loss within its area, contrary to design, of three or more Bulk Electric System Facilities caused by a common disturbance (excluding successful automatic reclosing).",False,False,False,System Operations
2021-12-15 00:00:00,19:00:00,12/16/2021,03:00:00,Kansas:,MRO,Severe Weather,Unknown,174000,2021,DOE_Electric_Disturbance_Events.xlsx:2021,"Loss of electric service to more than 50,000 customers for 1 hour or more",False,False,False,Severe Weather
2021-12-15 00:00:00,18:00:00,12/16/2021,09:00:00,Iowa: Wisconsin:,MRO,Severe Weather,Unknown,134000,2021,DOE_Electric_Disturbance_Events.xlsx:2021,"Loss of electric service to more than 50,000 customers for 1 hour or more",False,False,False,Severe Weather
2021-12-15 00:00:00,16:37:00,12/16/2021,11:30:00,Missouri: Kansas:,SERC/MRO,Severe Weather,0,258000,2021,DOE_Electric_Disturbance_Events.xlsx:2021,"Loss of electric service to more than 50,000 customers for 1 hour or more",False,False,False,Severe Weather
2021-12-15 00:00:00,20:00:00,Unknown,Unknown,Wisconsin:,MRO,Severe Weather,Unknown,80000,2021,DOE_Electric_Disturbance_Events.xlsx:2021,"Loss of electric service to more than 50,000 customers for 1 hour or more",False,False,False,Severe Weather
2021-12-15 00:00:00,20:00:00,Unknown,Unknown,Wisconsin:,MRO,Severe Weather,Unknown,156000,2021,DOE_Electric_Disturbance_Events.xlsx:2021,"Loss of electric service to more than 50,000 customers for 1 hour or more",False,False,False,Severe Weather
2021-12-15 00:00:00,21:00:00,Unknown,Unknown,Iowa: Minnesota:,MRO,Severe Weather,Unknown,Unknown,2021,DOE_Electric_Disturbance_Events.xlsx:2021," Damage or destruction of a Facility within its Reliability Coordinator Area, Balancing Authority Area or Transmission Operator Area that results in action(s) to avoid a Bulk Electric System Emergency.",False,False,False,Severe Weather
2021-12-15 00:00:00,15:56:00,12/15/2021,17:27:00,Nebraska: Burt County;,MRO,System Operations,5,Unknown,2021,DOE_Electric_Disturbance_Events.xlsx:2021,"Unexpected Transmission loss within its area, contrary to design, of three or more Bulk Electric System Facilities caused by a common disturbance (excluding successful automatic reclosing).",False,False,False,System Operations
2021-12-15 00:00:00,16:37:00,Unknown,Unknown,Missouri: Kansas:,SERC/MRO,Severe Weather,Unknown,Unknown,2021,DOE_Electric_Disturbance_Events.xlsx:2021,"Loss of electric service to more than 50,000 customers for 1 hour or more",False,False,False,Severe Weather
2021-12-16 00:00:00,06:00:00,12/16/2021,20:00:00,"Michigan: Antrim County, Kalkaska County, Grand Traverse County, Leelanau County, Benzie County, Manistee County, Wexford County, Missaukee County, Lake County, Osceola County, Oceana County, Newaygo County, Mecosta County, Emmet County, Charlevoix County, Cheboygan County, Clare County, Roscommon County, Crawford County, Ogemaw County;",MRO,Severe Weather,Unknown,200675,2021,DOE_Electric_Disturbance_Events.xlsx:2021,"Loss of electric service to more than 50,000 customers for 1 hour or more",False,False,False,Severe Weather
2021-12-18 00:00:00,13:04:00,12/18/2021,21:59:00,California:,WECC,Suspicious Activity,10,11770,2021,DOE_Electric_Disturbance_Events.xlsx:2021,Physical attack that causes major interruptions or impacts to critical infrastructure or to operations,False,False,False,Suspicious Activity
2021-12-19 00:00:00,20:48:00,12/19/2021,21:00:00,Texas: Cameron County;,TRE,Suspicious Activity,0,0,2021,DOE_Electric_Disturbance_Events.xlsx:2021,"Physical threat to its Facility excluding weather or natural disaster related threats, which has the potential to degrade the normal operation of the Facility. Or suspicious device or activity at its Facility.",True,True,True,Suspicious Activity
2021-12-21 00:00:00,21:59:00,12/22/2021,14:15:00,Texas: Cameron County;,TRE,System Operations,22,Unknown,2021,DOE_Electric_Disturbance_Events.xlsx:2021,"Unexpected Transmission loss within its area, contrary to design, of three or more Bulk Electric System Facilities caused by a common disturbance (excluding successful automatic reclosing).",True,True,True,System Operations
2021-12-23 00:00:00,01:10:00,12/23/2021,01:15:00,Pennsylvania: York County;,RF,Suspicious Activity,0,0,2021,DOE_Electric_Disturbance_Events.xlsx:2021,"Physical threat to its Facility excluding weather or natural disaster related threats, which has the potential to degrade the normal operation of the Facility. Or suspicious device or activity at its Facility.",False,False,False,Suspicious Activity
2021-12-23 00:00:00,14:02:00,12/23/2021,14:55:00,Massachusetts: Suffolk County[13];,NPCC,System Operations,0,0,2021,DOE_Electric_Disturbance_Events.xlsx:2021,"Unexpected Transmission loss within its area, contrary to design, of three or more Bulk Electric System Facilities caused by a common disturbance (excluding successful automatic reclosing).",False,False,False,System Operations
2021-12-24 00:00:00,00:34:00,12/24/2021,06:40:00,Texas: Rusk County;,TRE,System Operations,Unknown,Unknown,2021,DOE_Electric_Disturbance_Events.xlsx:2021,"Unexpected Transmission loss within its area, contrary to design, of three or more Bulk Electric System Facilities caused by a common disturbance (excluding successful automatic reclosing).",True,True,True,System Operations
2021-12-27 00:00:00,04:11:00,01/01/2022,02:41:00,California:,WECC,Severe Weather,381,115830,2021,DOE_Electric_Disturbance_Events.xlsx:2021,"Loss of electric service to more than 50,000 customers for 1 hour or more",False,False,False,Severe Weather
2021-12-27 00:00:00,21:01:00,12/30/2021,09:11:00,California: Humboldt County;,WECC,System Operations,120,65994,2021,DOE_Electric_Disturbance_Events.xlsx:2021,Electrical System Separation (Islanding) where part or parts of a power grid remain(s) operational in an otherwise blacked out area or within the partial failure of an integrated electrical system,False,False,False,System Operations
2021-12-29 00:00:00,11:00:00,12/29/2021,12:00:00,Nevada: Clark County;,WECC,System Operations,0,0,2021,DOE_Electric_Disturbance_Events.xlsx:2021,Complete loss of monitoring or control capability at its staffed Bulk Electric System control center for 30 continuous minutes or more.,False,False,False,System Operations
2021-12-30 00:00:00,18:51:00,Unknown,Unknown,"Missouri: Adair County, Putnam County;",SERC,Vandalism,0,0,2021,DOE_Electric_Disturbance_Events.xlsx:2021,Damage or destruction of its Facility that results from actual or suspected intentional human action.,False,False,False,Vandalism
2022-01-01 00:00:00,12:36:00,01/01/2022,14:12:00,Washington: Thurston County;,WECC,System Operations,0,0,2022,DOE_Electric_Disturbance_Events.xlsx:2022," Damage or destruction of a Facility within its Reliability Coordinator Area, Balancing Authority Area or Transmission Operator Area that results in action(s) to avoid a Bulk Electric System Emergency.",False,False,False,System Operations
2022-01-01 00:00:00,12:36:00,01/02/2022,19:43:00,Washington: Thurston County;,WECC,System Operations,0,0,2022,DOE_Electric_Disturbance_Events.xlsx:2022," Damage or destruction of a Facility within its Reliability Coordinator Area, Balancing Authority Area or Transmission Operator Area that results in action(s) to avoid a Bulk Electric System Emergency.",False,False,False,System Operations
2022-01-01 00:00:00,01:01:00,Unknown,Unknown,Georgia: Clayton County;,SERC,Vandalism,0,0,2022,DOE_Electric_Disturbance_Events.xlsx:2022,Damage or destruction of its Facility that results from actual or suspected intentional human action.,False,False,False,Vandalism
2022-01-01 00:00:00,00:06:00,01/01/2022,05:51:00,New Hampshire: Merrimack County;,NPCC,Suspicious Activity,2,845,2022,DOE_Electric_Disturbance_Events.xlsx:2022,Damage or destruction of its Facility that results from actual or suspected intentional human action.,False,False,False,Suspicious Activity
2022-01-02 00:00:00,13:21:00,01/02/2022,17:38:00,California: Tuolumne County;,WECC,Severe Weather,3,1706,2022,DOE_Electric_Disturbance_Events.xlsx:2022,Electrical System Separation (Islanding) where part or parts of a power grid remain(s) operational in an otherwise blacked out area or within the partial failure of an integrated electrical system,False,False,False,Severe Weather
2022-01-03 00:00:00,12:45:00,01/03/2022,12:46:00,Washington: Thurston County;,WECC,Vandalism,0,0,2022,DOE_Electric_Disturbance_Events.xlsx:2022,Physical attack that could potentially impact electric power system adequacy or reliability; or vandalism which targets components of any security systems,False,False,False,Vandalism
2022-01-03 00:00:00,05:00:00,01/04/2022,18:00:00,South Carolina:,SERC,Severe Weather,Unknown,60424,2022,DOE_Electric_Disturbance_Events.xlsx:2022,"Loss of electric service to more than 50,000 customers for 1 hour or more",False,False,False,Severe Weather
2022-01-03 00:00:00,05:30:00,01/04/2022,12:30:00,North Carolina: South Carolina:,SERC,Severe Weather,Unknown,142000,2022,DOE_Electric_Disturbance_Events.xlsx:2022,"Loss of electric service to more than 50,000 customers for 1 hour or more",False,False,False,Severe Weather
2022-01-03 00:00:00,01:00:00,01/03/2022,14:00:00,Georgia: Alabama: Mississippi:,SERC,Severe Weather,283,40885,2022,DOE_Electric_Disturbance_Events.xlsx:2022,"Loss of electric service to more than 50,000 customers for 1 hour or more",False,False,False,Severe Weather
2022-01-05 00:00:00,12:32:00,01/05/2022,12:45:00,Massachusetts: Plymouth County;,NPCC,System Operations,0,0,2022,DOE_Electric_Disturbance_Events.xlsx:2022,"Unexpected Transmission loss within its area, contrary to design, of three or more Bulk Electric System Facilities caused by a common disturbance (excluding successful automatic reclosing).",False,False,False,System Operations
2022-01-08 00:00:00,02:20:00,01/12/2022,07:40:00,Florida: Citrus County;,SERC,Vandalism,0,0,2022,DOE_Electric_Disturbance_Events.xlsx:2022,Damage or destruction of its Facility that results from actual or suspected intentional human action.,False,False,False,Vandalism
2022-01-08 00:00:00,18:07:00,01/08/2022,22:26:00,New Hampshire: Merrimack County;,NPCC,Suspicious Activity,0,0,2022,DOE_Electric_Disturbance_Events.xlsx:2022,Physical attack that could potentially impact electric power system adequacy or reliability; or vandalism which targets components of any security systems,False,False,False,Suspicious Activity
2022-01-08 00:00:00,02:56:00,01/08/2022,03:03:00,"Texas: Cameron County, Willacy County;",TRE,System Operations,0,0,2022,DOE_Electric_Disturbance_Events.xlsx:2022,"Unexpected Transmission loss within its area, contrary to design, of three or more Bulk Electric System Facilities caused by a common disturbance (excluding successful automatic reclosing).",True,True,True,System Operations
2022-01-09 00:00:00,18:08:00,Unknown,Unknown,Mississippi: Adams County;,SERC,System Operations,Unknown,Unknown,2022,DOE_Electric_Disturbance_Events.xlsx:2022,"Unexpected Transmission loss within its area, contrary to design, of three or more Bulk Electric System Facilities caused by a common disturbance (excluding successful automatic reclosing).",False,False,False,System Operations
2022-01-12 00:00:00,09:20:00,01/12/2022,10:25:00,Indiana: Kentucky: Ohio:,SERC/RF,System Operations,Unknown,Unknown,2022,DOE_Electric_Disturbance_Events.xlsx:2022,Complete loss of monitoring or control capability at its staffed Bulk Electric System control center for 30 continuous minutes or more.,False,False,False,System Operations
2022-01-13 00:00:00,16:00:00,01/13/2022,16:01:00,Massachusetts: Hampden County[13];,NPCC,Suspicious Activity,0,0,2022,DOE_Electric_Disturbance_Events.xlsx:2022,"Physical threat to its Bulk Electric System control center, excluding weather or natural disaster related threats, which has the potential to degrade the normal operation of the control center. Or suspicious device or activity at its Bulk Electric System control center.",False,False,False,Suspicious Activity
2022-01-14 00:00:00,13:50:00,01/14/2022,14:13:00,Pennsylvania: Bucks County;,NPCC,Suspicious Activity,0,0,2022,DOE_Electric_Disturbance_Events.xlsx:2022,Damage or destruction of its Facility that results from actual or suspected intentional human action.,False,False,False,Suspicious Activity
2022-01-14 00:00:00,08:34:00,01/14/2022,08:42:00,Texas: Potter County; New Mexico:,TRE/WECC,Transmission Interruption,0,0,2022,DOE_Electric_Disturbance_Events.xlsx:2022,"Unexpected Transmission loss within its area, contrary to design, of three or more Bulk Electric System Facilities caused by a common disturbance (excluding successful automatic reclosing).",True,True,True,Transmission Interruption
2022-01-15 00:00:00,14:09:00,01/15/2022,14:28:00,New York: Orange County;,NPCC,Suspicious Activity,0,0,2022,DOE_Electric_Disturbance_Events.xlsx:2022,"Physical threat to its Facility excluding weather or natural disaster related threats, which has the potential to degrade the normal operation of the Facility. Or suspicious device or activity at its Facility.",False,False,False,Suspicious Activity
2022-01-16 00:00:00,12:05:00,01/17/2022,08:45:00,North Carolina: Jackson County; South Carolina: Greenville County;,SERC,Severe Weather,Unknown,51289,2022,DOE_Electric_Disturbance_Events.xlsx:2022,"Loss of electric service to more than 50,000 customers for 1 hour or more",False,False,False,Severe Weather
2022-01-16 00:00:00,13:15:00,01/16/2022,17:15:00,North Carolina: South Carolina:,SERC,Severe Weather,Unknown,74638,2022,DOE_Electric_Disturbance_Events.xlsx:2022,"Loss of electric service to more than 50,000 customers for 1 hour or more",False,False,False,Severe Weather
2022-01-16 00:00:00,05:15:00,01/17/2022,00:06:00,Georgia: Alabama:,SERC,Severe Weather,436,61113,2022,DOE_Electric_Disturbance_Events.xlsx:2022,"Loss of electric service to more than 50,000 customers for 1 hour or more",False,False,False,Severe Weather
2022-01-18 00:00:00,22:22:00,01/18/2022,22:23:00,Texas: Harris County;,TRE,Cyber Event,0,0,2022,DOE_Electric_Disturbance_Events.xlsx:2022,Cyber Security Incident that was an attempt to compromise a High or Medium Impact Bulk Electric System Cyber System or their associated Electronic Access Control or Monitoring Systems,True,True,True,Cyber Event
2022-01-19 00:00:00,14:35:00,01/19/2022,16:02:00,Maine:,NPCC,System Operations,0,0,2022,DOE_Electric_Disturbance_Events.xlsx:2022,Complete loss of monitoring or control capability at its staffed Bulk Electric System control center for 30 continuous minutes or more.,False,False,False,System Operations
2022-01-20 00:00:00,19:57:00,01/21/2022,05:30:00,Mississippi: Arkansas: Louisiana: Texas:,TRE/SERC,Severe Weather,0,0,2022,DOE_Electric_Disturbance_Events.xlsx:2022,Complete loss of monitoring or control capability at its staffed Bulk Electric System control center for 30 continuous minutes or more.,True,True,True,Severe Weather
2022-01-20 00:00:00,09:00:00,01/20/2022,09:59:00,Maine:,NPCC,System Operations,0,0,2022,DOE_Electric_Disturbance_Events.xlsx:2022,Complete loss of monitoring or control capability at its staffed Bulk Electric System control center for 30 continuous minutes or more.,False,False,False,System Operations
2022-01-23 00:00:00,00:37:00,01/23/2022,00:42:00,Pennsylvania: Westmoreland County;,RF,Suspicious Activity,0,0,2022,DOE_Electric_Disturbance_Events.xlsx:2022,"Physical threat to its Facility excluding weather or natural disaster related threats, which has the potential to degrade the normal operation of the Facility. Or suspicious device or activity at its Facility.",False,False,False,Suspicious Activity
2022-01-24 00:00:00,10:27:00,01/24/2022,10:51:00,Washington: Chelan County;,WECC,System Operations,0,0,2022,DOE_Electric_Disturbance_Events.xlsx:2022,"Unexpected Transmission loss within its area, contrary to design, of three or more Bulk Electric System Facilities caused by a common disturbance (excluding successful automatic reclosing).",False,False,False,System Operations
2022-01-24 00:00:00,11:50:00,01/24/2022,16:00:00,"New York: Dutchess County, Greene County;",NPCC,Sabotage,0,0,2022,DOE_Electric_Disturbance_Events.xlsx:2022,Damage or destruction of its Facility that results from actual or suspected intentional human action.,False,False,False,Sabotage
2022-01-26 00:00:00,13:37:00,01/26/2022,14:15:00,Florida: Leon County;,SERC,System Operations,0,0,2022,DOE_Electric_Disturbance_Events.xlsx:2022,Complete loss of monitoring or control capability at its staffed Bulk Electric System control center for 30 continuous minutes or more.,False,False,False,System Operations
2022-01-27 00:00:00,11:30:00,01/27/2022,11:31:00,Nevada: Clark County;,WECC,Vandalism,0,0,2022,DOE_Electric_Disturbance_Events.xlsx:2022," Damage or destruction of a Facility within its Reliability Coordinator Area, Balancing Authority Area or Transmission Operator Area that results in action(s) to avoid a Bulk Electric System Emergency.",False,False,False,Vandalism
2022-01-28 00:00:00,15:41:00,01/28/2022,21:30:00,"Colorado: Douglas County, Pueblo County, El Paso County, Prowers County;",WECC,Transmission Interruption,0,0,2022,DOE_Electric_Disturbance_Events.xlsx:2022,"Unexpected Transmission loss within its area, contrary to design, of three or more Bulk Electric System Facilities caused by a common disturbance (excluding successful automatic reclosing).",False,False,False,Transmission Interruption
2022-01-29 00:00:00,08:45:00,01/30/2022,01:00:00,Connecticut: Massachusetts: New Hampshire: Rhode Island: Vermont: Maine:,NPCC,Severe Weather,120,12000,2022,DOE_Electric_Disturbance_Events.xlsx:2022,"Loss of electric service to more than 50,000 customers for 1 hour or more",False,False,False,Severe Weather
2022-01-30 00:00:00,20:41:00,01/31/2022,00:42:00,Nebraska:,MRO,System Operations,0,0,2022,DOE_Electric_Disturbance_Events.xlsx:2022,Complete loss of monitoring or control capability at its staffed Bulk Electric System control center for 30 continuous minutes or more.,False,False,False,System Operations
2022-01-31 00:00:00,19:58:00,01/31/2022,20:10:00,West Virginia: Monongalia County;,RF,Suspicious Activity,0,0,2022,DOE_Electric_Disturbance_Events.xlsx:2022,"Physical threat to its Facility excluding weather or natural disaster related threats, which has the potential to degrade the normal operation of the Facility. Or suspicious device or activity at its Facility.",False,False,False,Suspicious Activity
2022-02-01 00:00:00,12:13:00,02/01/2022,12:25:00,California: Yuba County;,WECC,System Operations,10,8124,2022,DOE_Electric_Disturbance_Events.xlsx:2022,Electrical System Separation (Islanding) where part or parts of a power grid remain(s) operational in an otherwise blacked out area or within the partial failure of an integrated electrical system,False,False,False,System Operations
2022-02-03 00:00:00,10:00:00,02/07/2022,20:00:00,Tennessee: Shelby County;,SERC,Severe Weather/Transmission Interruption,Unknown,255000,2022,DOE_Electric_Disturbance_Events.xlsx:2022,"Loss of electric service to more than 50,000 customers for 1 hour or more",False,False,False,Severe Weather/Transmission Interruption
2022-02-03 00:00:00,12:56:00,02/04/2022,20:30:00,Ohio:,RF,Severe Weather/Transmission Interruption,Unknown,51000,2022,DOE_Electric_Disturbance_Events.xlsx:2022,"Loss of electric service to more than 50,000 customers for 1 hour or more",False,False,False,Severe Weather/Transmission Interruption
2022-02-03 00:00:00,12:56:00,Unknown,Unknown,Ohio:,RF,Severe Weather/Transmission Interruption,Unknown,51000,2022,DOE_Electric_Disturbance_Events.xlsx:2022,"Loss of electric service to more than 50,000 customers for 1 hour or more",False,False,False,Severe Weather/Transmission Interruption
2022-02-04 00:00:00,18:21:00,02/04/2022,22:00:00,Texas:,TRE,Transmission Interruption,Unknown,Unknown,2022,DOE_Electric_Disturbance_Events.xlsx:2022,Electrical System Separation (Islanding) where part or parts of a power grid remain(s) operational in an otherwise blacked out area or within the partial failure of an integrated electrical system,True,True,True,Transmission Interruption
2022-02-04 00:00:00,13:10:00,Unknown,Unknown,New York: Ulster County;,NPCC,Severe Weather/Transmission Interruption,Unknown,67404,2022,DOE_Electric_Disturbance_Events.xlsx:2022,"Loss of electric service to more than 50,000 customers for 1 hour or more",False,False,False,Severe Weather/Transmission Interruption
2022-02-09 00:00:00,07:00:00,02/09/2022,09:00:00,New York: Orange County;,NPCC,Vandalism,0,0,2022,DOE_Electric_Disturbance_Events.xlsx:2022,Physical attack that could potentially impact electric power system adequacy or reliability; or vandalism which targets components of any security systems,False,False,False,Vandalism
2022-02-12 00:00:00,16:29:00,02/12/2022,16:30:00,California: Alameda County;,WECC,Vandalism,Unknown,Unknown,2022,DOE_Electric_Disturbance_Events.xlsx:2022,Physical attack that could potentially impact electric power system adequacy or reliability; or vandalism which targets components of any security systems,False,False,False,Vandalism
2022-02-17 00:00:00,10:30:00,02/17/2022,10:31:00,Rhode Island: Providence County[13];,NPCC,Suspicious Activity,0,0,2022,DOE_Electric_Disturbance_Events.xlsx:2022,"Physical threat to its Facility excluding weather or natural disaster related threats, which has the potential to degrade the normal operation of the Facility. Or suspicious device or activity at its Facility.",False,False,False,Suspicious Activity
2022-02-17 00:00:00,00:09:00,02/17/2022,07:36:00,Louisiana: Lafayette Parish;,SERC,System Operations,80,0,2022,DOE_Electric_Disturbance_Events.xlsx:2022,Complete loss of monitoring or control capability at its staffed Bulk Electric System control center for 30 continuous minutes or more.,False,False,False,System Operations
2022-02-18 00:00:00,07:10:00,02/18/2022,16:25:00,Connecticut: Maine: Massachusetts: New Hampshire: Vermont: Rhode Island:,NPCC,Severe Weather,7,7047,2022,DOE_Electric_Disturbance_Events.xlsx:2022,"Loss of electric service to more than 50,000 customers for 1 hour or more",False,False,False,Severe Weather
2022-02-22 00:00:00,11:10:00,02/22/2022,12:15:00,Texas: Llano County;,TRE,Suspicious Activity,0,0,2022,DOE_Electric_Disturbance_Events.xlsx:2022,"Physical threat to its Facility excluding weather or natural disaster related threats, which has the potential to degrade the normal operation of the Facility. Or suspicious device or activity at its Facility.",True,True,True,Suspicious Activity
2022-02-24 00:00:00,10:25:00,02/24/2022,10:31:00,Texas: Montgomery County;,TRE,Transmission Interruption,3,1405,2022,DOE_Electric_Disturbance_Events.xlsx:2022,"Unexpected Transmission loss within its area, contrary to design, of three or more Bulk Electric System Facilities caused by a common disturbance (excluding successful automatic reclosing).",True,True,True,Transmission Interruption
2022-02-24 00:00:00,01:09:00,02/24/2022,02:59:00,"California: San Bernardino County, Kern County, Solano County, San Diego County;",WECC,System Operations,246,0,2022,DOE_Electric_Disturbance_Events.xlsx:2022,Complete loss of monitoring or control capability at its staffed Bulk Electric System control center for 30 continuous minutes or more.,False,False,False,System Operations
2022-02-25 00:00:00,09:31:00,02/25/2022,13:09:00,Texas: Travis County; California: San Diego County;,TRE,System Operations,0,0,2022,DOE_Electric_Disturbance_Events.xlsx:2022, Unplanned evacuation from its Bulk Electric System control center facility for 30 continuous minutes or more.,True,True,True,System Operations
2022-02-26 00:00:00,11:15:00,02/26/2022,17:00:00,Washington: Grant County;,WECC,Actual Physical Attack,0,0,2022,DOE_Electric_Disturbance_Events.xlsx:2022,"Physical threat to its Facility excluding weather or natural disaster related threats, which has the potential to degrade the normal operation of the Facility. Or suspicious device or activity at its Facility.",False,False,False,Actual Physical Attack
2022-02-28 00:00:00,09:25:00,02/28/2022,09:26:00,Texas: Mitchell County;,TRE,Vandalism,0,0,2022,DOE_Electric_Disturbance_Events.xlsx:2022, Damage or destruction of its Facility that results from actual or suspected intentional human action.,True,True,True,Vandalism
2022-03-01 00:00:00,13:43:00,03/01/2022,13:47:00,"Indiana: Marion County, Shelby County, Hendricks County;",RF,System Operations,0,0,2022,DOE_Electric_Disturbance_Events.xlsx:2022,"Unexpected Transmission loss within its area, contrary to design, of three or more Bulk Electric System Facilities caused by a common disturbance (excluding successful automatic reclosing).",False,False,False,System Operations
2022-03-02 00:00:00,09:26:00,03/02/2022,10:05:00,North Carolina: South Carolina:,SERC,System Operations,0,0,2022,DOE_Electric_Disturbance_Events.xlsx:2022,Unplanned evacuation from its Bulk Electric System control center facility for 30 continuous minutes or more.,False,False,False,System Operations
2022-03-05 00:00:00,22:58:00,03/06/2022,19:38:00,Illinois: DuPage County;,SERC/RF,System Operations,0,0,2022,DOE_Electric_Disturbance_Events.xlsx:2022,"Unexpected Transmission loss within its area, contrary to design, of three or more Bulk Electric System Facilities caused by a common disturbance (excluding successful automatic reclosing).",False,False,False,System Operations
2022-03-06 00:00:00,02:30:00,03/06/2022,17:00:00,Texas: Cameron County;,TRE,Cyber Event,0,0,2022,DOE_Electric_Disturbance_Events.xlsx:2022,Cyber event that could potentially impact electric power system adequacy or reliability,True,True,True,Cyber Event
2022-03-08 00:00:00,13:50:00,03/08/2022,14:39:00,Georgia: Terrell County;,TRE,System Operations,48,5855,2022,DOE_Electric_Disturbance_Events.xlsx:2022,"Unexpected Transmission loss within its area, contrary to design, of three or more Bulk Electric System Facilities caused by a common disturbance (excluding successful automatic reclosing).",False,True,True,System Operations
2022-03-10 00:00:00,08:51:00,03/10/2022,15:15:00,Nebraska: Scotts Bluff County;,MRO,Transmission Interruption,0,0,2022,DOE_Electric_Disturbance_Events.xlsx:2022,"Unexpected Transmission loss within its area, contrary to design, of three or more Bulk Electric System Facilities caused by a common disturbance (excluding successful automatic reclosing).",False,False,False,Transmission Interruption
2022-03-11 00:00:00,06:35:00,03/11/2022,07:00:00,Texas: Cameron County;,TRE,Suspicious Activity,0,0,2022,DOE_Electric_Disturbance_Events.xlsx:2022,"Physical threat to its Facility excluding weather or natural disaster related threats, which has the potential to degrade the normal operation of the Facility. Or suspicious device or activity at its Facility.",True,True,True,Suspicious Activity
2022-03-12 00:00:00,08:33:00,Unknown,Unknown,Alabama: Georgia: Mississippi: Florida:,SERC,Severe Weather,139,19380,2022,DOE_Electric_Disturbance_Events.xlsx:2022,"Loss of electric service to more than 50,000 customers for 1 hour or more",False,False,False,Severe Weather
2022-03-13 00:00:00,22:15:00,03/13/2022,22:38:00,Minnesota: Hennepin County;,MRO,Vandalism,0,0,2022,DOE_Electric_Disturbance_Events.xlsx:2022,Damage or destruction of its Facility that results from actual or suspected intentional human action.,False,False,False,Vandalism
2022-03-14 00:00:00,09:30:00,03/14/2022,10:45:00,Texas: Cameron County;,TRE,Vandalism,0,0,2022,DOE_Electric_Disturbance_Events.xlsx:2022,"Physical threat to its Facility excluding weather or natural disaster related threats, which has the potential to degrade the normal operation of the Facility. Or suspicious device or activity at its Facility.",True,True,True,Vandalism
2022-03-14 00:00:00,15:45:00,Unknown,Unknown,New Jersey:,RF,Suspicious Activity,Unknown,Unknown,2022,DOE_Electric_Disturbance_Events.xlsx:2022,"Physical threat to its Facility excluding weather or natural disaster related threats, which has the potential to degrade the normal operation of the Facility. Or suspicious device or activity at its Facility.",False,False,False,Suspicious Activity
2022-03-15 00:00:00,18:53:00,03/15/2022,20:33:00,California: Lake County;,WECC,Vandalism,10,3958,2022,DOE_Electric_Disturbance_Events.xlsx:2022,"Physical threat to its Facility excluding weather or natural disaster related threats, which has the potential to degrade the normal operation of the Facility. Or suspicious device or activity at its Facility.",False,False,False,Vandalism
2022-03-15 00:00:00,11:11:00,03/15/2022,11:47:00,Maine:,NPCC,System Operations,0,0,2022,DOE_Electric_Disturbance_Events.xlsx:2022,Complete loss of monitoring or control capability at its staffed Bulk Electric System control center for 30 continuous minutes or more.,False,False,False,System Operations
2022-03-16 00:00:00,11:28:00,03/16/2022,11:29:00,California: Sacramento County;,WECC,Vandalism,0,0,2022,DOE_Electric_Disturbance_Events.xlsx:2022,Damage or destruction of its Facility that results from actual or suspected intentional human action.,False,False,False,Vandalism
2022-03-17 00:00:00,12:59:00,44641,16:38:00,North Carolina: Durham County;,SERC,Actual Physical Attack/Vandalism,0,0,2022,DOE_Electric_Disturbance_Events.xlsx:2022,Damage or destruction of its Facility that results from actual or suspected intentional human action.,False,False,False,Actual Physical Attack/Vandalism
2022-03-18 00:00:00,16:32:00,Unknown,Unknown,Florida: Palm Beach County;,SERC,Transmission Interruption,78,20423,2022,DOE_Electric_Disturbance_Events.xlsx:2022,"Unexpected Transmission loss within its area, contrary to design, of three or more Bulk Electric System Facilities caused by a common disturbance (excluding successful automatic reclosing).",False,False,False,Transmission Interruption
2022-03-20 00:00:00,17:52:00,03/20/2022,22:20:00,Minnesota: St. Louis County;,MRO,System Operations,0,0,2022,DOE_Electric_Disturbance_Events.xlsx:2022,Complete loss of monitoring or control capability at its staffed Bulk Electric System control center for 30 continuous minutes or more.,False,False,False,System Operations
2022-03-21 00:00:00,19:00:00,03/24/2022,00:00:00,"Texas: Anderson County, Bell County, Bosque County, Comanche County, Coryell County, Falls County, Freestone County, Hamilton County, Henderson County, Hill County, Lampasas County, Leon County, Limestone County, McLennan County, Milam County, Mills County, Robertson County, Collin County, Cooke County, Dallas County, Denton County, Ellis County, Erath County, Fannin County, Grayson County, Hood County, Hunt County, Johnson County, Kaufman County, Navarro County, Parker County, Rains County, Rockwall County, Somervell County, Tarrant County, Van Zandt County, Wise County;",TRE,Severe Weather,Unknown,170000,2022,DOE_Electric_Disturbance_Events.xlsx:2022,"Loss of electric service to more than 50,000 customers for 1 hour or more",True,True,True,Severe Weather
2022-03-22 00:00:00,21:04:00,03/22/2022,21:08:00,Maryland: Prince George's County;,RF,Suspicious Activity,0,0,2022,DOE_Electric_Disturbance_Events.xlsx:2022,"Physical threat to its Facility excluding weather or natural disaster related threats, which has the potential to degrade the normal operation of the Facility. Or suspicious device or activity at its Facility.",False,False,False,Suspicious Activity
2022-03-22 00:00:00,00:06:00,03/22/2022,04:29:00,South Dakota:,MRO,Transmission Interruption,0,0,2022,DOE_Electric_Disturbance_Events.xlsx:2022,"Unexpected Transmission loss within its area, contrary to design, of three or more Bulk Electric System Facilities caused by a common disturbance (excluding successful automatic reclosing).",False,False,False,Transmission Interruption
2022-03-25 00:00:00,20:46:00,03/25/2022,22:48:00,Maine:,NPCC,System Operations,0,0,2022,DOE_Electric_Disturbance_Events.xlsx:2022,Complete loss of monitoring or control capability at its staffed Bulk Electric System control center for 30 continuous minutes or more.,False,False,False,System Operations
2022-03-29 00:00:00,11:45:00,Unknown,Unknown,California: Imperial County;,WECC,Vandalism,0,0,2022,DOE_Electric_Disturbance_Events.xlsx:2022,Physical attack that could potentially impact electric power system adequacy or reliability; or vandalism which targets components of any security systems,False,False,False,Vandalism
2022-03-29 00:00:00,16:34:00,03/30/2022,15:25:00,Vermont: Chittenden County;,NPCC,Vandalism,0,0,2022,DOE_Electric_Disturbance_Events.xlsx:2022,Damage or destruction of its Facility that results from actual or suspected intentional human action.,False,False,False,Vandalism
2022-03-30 00:00:00,15:45:00,Unknown,Unknown,Louisiana: Mississippi: Arkansas:,SERC,Severe Weather,Unknown,66448,2022,DOE_Electric_Disturbance_Events.xlsx:2022,"Loss of electric service to more than 50,000 customers for 1 hour or more",False,False,False,Severe Weather
2022-03-31 00:00:00,08:59:00,04/01/2022,19:30:00,"Michigan: Huron County, Tuscola County, St. Clair County, Washtenaw County, Macomb County, Wayne County, Monroe County, Oakland County, Livingston County;",RF,Severe Weather,60,70000,2022,DOE_Electric_Disturbance_Events.xlsx:2022,"Loss of electric service to more than 50,000 customers for 1 hour or more",False,False,False,Severe Weather
2022-03-31 00:00:00,22:43:00,Unknown,Unknown,Montana: Toole County; Florida: Palm Beach County;,WECC/SERC,Cyber Event,0,0,2022,DOE_Electric_Disturbance_Events.xlsx:2022,Cyber event that could potentially impact electric power system adequacy or reliability,False,False,False,Cyber Event
2022-03-31 00:00:00,00:04:00,03/31/2022,09:20:00,Georgia: Alabama: Mississippi: Florida:,SERC,Severe Weather,157,22000,2022,DOE_Electric_Disturbance_Events.xlsx:2022,"Loss of electric service to more than 50,000 customers for 1 hour or more",False,False,False,Severe Weather
2022-04-05 00:00:00,04:40:00,04/05/2022,17:21:00,Missouri: Jackson County;,SERC/RF,System Operations,73,16299,2022,DOE_Electric_Disturbance_Events.xlsx:2022,"Unexpected Transmission loss within its area, contrary to design, of three or more Bulk Electric System Facilities caused by a common disturbance (excluding successful automatic reclosing).",False,False,False,System Operations
2022-04-10 00:00:00,15:41:00,04/10/2022,15:50:00,Arkansas: Pulaski County;,SERC,System Operations,5,Unknown,2022,DOE_Electric_Disturbance_Events.xlsx:2022,Electrical System Separation (Islanding) where part or parts of a power grid remain(s) operational in an otherwise blacked out area or within the partial failure of an integrated electrical system,False,False,False,System Operations
2022-04-10 00:00:00,15:41:00,04/10/2022,15:50:00,Arkansas: Pulaski County;,SERC,System Operations,5,Unknown,2022,DOE_Electric_Disturbance_Events.xlsx:2022,Electrical System Separation (Islanding) where part or parts of a power grid remain(s) operational in an otherwise blacked out area or within the partial failure of an integrated electrical system,False,False,False,System Operations
2022-04-11 00:00:00,09:15:00,04/13/2022,08:00:00,"Oregon: Multnomah County, Clackamas County, Marion County, Yamhill County, Washington County;",WECC,Severe Weather,3140,73717,2022,DOE_Electric_Disturbance_Events.xlsx:2022,"Loss of electric service to more than 50,000 customers for 1 hour or more",False,False,False,Severe Weather
2022-04-11 00:00:00,21:37:00,04/11/2022,22:14:00,California: Riverside County;,WECC,Actual Physical Attack,2,1337,2022,DOE_Electric_Disturbance_Events.xlsx:2022,Damage or destruction of its Facility that results from actual or suspected intentional human action.,False,False,False,Actual Physical Attack
2022-04-11 00:00:00,20:33:00,04/11/2022,20:40:00,Maryland: Calvert County;,RF,Suspicious Activity,0,0,2022,DOE_Electric_Disturbance_Events.xlsx:2022,"Physical threat to its Facility excluding weather or natural disaster related threats, which has the potential to degrade the normal operation of the Facility. Or suspicious device or activity at its Facility.",False,False,False,Suspicious Activity
2022-04-11 00:00:00,20:33:00,04/11/2022,20:40:00,Maryland: Calvert County;,RF,Suspicious Activity,0,0,2022,DOE_Electric_Disturbance_Events.xlsx:2022,"Physical threat to its Facility excluding weather or natural disaster related threats, which has the potential to degrade the normal operation of the Facility. Or suspicious device or activity at its Facility.",False,False,False,Suspicious Activity
2022-04-12 00:00:00,17:42:00,04/12/2022,18:38:00,Arkansas: Ouachita County;,SERC,Actual Physical Attack,0,0,2022,DOE_Electric_Disturbance_Events.xlsx:2022,Physical attack that could potentially impact electric power system adequacy or reliability; or vandalism which targets components of any security systems,False,False,False,Actual Physical Attack
2022-04-13 00:00:00,22:04:00,04/14/2022,00:02:00,Louisiana: Iberia Parish;,SERC,System Operations,7,2429,2022,DOE_Electric_Disturbance_Events.xlsx:2022,"Unexpected Transmission loss within its area, contrary to design, of three or more Bulk Electric System Facilities caused by a common disturbance (excluding successful automatic reclosing).",False,False,False,System Operations
2022-04-14 00:00:00,05:59:00,04/14/2022,06:13:00,California: Los Angeles County;,WECC,Transmission Interruption,164,262268,2022,DOE_Electric_Disturbance_Events.xlsx:2022,"Unexpected Transmission loss within its area, contrary to design, of three or more Bulk Electric System Facilities caused by a common disturbance (excluding successful automatic reclosing).",False,False,False,Transmission Interruption
2022-04-16 00:00:00,12:17:00,Unknown,Unknown,Missouri:,SERC/RF,Generation Inadequacy,0,0,2022,DOE_Electric_Disturbance_Events.xlsx:2022,Complete loss of monitoring or control capability at its staffed Bulk Electric System control center for 30 continuous minutes or more.,False,False,False,Generation Inadequacy
2022-04-16 00:00:00,11:08:00,Unknown,Unknown,Iowa: Polk County; Illinois:,SERC/MRO,System Operations,0,0,2022,DOE_Electric_Disturbance_Events.xlsx:2022,"Unexpected Transmission loss within its area, contrary to design, of three or more Bulk Electric System Facilities caused by a common disturbance (excluding successful automatic reclosing).",False,False,False,System Operations
2022-04-16 00:00:00,10:45:00,Unknown,Unknown,Washington:,WECC,Suspicious Activity,0,0,2022,DOE_Electric_Disturbance_Events.xlsx:2022,"Physical threat to its Facility excluding weather or natural disaster related threats, which has the potential to degrade the normal operation of the Facility. Or suspicious device or activity at its Facility.",False,False,False,Suspicious Activity
2022-04-16 00:00:00,17:44:00,Unknown,Unknown,California:,WECC,System Operations,9290,Unknown,2022,DOE_Electric_Disturbance_Events.xlsx:2022,Electrical System Separation (Islanding) where part or parts of a power grid remain(s) operational in an otherwise blacked out area or within the partial failure of an integrated electrical system,False,False,False,System Operations
2022-04-16 00:00:00,05:30:00,04/16/2022,11:38:00,California: Shasta County;,WECC,System Operations,0,0,2022,DOE_Electric_Disturbance_Events.xlsx:2022,Unplanned evacuation from its Bulk Electric System control center facility for 30 continuous minutes or more.,False,False,False,System Operations
2022-04-16 00:00:00,22:55:00,04/16/2022,22:57:00,Pennsylvania: York County;,RF,Suspicious Activity,0,0,2022,DOE_Electric_Disturbance_Events.xlsx:2022,"Physical threat to its Facility excluding weather or natural disaster related threats, which has the potential to degrade the normal operation of the Facility. Or suspicious device or activity at its Facility.",False,False,False,Suspicious Activity
2022-04-19 00:00:00,06:00:00,Unknown,Unknown,New York:,NPCC,Severe Weather,Unknown,97000,2022,DOE_Electric_Disturbance_Events.xlsx:2022,"Loss of electric service to more than 50,000 customers for 1 hour or more",False,False,False,Severe Weather
2022-04-19 00:00:00,08:41:00,04/19/2022,12:10:00,Connecticut: Massachusetts: Maine: New Hampshire: Rhode Island: Vermont:,NPCC,Severe Weather,Unknown,67754,2022,DOE_Electric_Disturbance_Events.xlsx:2022,"Loss of electric service to more than 50,000 customers for 1 hour or more",False,False,False,Severe Weather
2022-04-19 00:00:00,04:07:00,Unknown,Unknown,"New York: Broome County, Chemung County, Chenango County, Clinton County, Columbia County, Cortland County, Delaware County, Dutchess County, Erie County, Essex County, Greene County, Hamilton County, Herkimer County, Madison County, Oneida County, Otsego County, Putnam County, Saratoga County, Schoharie County, Schuyler County, Steuben County, Sullivan County, Tioga County, Tompkins County, Ulster County, Westchester County;",NPCC,Severe Weather,Unknown,84033,2022,DOE_Electric_Disturbance_Events.xlsx:2022,"Loss of electric service to more than 50,000 customers for 1 hour or more",False,False,False,Severe Weather
2022-04-22 00:00:00,23:00:00,04/24/2022,16:00:00,North Dakota:,MRO,Severe Weather,1000,Unknown,2022,DOE_Electric_Disturbance_Events.xlsx:2022,Uncontrolled loss of 300 Megawatts or more of firm system loads for 15 minutes or more from a single incident,False,False,False,Severe Weather
2022-04-22 00:00:00,23:16:00,04/24/2022,16:00:00,"North Dakota: Mountrail County, Williams County, Ward County, Burke County, Bottineau County, McLean County, Walsh County, Bowman County, Stark County, Dunn County, Mercer County; Montana: Wibaux County, Richland County;",WECC/MRO,Severe Weather,Unknown,Unknown,2022,DOE_Electric_Disturbance_Events.xlsx:2022,"Unexpected Transmission loss within its area, contrary to design, of three or more Bulk Electric System Facilities caused by a common disturbance (excluding successful automatic reclosing).",False,False,False,Severe Weather
2022-04-23 00:00:00,15:38:00,04/24/2022,04:00:00,"North Dakota: Mountrail County, Williams County;",MRO,Severe Weather,480,18430,2022,DOE_Electric_Disturbance_Events.xlsx:2022,Uncontrolled loss of 300 Megawatts or more of firm system loads for 15 minutes or more from a single incident,False,False,False,Severe Weather
2022-04-23 00:00:00,19:42:00,04/24/2022,16:17:00,"Iowa: Polk County, Warren County; Illinois:",SERC/MRO,Severe Weather,43,22400,2022,DOE_Electric_Disturbance_Events.xlsx:2022,"Unexpected Transmission loss within its area, contrary to design, of three or more Bulk Electric System Facilities caused by a common disturbance (excluding successful automatic reclosing).",False,False,False,Severe Weather
2022-04-26 00:00:00,14:27:00,Unknown,Unknown,Minnesota: Chisago County;,MRO,Vandalism,17,0,2022,DOE_Electric_Disturbance_Events.xlsx:2022,Damage or destruction of its Facility that results from actual or suspected intentional human action.,False,False,False,Vandalism
2022-04-26 00:00:00,08:54:00,04/26/2022,08:55:00,California: Sacramento County;,WECC,Vandalism,0,0,2022,DOE_Electric_Disturbance_Events.xlsx:2022,Physical attack that could potentially impact electric power system adequacy or reliability; or vandalism which targets components of any security systems,False,False,False,Vandalism
2022-04-27 00:00:00,09:00:00,04/27/2022,09:01:00,Ohio: Muskingum County;,RF,Suspicious Activity,Unknown,Unknown,2022,DOE_Electric_Disturbance_Events.xlsx:2022,"Physical threat to its Facility excluding weather or natural disaster related threats, which has the potential to degrade the normal operation of the Facility. Or suspicious device or activity at its Facility.",False,False,False,Suspicious Activity
2022-04-28 00:00:00,07:56:00,04/28/2022,08:48:00,North Carolina: South Carolina:,SERC,System Operations,74,Unknown,2022,DOE_Electric_Disturbance_Events.xlsx:2022,"Unexpected Transmission loss within its area, contrary to design, of three or more Bulk Electric System Facilities caused by a common disturbance (excluding successful automatic reclosing).",False,False,False,System Operations
2022-04-28 00:00:00,15:45:00,Unknown,Unknown,New Mexico: San Juan County;,WECC,Suspicious Activity,0,0,2022,DOE_Electric_Disturbance_Events.xlsx:2022,"Physical threat to its Facility excluding weather or natural disaster related threats, which has the potential to degrade the normal operation of the Facility. Or suspicious device or activity at its Facility.",False,False,False,Suspicious Activity
2022-04-29 00:00:00,07:05:00,04/29/2022,07:06:00,California:,WECC,Vandalism,0,0,2022,DOE_Electric_Disturbance_Events.xlsx:2022,Physical attack that could potentially impact electric power system adequacy or reliability; or vandalism which targets components of any security systems,False,False,False,Vandalism
2022-05-02 00:00:00,14:24:00,05/02/2022,14:25:00,California:,WECC,Vandalism,Unknown,0,2022,DOE_Electric_Disturbance_Events.xlsx:2022,Damage or destruction of its Facility that results from actual or suspected intentional human action.,False,False,False,Vandalism
2022-05-03 00:00:00,06:42:00,05/03/2022,13:59:00,New Hampshire: Carroll County;,NPCC,Vandalism,0,0,2022,DOE_Electric_Disturbance_Events.xlsx:2022,Damage or destruction of its Facility that results from actual or suspected intentional human action.,False,False,False,Vandalism
2022-05-03 00:00:00,00:17:00,05/04/2022,12:00:00,Louisiana:,SERC,Actual Physical Attack,0,0,2022,DOE_Electric_Disturbance_Events.xlsx:2022,Damage or destruction of its Facility that results from actual or suspected intentional human action.,False,False,False,Actual Physical Attack
2022-05-04 00:00:00,14:07:00,05/05/2022,01:57:00,Michigan: Wayne County;,RF,System Operations,Unknown,0,2022,DOE_Electric_Disturbance_Events.xlsx:2022,Complete loss of monitoring or control capability at its staffed Bulk Electric System control center for 30 continuous minutes or more.,False,False,False,System Operations
2022-05-05 00:00:00,13:06:00,05/05/2022,14:06:00,Arkansas:,SERC,Transmission Interruption,Unknown,0,2022,DOE_Electric_Disturbance_Events.xlsx:2022,"Unexpected Transmission loss within its area, contrary to design, of three or more Bulk Electric System Facilities caused by a common disturbance (excluding successful automatic reclosing).",False,False,False,Transmission Interruption
2022-05-06 00:00:00,03:02:00,05/06/2022,03:34:00,Michigan: Jackson County;,RF,Fuel Supply Deficiency,0,0,2022,DOE_Electric_Disturbance_Events.xlsx:2022,Complete loss of monitoring or control capability at its staffed Bulk Electric System control center for 30 continuous minutes or more.,False,False,False,Fuel Supply Deficiency
2022-05-09 00:00:00,16:25:00,05/09/2022,17:10:00,Texas: Haskell County;,TRE,Vandalism,0,0,2022,DOE_Electric_Disturbance_Events.xlsx:2022,Damage or destruction of its Facility that results from actual or suspected intentional human action.,True,True,True,Vandalism
2022-05-09 00:00:00,16:25:00,05/09/2022,17:10:00,Texas: Haskell County;,TRE,Vandalism,0,0,2022,DOE_Electric_Disturbance_Events.xlsx:2022,Damage or destruction of its Facility that results from actual or suspected intentional human action.,True,True,True,Vandalism
2022-05-11 00:00:00,18:00:00,05/11/2022,22:42:00,Minnesota:,MRO,Severe Weather,Unknown,105000,2022,DOE_Electric_Disturbance_Events.xlsx:2022,"Loss of electric service to more than 50,000 customers for 1 hour or more",False,False,False,Severe Weather
2022-05-11 00:00:00,10:00:00,05/11/2022,10:01:00,Iowa: Clinton County;,MRO,Vandalism,0,0,2022,DOE_Electric_Disturbance_Events.xlsx:2022,Physical attack that could potentially impact electric power system adequacy or reliability; or vandalism which targets components of any security systems; Damage or destruction of its Facility that results from actual or suspected intentional human action.,False,False,False,Vandalism
2022-05-12 00:00:00,16:50:00,05/13/2022,02:48:00,South Dakota: Davison County;,MRO,Transmission Interruption,Unknown,Unknown,2022,DOE_Electric_Disturbance_Events.xlsx:2022,"Unexpected Transmission loss within its area, contrary to design, of three or more Bulk Electric System Facilities caused by a common disturbance (excluding successful automatic reclosing).",False,False,False,Transmission Interruption
2022-05-12 00:00:00,14:58:00,05/12/2022,14:59:00,Mississippi: Harrison County;,SERC,Actual Physical Attack/Vandalism,0,0,2022,DOE_Electric_Disturbance_Events.xlsx:2022,Damage or destruction of its Facility that results from actual or suspected intentional human action.,False,False,False,Actual Physical Attack/Vandalism
2022-05-12 00:00:00,14:58:00,05/12/2022,14:59:00,Mississippi: Lamar County;,SERC,Actual Physical Attack/Vandalism,0,0,2022,DOE_Electric_Disturbance_Events.xlsx:2022,Damage or destruction of its Facility that results from actual or suspected intentional human action.,False,False,False,Actual Physical Attack/Vandalism
2022-05-12 00:00:00,01:00:00,05/12/2022,01:10:00,Texas: Frio County;,TRE,Suspicious Activity,0,0,2022,DOE_Electric_Disturbance_Events.xlsx:2022,"Physical threat to its Facility excluding weather or natural disaster related threats, which has the potential to degrade the normal operation of the Facility. Or suspicious device or activity at its Facility.",True,True,True,Suspicious Activity
2022-05-12 00:00:00,10:44:00,05/12/2022,13:34:00,"Missouri: Barry County, Dade County, Lawrence County;",SERC,Transmission Interruption,800,0,2022,DOE_Electric_Disturbance_Events.xlsx:2022,"Unexpected Transmission loss within its area, contrary to design, of three or more Bulk Electric System Facilities caused by a common disturbance (excluding successful automatic reclosing).",False,False,False,Transmission Interruption
2022-05-14 00:00:00,15:05:00,05/14/2022,16:30:00,Texas:,TRE,System Operations,0,0,2022,DOE_Electric_Disturbance_Events.xlsx:2022,Complete loss of monitoring or control capability at its staffed Bulk Electric System control center for 30 continuous minutes or more.,True,True,True,System Operations
2022-05-15 00:00:00,23:30:00,05/17/2022,23:45:00,"Texas: Collin County, Dallas County, Denton County, Ellis County, Grayson County, Henderson County, Hunt County, Kaufman County, Navarro County, Rockwall County, Smith County, Tarrant County, Van Zandt County;",TRE,Severe Weather,Unknown,150000,2022,DOE_Electric_Disturbance_Events.xlsx:2022,"Loss of electric service to more than 50,000 customers for 1 hour or more",True,True,True,Severe Weather
2022-05-15 00:00:00,21:00:00,05/15/2022,21:10:00,Pennsylvania: Montgomery County;,RF,Suspicious Activity,0,0,2022,DOE_Electric_Disturbance_Events.xlsx:2022,"Physical threat to its Facility excluding weather or natural disaster related threats, which has the potential to degrade the normal operation of the Facility. Or suspicious device or activity at its Facility.",False,False,False,Suspicious Activity
2022-05-15 00:00:00,21:00:00,05/15/2022,21:10:00,Pennsylvania: Montgomery County;,RF,Suspicious Activity,0,0,2022,DOE_Electric_Disturbance_Events.xlsx:2022,"Physical threat to its Facility excluding weather or natural disaster related threats, which has the potential to degrade the normal operation of the Facility. Or suspicious device or activity at its Facility.",False,False,False,Suspicious Activity
2022-05-16 00:00:00,05:00:00,05/16/2022,05:01:00,"California: Solano County, Santa Clara County;",WECC,Vandalism,0,0,2022,DOE_Electric_Disturbance_Events.xlsx:2022,Damage or destruction of its Facility that results from actual or suspected intentional human action.,False,False,False,Vandalism
2022-05-16 00:00:00,16:03:00,05/16/2022,19:32:00,Arizona: Pima County;,WECC,System Operations,0,0,2022,DOE_Electric_Disturbance_Events.xlsx:2022,Unplanned evacuation from its Bulk Electric System control center facility for 30 continuous minutes or more; Complete loss of monitoring or control capability at its staffed Bulk Electric System control center for 30 continuous minutes or more.,False,False,False,System Operations
2022-05-17 00:00:00,12:10:00,Unknown,Unknown,New Mexico: Roosevelt County;,WECC,Transmission Interruption,25,Unknown,2022,DOE_Electric_Disturbance_Events.xlsx:2022,"Unexpected Transmission loss within its area, contrary to design, of three or more Bulk Electric System Facilities caused by a common disturbance (excluding successful automatic reclosing).",False,False,False,Transmission Interruption
2022-05-18 00:00:00,17:00:00,05/31/2022,12:00:00,New Mexico: San Juan County;,WECC,Fuel Supply Deficiency,560,0,2022,DOE_Electric_Disturbance_Events.xlsx:2022,Fuel supply emergencies that could impact electric power system adequacy or reliability,False,False,False,Fuel Supply Deficiency
2022-05-18 00:00:00,11:00:00,05/18/2022,16:34:00,Idaho: Madison County;,WECC,Vandalism,0,0,2022,DOE_Electric_Disturbance_Events.xlsx:2022,Damage or destruction of its Facility that results from actual or suspected intentional human action.,False,False,False,Vandalism
2022-05-18 00:00:00,15:30:00,05/18/2022,16:30:00,Pennsylvania: Philadelphia County;,RF,Suspicious Activity,0,0,2022,DOE_Electric_Disturbance_Events.xlsx:2022,"Physical threat to its Facility excluding weather or natural disaster related threats, which has the potential to degrade the normal operation of the Facility. Or suspicious device or activity at its Facility.",False,False,False,Suspicious Activity
2022-05-20 00:00:00,17:26:00,05/20/2022,17:33:00,New York:,NPCC,Transmission Interruption,0,0,2022,DOE_Electric_Disturbance_Events.xlsx:2022,"Unexpected Transmission loss within its area, contrary to design, of three or more Bulk Electric System Facilities caused by a common disturbance (excluding successful automatic reclosing).",False,False,False,Transmission Interruption
2022-05-20 00:00:00,08:48:00,Unknown,Unknown,"New York: Broome County, Monroe County;",NPCC,Suspicious Activity,0,0,2022,DOE_Electric_Disturbance_Events.xlsx:2022,"Physical threat to its Facility excluding weather or natural disaster related threats, which has the potential to degrade the normal operation of the Facility. Or suspicious device or activity at its Facility.",False,False,False,Suspicious Activity
2022-05-21 00:00:00,21:53:00,05/22/2022,00:28:00,Missouri: Jackson County;,SERC,Actual Physical Attack,0,0,2022,DOE_Electric_Disturbance_Events.xlsx:2022,Damage or destruction of its Facility that results from actual or suspected intentional human action.,False,False,False,Actual Physical Attack
2022-05-22 00:00:00,02:30:00,05/22/2022,18:52:00,Texas: Harris County;,TRE,Severe Weather,Unknown,52172,2022,DOE_Electric_Disturbance_Events.xlsx:2022,"Loss of electric service to more than 50,000 customers for 1 hour or more",True,True,True,Severe Weather
2022-05-22 00:00:00,22:40:00,05/22/2022,23:16:00,Maine:,NPCC,System Operations,0,0,2022,DOE_Electric_Disturbance_Events.xlsx:2022,Complete loss of monitoring or control capability at its staffed Bulk Electric System control center for 30 continuous minutes or more.,False,False,False,System Operations
2022-05-25 00:00:00,06:42:00,05/25/2022,06:43:00,California: Siskiyou County;,WECC,Actual Physical Attack,0,0,2022,DOE_Electric_Disturbance_Events.xlsx:2022,Damage or destruction of its Facility that results from actual or suspected intentional human action.,False,False,False,Actual Physical Attack
2022-05-27 00:00:00,07:56:00,05/27/2022,08:38:00,Arizona: California: Nevada: New Mexico:,WECC,System Operations,0,0,2022,DOE_Electric_Disturbance_Events.xlsx:2022,Complete loss of monitoring or control capability at its staffed Bulk Electric System control center for 30 continuous minutes or more.,False,False,False,System Operations
2022-05-27 00:00:00,05:19:00,05/27/2022,06:00:00,Ohio: Cuyahoga County;,RF,Suspicious Activity,0,0,2022,DOE_Electric_Disturbance_Events.xlsx:2022,"Physical threat to its Facility excluding weather or natural disaster related threats, which has the potential to degrade the normal operation of the Facility. Or suspicious device or activity at its Facility.",False,False,False,Suspicious Activity
2022-05-29 00:00:00,16:41:00,05/31/2022,11:29:00,Pennsylvania: York County;,RF,Transmission Interruption,0,0,2022,DOE_Electric_Disturbance_Events.xlsx:2022,"Unexpected Transmission loss within its area, contrary to design, of three or more Bulk Electric System Facilities caused by a common disturbance (excluding successful automatic reclosing).",False,False,False,Transmission Interruption
2022-05-29 00:00:00,01:18:00,05/29/2022,01:50:00,Pennsylvania: Montgomery County;,RF,System Operations,0,0,2022,DOE_Electric_Disturbance_Events.xlsx:2022,Complete loss of monitoring or control capability at its staffed Bulk Electric System control center for 30 continuous minutes or more.,False,False,False,System Operations
2022-05-30 00:00:00,14:10:00,05/31/2022,05:58:00,California: San Diego County;,WECC,System Operations,0,0,2022,DOE_Electric_Disturbance_Events.xlsx:2022,Unplanned evacuation from its Bulk Electric System control center facility for 30 continuous minutes or more.,False,False,False,System Operations
2022-05-31 00:00:00,13:58:00,05/31/2022,13:59:00,Texas: Travis County;,TRE,Vandalism,0,0,2022,DOE_Electric_Disturbance_Events.xlsx:2022,Damage or destruction of its Facility that results from actual or suspected intentional human action.,True,True,True,Vandalism
2022-06-01 00:00:00,10:47:00,06/01/2022,10:48:00,Utah: California: Oregon: Umatilla County;,WECC,Vandalism,0,0,2022,DOE_Electric_Disturbance_Events.xlsx:2022,Damage or destruction of its Facility that results from actual or suspected intentional human action.,False,False,False,Vandalism
2022-06-02 00:00:00,08:20:00,Unknown,Unknown,California: Imperial County;,WECC,Vandalism,0,0,2022,DOE_Electric_Disturbance_Events.xlsx:2022,Physical attack that could potentially impact electric power system adequacy or reliability; or vandalism which targets components of any security systems,False,False,False,Vandalism
2022-06-03 00:00:00,03:48:00,06/03/2022,03:49:00,Georgia: DeKalb County;,SERC,Vandalism,0,0,2022,DOE_Electric_Disturbance_Events.xlsx:2022,"Damage or destruction of a Facility within its Reliability Coordinator Area, Balancing Authority Area or Transmission Operator Area that results in action(s) to avoid a Bulk Electric System Emergency.",False,False,False,Vandalism
2022-06-04 00:00:00,12:59:00,06/05/2022,02:15:00,Texas: Ector County;,TRE,Generation Inadequacy,0,0,2022,DOE_Electric_Disturbance_Events.xlsx:2022,"Total generation loss, within one minute of: greater than or equal to 2,000 Megawatts in the Eastern or Western Interconnection or greater than or equal to 1,400 Megawatts in the ERCOT Interconnection.",True,True,True,Generation Inadequacy
2022-06-05 00:00:00,15:20:00,06/05/2022,20:12:00,California:,WECC,Generation Inadequacy,Unknown,Unknown,2022,DOE_Electric_Disturbance_Events.xlsx:2022,Firm load shedding of 100 Megawatts or more implemented under emergency operational polic,False,False,False,Generation Inadequacy
2022-06-06 00:00:00,10:21:00,06/06/2022,10:24:00,California: Shasta County;,WECC,System Operations,13,4000,2022,DOE_Electric_Disturbance_Events.xlsx:2022,Electrical System Separation (Islanding) where part or parts of a power grid remain(s) operational in an otherwise blacked out area or within the partial failure of an integrated electrical system,False,False,False,System Operations
2022-06-08 00:00:00,01:00:00,06/08/2022,06:00:00,"Missouri: Clay County, Jackson County; Kansas: Johnson County;",SERC/MRO,Severe Weather/Transmission Interruption,Unknown,91188,2022,DOE_Electric_Disturbance_Events.xlsx:2022," Loss of electric service to more than 50,000 customers for 1 hour or more",False,False,False,Severe Weather/Transmission Interruption
2022-06-08 00:00:00,00:00:00,06/08/2022,04:00:00,Kansas: Missouri: Nebraska:,SERC/MRO,Severe Weather,Unknown,62000,2022,DOE_Electric_Disturbance_Events.xlsx:2022," Loss of electric service to more than 50,000 customers for 1 hour or more",False,False,False,Severe Weather
2022-06-08 00:00:00,01:00:00,06/08/2022,04:00:00,Missouri:,SERC,Severe Weather/Distribution Interruption,Unknown,60000,2022,DOE_Electric_Disturbance_Events.xlsx:2022," Loss of electric service to more than 50,000 customers for 1 hour or more",False,False,False,Severe Weather/Distribution Interruption
2022-06-09 00:00:00,02:33:00,06/09/2022,06:49:00,Texas: Dallas County;,TRE,Suspicious Activity,0,0,2022,DOE_Electric_Disturbance_Events.xlsx:2022,Damage or destruction of its Facility that results from actual or suspected intentional human action.,True,True,True,Suspicious Activity
2022-06-09 00:00:00,07:00:00,06/09/2022,07:05:00,Oregon: Douglas County; Washington: Idaho: Utah: Wyoming:,WECC,Vandalism,0,0,2022,DOE_Electric_Disturbance_Events.xlsx:2022,Damage or destruction of its Facility that results from actual or suspected intentional human action.,False,False,False,Vandalism
2022-06-10 00:00:00,12:08:00,06/10/2022,21:30:00,Texas: El Paso County;,TRE,Actual Physical Attack/Vandalism,0,0,2022,DOE_Electric_Disturbance_Events.xlsx:2022,Public appeal to reduce the use of electricity for purposes of maintaining the continuity of the Bulk Electric System,True,True,True,Actual Physical Attack/Vandalism
2022-06-10 00:00:00,20:27:00,06/10/2022,21:30:00,California: Kern County;,WECC,System Operations,100,39094,2022,DOE_Electric_Disturbance_Events.xlsx:2022,Firm load shedding of 100 Megawatts or more implemented under emergency operational polic,False,False,False,System Operations
2022-06-10 00:00:00,20:20:00,06/10/2022,20:28:00,California: Kern County;,WECC,System Operations,100,Unknown,2022,DOE_Electric_Disturbance_Events.xlsx:2022,Firm load shedding of 100 Megawatts or more implemented under emergency operational polic,False,False,False,System Operations
2022-06-10 00:00:00,08:45:00,Unknown,Unknown,California:,WECC,System Operations,13437,445,2022,DOE_Electric_Disturbance_Events.xlsx:2022,Electrical System Separation (Islanding) where part or parts of a power grid remain(s) operational in an otherwise blacked out area or within the partial failure of an integrated electrical system,False,False,False,System Operations
2022-06-12 00:00:00,23:30:00,06/13/2022,23:30:00,Ohio: West Virginia: Virginia: Indiana:,SERC/RF,Severe Weather/Transmission Interruption,14000,100000,2022,DOE_Electric_Disturbance_Events.xlsx:2022," Loss of electric service to more than 50,000 customers for 1 hour or more",False,False,False,Severe Weather/Transmission Interruption
2022-06-13 00:00:00,18:00:00,06/14/2022,18:15:00,Ohio: Kentucky:,SERC/RF,Severe Weather/Transmission Interruption,Unknown,162551,2022,DOE_Electric_Disturbance_Events.xlsx:2022," Loss of electric service to more than 50,000 customers for 1 hour or more",False,False,False,Severe Weather/Transmission Interruption
2022-06-13 00:00:00,23:54:00,06/14/2022,00:45:00,Michigan:,RF,System Operations,0,0,2022,DOE_Electric_Disturbance_Events.xlsx:2022,Complete loss of Interpersonal Communication and Alternative Interpersonal Communication capability affecting its staffed Bulk Electric System control center for 30 continuous minutes or more. Complete loss of monitoring or control capability at its staffed Bulk Electric System control center for 30 continuous minutes or more.,False,False,False,System Operations
2022-06-14 00:00:00,13:46:00,Unknown,Unknown,Ohio:,RF,System Operations,373,Unknown,2022,DOE_Electric_Disturbance_Events.xlsx:2022,Firm load shedding of 100 Megawatts or more implemented under emergency operational polic,False,False,False,System Operations
2022-06-14 00:00:00,00:00:00,06/14/2022,06:00:00,Washington: Grant County;,WECC,Actual Physical Attack/Vandalism,0,0,2022,DOE_Electric_Disturbance_Events.xlsx:2022,"Physical threat to its Facility excluding weather or natural disaster related threats, which has the potential to degrade the normal operation of the Facility. Or suspicious device or activity at its Facility.",False,False,False,Actual Physical Attack/Vandalism
2022-06-15 00:00:00,21:00:00,Unknown,Unknown,"Wisconsin: Outagamie County, Waupaca County, Winnebago County, Brown County, Sheboygan County, Ozaukee County, Waukesha County; Michigan: Iron County;",RF/MRO,Severe Weather,90,57000,2022,DOE_Electric_Disturbance_Events.xlsx:2022," Loss of electric service to more than 50,000 customers for 1 hour or more",False,False,False,Severe Weather
2022-06-15 00:00:00,10:45:00,06/15/2022,13:45:00,Michigan: Wayne County;,RF,System Operations,0,0,2022,DOE_Electric_Disturbance_Events.xlsx:2022,Complete loss of monitoring or control capability at its staffed Bulk Electric System control center for 30 continuous minutes or more.,False,False,False,System Operations
2022-06-16 00:00:00,16:31:00,06/16/2022,20:07:00,North Carolina: South Carolina:,SERC,Severe Weather,Unknown,77908,2022,DOE_Electric_Disturbance_Events.xlsx:2022," Loss of electric service to more than 50,000 customers for 1 hour or more",False,False,False,Severe Weather
2022-06-16 00:00:00,03:51:00,06/16/2022,06:30:00,Washington: Lewis County;,WECC,Suspicious Activity,35,7500,2022,DOE_Electric_Disturbance_Events.xlsx:2022,Damage or destruction of its Facility that results from actual or suspected intentional human action.,False,False,False,Suspicious Activity
2022-06-17 00:00:00,18:45:00,06/18/2022,13:32:00,North Carolina:,SERC,Severe Weather,Unknown,44000,2022,DOE_Electric_Disturbance_Events.xlsx:2022," Loss of electric service to more than 50,000 customers for 1 hour or more",False,False,False,Severe Weather
2022-06-17 00:00:00,17:30:00,06/19/2022,21:15:00,West Virginia: Virginia: Kentucky:,SERC/RF,Severe Weather,Unknown,150000,2022,DOE_Electric_Disturbance_Events.xlsx:2022," Loss of electric service to more than 50,000 customers for 1 hour or more",False,False,False,Severe Weather
2022-06-17 00:00:00,17:37:00,06/18/2022,00:54:00,North Carolina: South Carolina:,SERC,Severe Weather,Unknown,91056,2022,DOE_Electric_Disturbance_Events.xlsx:2022," Loss of electric service to more than 50,000 customers for 1 hour or more",False,False,False,Severe Weather
2022-06-17 00:00:00,06:02:00,Unknown,Unknown,Illinois: Missouri:,SERC/RF,Severe Weather,Unknown,80000,2022,DOE_Electric_Disturbance_Events.xlsx:2022,Cyber event that could potentially impact electric power system adequacy or reliability,False,False,False,Severe Weather
2022-06-20 00:00:00,12:54:00,06/20/2022,14:23:00,Minnesota: Hennepin County;,MRO,System Operations,0,15604,2022,DOE_Electric_Disturbance_Events.xlsx:2022,"Unexpected Transmission loss within its area, contrary to design, of three or more Bulk Electric System Facilities caused by a common disturbance (excluding successful automatic reclosing).",False,False,False,System Operations
2022-06-22 00:00:00,16:56:00,06/23/2022,02:00:00,Virginia:,SERC/RF,Severe Weather/Distribution Interruption,Unknown,100000,2022,DOE_Electric_Disturbance_Events.xlsx:2022," Loss of electric service to more than 50,000 customers for 1 hour or more",False,False,False,Severe Weather/Distribution Interruption
2022-06-23 00:00:00,12:41:00,06/23/2022,13:41:00,New Jersey: Cape May County;,NPCC,Suspicious Activity,0,0,2022,DOE_Electric_Disturbance_Events.xlsx:2022,"Physical threat to its Facility excluding weather or natural disaster related threats, which has the potential to degrade the normal operation of the Facility. Or suspicious device or activity at its Facility.",False,False,False,Suspicious Activity
2022-06-23 00:00:00,10:55:00,Unknown,Unknown,California:,WECC,Fuel Supply Deficiency,0,0,2022,DOE_Electric_Disturbance_Events.xlsx:2022,Fuel supply emergencies that could impact electric power system adequacy or reliability,False,False,False,Fuel Supply Deficiency
2022-06-24 00:00:00,23:09:00,06/25/2022,00:00:00,Louisiana:,SERC,Fuel Supply Deficiency,Unknown,Unknown,2022,DOE_Electric_Disturbance_Events.xlsx:2022,Fuel supply emergencies that could impact electric power system adequacy or reliability,False,False,False,Fuel Supply Deficiency
2022-06-26 00:00:00,17:05:00,06/26/2022,22:42:00,Nevada: Clark County;,WECC,Vandalism,0,0,2022,DOE_Electric_Disturbance_Events.xlsx:2022,Damage or destruction of its Facility that results from actual or suspected intentional human action.,False,False,False,Vandalism
2022-06-27 00:00:00,17:07:00,06/28/2022,01:42:00,Michigan: Wayne County;,RF/MRO,System Operations,0,0,2022,DOE_Electric_Disturbance_Events.xlsx:2022,Complete loss of monitoring or control capability at its staffed Bulk Electric System control center for 30 continuous minutes or more.,False,False,False,System Operations
2022-06-27 00:00:00,14:26:00,06/28/2022,03:56:00,Texas: Victoria County;,TRE,Severe Weather,14,2491,2022,DOE_Electric_Disturbance_Events.xlsx:2022,"Unexpected Transmission loss within its area, contrary to design, of three or more Bulk Electric System Facilities caused by a common disturbance (excluding successful automatic reclosing).",True,True,True,Severe Weather
2022-06-27 00:00:00,06:21:00,06/27/2022,07:26:00,Texas:,TRE,System Operations,0,0,2022,DOE_Electric_Disturbance_Events.xlsx:2022,Complete loss of monitoring or control capability at its staffed Bulk Electric System control center for 30 continuous minutes or more.,True,True,True,System Operations
2022-06-28 00:00:00,09:27:00,06/28/2022,10:42:00,Texas: Travis County;,TRE,System Operations,0,0,2022,DOE_Electric_Disturbance_Events.xlsx:2022,Complete loss of monitoring or control capability at its staffed Bulk Electric System control center for 30 continuous minutes or more.,True,True,True,System Operations
2022-06-28 00:00:00,09:39:00,06/28/2022,09:40:00,Kentucky: Clark County;,SERC,Suspicious Activity,0,0,2022,DOE_Electric_Disturbance_Events.xlsx:2022,"Physical threat to its Facility excluding weather or natural disaster related threats, which has the potential to degrade the normal operation of the Facility. Or suspicious device or activity at its Facility.",False,False,False,Suspicious Activity
2022-06-30 00:00:00,19:58:00,06/30/2022,20:50:00,Michigan: Wayne County;,RF,System Operations,0,0,2022,DOE_Electric_Disturbance_Events.xlsx:2022,Unplanned evacuation from its Bulk Electric System control center facility for 30 continuous minutes or more. Complete loss of monitoring or control capability at its staffed Bulk Electric System control center for 30 continuous minutes or more.,False,False,False,System Operations
2022-07-01 00:00:00,11:45:00,Unknown,Unknown,California: Kern County;,WECC,Vandalism,20,0,2022,DOE_Electric_Disturbance_Events.xlsx:2022,Damage or destruction of its Facility that results from actual or suspected intentional human action.,False,False,False,Vandalism
2022-07-03 00:00:00,10:30:00,07/03/2022,10:40:00,California: Contra Costa County;,WECC,Vandalism,0,0,2022,DOE_Electric_Disturbance_Events.xlsx:2022,Physical attack that could potentially impact electric power system adequacy or reliability; or vandalism which targets components of any security systems,False,False,False,Vandalism
2022-07-03 00:00:00,05:18:00,07/03/2022,08:24:00,Oklahoma:,MRO,Vandalism,0,0,2022,DOE_Electric_Disturbance_Events.xlsx:2022,Physical attack that could potentially impact electric power system adequacy or reliability; or vandalism which targets components of any security systems,False,False,False,Vandalism
2022-07-03 00:00:00,11:02:00,Unknown,Unknown,California: Kern County;,WECC,Actual Physical Attack,Unknown,1079,2022,DOE_Electric_Disturbance_Events.xlsx:2022,Damage or destruction of its Facility that results from actual or suspected intentional human action.,False,False,False,Actual Physical Attack
2022-07-04 00:00:00,18:21:00,Unknown,Unknown,California: Amador County;,WECC,System Operations,3,3001,2022,DOE_Electric_Disturbance_Events.xlsx:2022,Electrical System Separation (Islanding) where part or parts of a power grid remain(s) operational in an otherwise blacked out area or within the partial failure of an integrated electrical system,False,False,False,System Operations
2022-07-05 00:00:00,08:00:00,07/05/2022,08:06:00,Washington: Pierce County; Oregon: Idaho: Montana:,WECC,Actual Physical Attack,0,0,2022,DOE_Electric_Disturbance_Events.xlsx:2022,Damage or destruction of its Facility that results from actual or suspected intentional human action.,False,False,False,Actual Physical Attack
2022-07-05 00:00:00,20:46:00,07/05/2022,21:40:00,Iowa: Illinois:,RF/SERC,System Operations,0,0,2022,DOE_Electric_Disturbance_Events.xlsx:2022,Complete loss of monitoring or control capability at its staffed Bulk Electric System control center for 30 continuous minutes or more.,False,False,False,System Operations
2022-07-06 00:00:00,14:39:00,07/07/2022,03:54:00,Ohio: Kentucky:,RF/SERC,Severe Weather/Transmission Interruption,Unknown,104700,2022,DOE_Electric_Disturbance_Events.xlsx:2022,"Loss of electric service to more than 50,000 customers for 1 hour or more",False,False,False,Severe Weather/Transmission Interruption
2022-07-06 00:00:00,16:23:00,07/06/2022,16:35:00,Virginia: Fluvanna County;,SERC,Suspicious Activity,0,0,2022,DOE_Electric_Disturbance_Events.xlsx:2022,"Physical threat to its Facility excluding weather or natural disaster related threats, which has the potential to degrade the normal operation of the Facility. Or suspicious device or activity at its Facility.",False,False,False,Suspicious Activity
2022-07-06 00:00:00,06:18:00,07/06/2022,06:19:00,Kentucky: Nelson County;,SERC,Vandalism,0,0,2022,DOE_Electric_Disturbance_Events.xlsx:2022,Damage or destruction of its Facility that results from actual or suspected intentional human action.,False,False,False,Vandalism
2022-07-06 00:00:00,12:40:00,07/06/2022,12:41:00,Utah: California: Oregon: Douglas County;,WECC,Vandalism,0,0,2022,DOE_Electric_Disturbance_Events.xlsx:2022,Damage or destruction of its Facility that results from actual or suspected intentional human action.,False,False,False,Vandalism
2022-07-06 00:00:00,01:58:00,Unknown,Unknown,Oklahoma: Okmulgee County;,MRO,Actual Physical Attack,25,4836,2022,DOE_Electric_Disturbance_Events.xlsx:2022,Damage or destruction of its Facility that results from actual or suspected intentional human action.,False,False,False,Actual Physical Attack
2022-07-09 00:00:00,02:47:00,07/09/2022,02:59:00,Louisiana: Rapides Parish;,SERC,System Operations,Unknown,4724,2022,DOE_Electric_Disturbance_Events.xlsx:2022,"Unexpected Transmission loss within its area, contrary to design, of three or more Bulk Electric System Facilities caused by a common disturbance (excluding successful automatic reclosing).",False,False,False,System Operations
2022-07-10 00:00:00,21:00:00,07/11/2022,20:00:00,Texas:,TRE,System Operations,Unknown,Unknown,2022,DOE_Electric_Disturbance_Events.xlsx:2022,Public appeal to reduce the use of electricity for purposes of maintaining the continuity of the Bulk Electric System,True,True,True,System Operations
2022-07-11 00:00:00,10:20:00,Unknown,Unknown,California: Los Angeles County;,WECC,Vandalism,2,0,2022,DOE_Electric_Disturbance_Events.xlsx:2022,Damage or destruction of its Facility that results from actual or suspected intentional human action.,False,False,False,Vandalism
2022-07-12 00:00:00,16:00:00,Unknown,Unknown,"Maryland: Baltimore County, Carroll County, Harford County;",RF,Severe Weather,800,165000,2022,DOE_Electric_Disturbance_Events.xlsx:2022,"Loss of electric service to more than 50,000 customers for 1 hour or more",False,False,False,Severe Weather
2022-07-12 00:00:00,10:45:00,07/12/2022,11:00:00,Washington: Oregon: Clatsop County; Idaho: Montana:,WECC,Actual Physical Attack,0,0,2022,DOE_Electric_Disturbance_Events.xlsx:2022,Damage or destruction of its Facility that results from actual or suspected intentional human action.,False,False,False,Actual Physical Attack
2022-07-12 00:00:00,18:00:00,07/12/2022,22:00:00,District of Columbia: Maryland:,RF,Severe Weather,Unknown,50200,2022,DOE_Electric_Disturbance_Events.xlsx:2022,"Loss of electric service to more than 50,000 customers for 1 hour or more",False,False,False,Severe Weather
2022-07-13 00:00:00,11:30:00,07/13/2022,21:00:00,Texas:,TRE,System Operations,Unknown,Unknown,2022,DOE_Electric_Disturbance_Events.xlsx:2022,Public appeal to reduce the use of electricity for purposes of maintaining the continuity of the Bulk Electric System,True,True,True,System Operations
2022-07-13 00:00:00,10:00:00,07/13/2022,13:00:00,Colorado: La Plata County;,WECC,Vandalism,0,0,2022,DOE_Electric_Disturbance_Events.xlsx:2022,Damage or destruction of its Facility that results from actual or suspected intentional human action.,False,False,False,Vandalism
2022-07-15 00:00:00,07:10:00,07/15/2022,07:11:00,Nebraska: Wayne County;,MRO,Actual Physical Attack,0,0,2022,DOE_Electric_Disturbance_Events.xlsx:2022,Damage or destruction of its Facility that results from actual or suspected intentional human action.,False,False,False,Actual Physical Attack
2022-07-18 00:00:00,09:15:00,Unknown,Unknown,South Carolina:,SERC,Fuel Supply Deficiency,4500,0,2022,DOE_Electric_Disturbance_Events.xlsx:2022,Fuel supply emergencies that could impact electric power system adequacy or reliability,False,False,False,Fuel Supply Deficiency
2022-07-18 00:00:00,13:09:00,07/18/2022,13:11:00,Oregon: Josephine County;,WECC,Vandalism,0,0,2022,DOE_Electric_Disturbance_Events.xlsx:2022,Damage or destruction of its Facility that results from actual or suspected intentional human action.,False,False,False,Vandalism
2022-07-19 00:00:00,15:42:00,07/19/2022,16:12:00,Florida: Palm Beach County;,SERC,System Operations,0,0,2022,DOE_Electric_Disturbance_Events.xlsx:2022,Unplanned evacuation from its Bulk Electric System control center facility for 30 continuous minutes or more.,False,False,False,System Operations
2022-07-19 00:00:00,15:42:00,07/19/2022,16:12:00,Florida: Palm Beach County;,SERC,System Operations,0,0,2022,DOE_Electric_Disturbance_Events.xlsx:2022,Unplanned evacuation from its Bulk Electric System control center facility for 30 continuous minutes or more.,False,False,False,System Operations
2022-07-23 00:00:00,20:45:00,07/24/2022,11:30:00,"Michigan: Muskegon County, Ottawa County, Kent County, Montcalm County, Ionia County, Allegan County, Van Buren County, Kalamazoo County, Barry County, Mason County, Shiawassee County, Ingham County, Genesee County, Saginaw County, Midland County, Wexford County, Grand Traverse County;",RF,Severe Weather,Unknown,93750,2022,DOE_Electric_Disturbance_Events.xlsx:2022,"Loss of electric service to more than 50,000 customers for 1 hour or more",False,False,False,Severe Weather
2022-07-25 00:00:00,00:38:00,07/25/2022,13:46:00,Pennsylvania: Erie County;,RF,Transmission Interruption,0,0,2022,DOE_Electric_Disturbance_Events.xlsx:2022,"Unexpected Transmission loss within its area, contrary to design, of three or more Bulk Electric System Facilities caused by a common disturbance (excluding successful automatic reclosing).",False,False,False,Transmission Interruption
2022-07-26 00:00:00,06:38:00,07/26/2022,12:57:00,Texas: Hays County;,TRE,System Operations,0,0,2022,DOE_Electric_Disturbance_Events.xlsx:2022,"Unexpected Transmission loss within its area, contrary to design, of three or more Bulk Electric System Facilities caused by a common disturbance (excluding successful automatic reclosing).",True,True,True,System Operations
2022-07-26 00:00:00,04:20:00,07/26/2022,04:57:00,California: Santa Barbara County;,WECC,Suspicious Activity,Unknown,Unknown,2022,DOE_Electric_Disturbance_Events.xlsx:2022,Damage or destruction of its Facility that results from actual or suspected intentional human action.,False,False,False,Suspicious Activity
2022-07-26 00:00:00,21:00:00,07/26/2022,21:20:00,Pennsylvania: York County;,RF,Suspicious Activity,0,0,2022,DOE_Electric_Disturbance_Events.xlsx:2022,"Physical threat to its Facility excluding weather or natural disaster related threats, which has the potential to degrade the normal operation of the Facility. Or suspicious device or activity at its Facility.",False,False,False,Suspicious Activity
2022-07-28 00:00:00,19:25:00,07/28/2022,22:41:00,California: Placer County;,WECC,Actual Physical Attack,0,0,2022,DOE_Electric_Disturbance_Events.xlsx:2022,"Damage or destruction of its Facility that results from actual or suspected intentional human action. Physical threat to its Facility excluding weather or natural disaster related threats, which has the potential to degrade the normal operation of the Facility. Or suspicious device or activity at its Facility.",False,False,False,Actual Physical Attack
2022-07-29 00:00:00,02:00:00,07/29/2022,02:01:00,Pennsylvania: York County;,RF,Suspicious Activity,0,0,2022,DOE_Electric_Disturbance_Events.xlsx:2022,"Physical threat to its Facility excluding weather or natural disaster related threats, which has the potential to degrade the normal operation of the Facility. Or suspicious device or activity at its Facility.",False,False,False,Suspicious Activity
2022-07-30 00:00:00,19:35:00,08/01/2022,13:17:00,California: Shasta County;,WECC,System Operations,0,0,2022,DOE_Electric_Disturbance_Events.xlsx:2022,Unplanned evacuation from its Bulk Electric System control center facility for 30 continuous minutes or more.,False,False,False,System Operations
2022-07-31 00:00:00,06:36:00,07/31/2022,07:13:00,New York: Saratoga County;,NPCC,System Operations,0,0,2022,DOE_Electric_Disturbance_Events.xlsx:2022,Complete loss of monitoring or control capability at its staffed Bulk Electric System control center for 30 continuous minutes or more.,False,False,False,System Operations
2022-08-01 00:00:00,09:44:00,08/01/2022,09:45:00,Georgia: DeKalb County;,SERC,Vandalism,0,0,2022,DOE_Electric_Disturbance_Events.xlsx:2022,Damage or destruction of its Facility that results from actual or suspected intentional human action.,False,False,False,Vandalism
2022-08-01 00:00:00,08:03:00,08/01/2022,09:00:00,California: Los Angeles County;,WECC,Actual Physical Attack,0,0,2022,DOE_Electric_Disturbance_Events.xlsx:2022,Damage or destruction of its Facility that results from actual or suspected intentional human action.,False,False,False,Actual Physical Attack
2022-08-03 00:00:00,02:00:00,08/03/2022,03:07:00,Texas: Cameron County;,TRE,Suspicious Activity,0,0,2022,DOE_Electric_Disturbance_Events.xlsx:2022,"Physical threat to its Facility excluding weather or natural disaster related threats, which has the potential to degrade the normal operation of the Facility. Or suspicious device or activity at its Facility.",True,True,True,Suspicious Activity
2022-08-03 00:00:00,02:30:00,Unknown,Unknown,Minnesota: Wisconsin:,MRO/RF,Severe Weather,Unknown,80000,2022,DOE_Electric_Disturbance_Events.xlsx:2022,"Loss of electric service to more than 50,000 customers for 1 hour or more",False,False,False,Severe Weather
2022-08-03 00:00:00,19:00:00,08/05/2022,08:53:00,"Michigan: Wayne County, Washtenaw County, St. Clair County, Macomb County, Monroe County, Oakland County;",RF,Severe Weather,Unknown,71000,2022,DOE_Electric_Disturbance_Events.xlsx:2022,"Loss of electric service to more than 50,000 customers for 1 hour or more",False,False,False,Severe Weather
2022-08-03 00:00:00,17:00:00,08/03/2022,20:30:00,"Michigan: Allegan County, Van Buren County, Barry County, Kalamazoo County, Calhoun County, Jackson County, Calhoun County, Washtenaw County;",RF,Severe Weather,Unknown,91264,2022,DOE_Electric_Disturbance_Events.xlsx:2022,"Loss of electric service to more than 50,000 customers for 1 hour or more",False,False,False,Severe Weather
2022-08-04 00:00:00,18:00:00,08/05/2022,02:00:00,"Maryland: Anne Arundel County, Baltimore County, Baltimore, City of[16];",RF,Severe Weather,Unknown,75500,2022,DOE_Electric_Disturbance_Events.xlsx:2022,"Loss of electric service to more than 50,000 customers for 1 hour or more",False,False,False,Severe Weather
2022-08-05 00:00:00,14:52:00,08/05/2022,16:41:00,Washington: Lewis County;,WECC,Vandalism,0,0,2022,DOE_Electric_Disturbance_Events.xlsx:2022,Damage or destruction of its Facility that results from actual or suspected intentional human action.,False,False,False,Vandalism
2022-08-05 00:00:00,02:00:00,08/05/2022,06:30:00,Washington:,WECC,Actual Physical Attack,3,350,2022,DOE_Electric_Disturbance_Events.xlsx:2022,"Physical threat to its Facility excluding weather or natural disaster related threats, which has the potential to degrade the normal operation of the Facility. Or suspicious device or activity at its Facility.",False,False,False,Actual Physical Attack
2022-08-09 00:00:00,15:18:00,08/09/2022,15:19:00,Washington: Kitsap County;,WECC,Vandalism,0,0,2022,DOE_Electric_Disturbance_Events.xlsx:2022,Damage or destruction of its Facility that results from actual or suspected intentional human action.,False,False,False,Vandalism
2022-08-09 00:00:00,16:42:00,08/09/2022,22:12:00,Ohio:,RF,System Operations,Unknown,62464,2022,DOE_Electric_Disturbance_Events.xlsx:2022,"Loss of electric service to more than 50,000 customers for 1 hour or more",False,False,False,System Operations
2022-08-09 00:00:00,02:29:00,08/09/2022,03:00:00,Missouri:,SERC,System Operations,0,0,2022,DOE_Electric_Disturbance_Events.xlsx:2022,Complete loss of monitoring or control capability at its staffed Bulk Electric System control center for 30 continuous minutes or more.,False,False,False,System Operations
2022-08-09 00:00:00,12:12:00,08/09/2022,13:08:00,Florida: Palm Beach County;,SERC,System Operations,0,0,2022,DOE_Electric_Disturbance_Events.xlsx:2022,Unplanned evacuation from its Bulk Electric System control center facility for 30 continuous minutes or more.,False,False,False,System Operations
2022-08-09 00:00:00,12:12:00,08/09/2022,13:08:00,Florida: Palm Beach County;,SERC,System Operations,0,0,2022,DOE_Electric_Disturbance_Events.xlsx:2022,Unplanned evacuation from its Bulk Electric System control center facility for 30 continuous minutes or more.,False,False,False,System Operations
2022-08-10 00:00:00,01:25:00,08/10/2022,01:30:00,Arkansas: Lawrence County;,SERC,Severe Weather,24,0,2022,DOE_Electric_Disturbance_Events.xlsx:2022,"Unexpected Transmission loss within its area, contrary to design, of three or more Bulk Electric System Facilities caused by a common disturbance (excluding successful automatic reclosing).",False,False,False,Severe Weather
2022-08-10 00:00:00,15:00:00,08/10/2022,15:01:00,Alabama: Jefferson County;,SERC,Vandalism,0,0,2022,DOE_Electric_Disturbance_Events.xlsx:2022,Damage or destruction of its Facility that results from actual or suspected intentional human action.,False,False,False,Vandalism
2022-08-10 00:00:00,19:56:00,08/11/2022,20:00:00,Texas: Harris County;,TRE,Severe Weather,Unknown,140464,2022,DOE_Electric_Disturbance_Events.xlsx:2022,"Loss of electric service to more than 50,000 customers for 1 hour or more",True,True,True,Severe Weather
2022-08-12 00:00:00,14:46:00,08/12/2022,14:47:00,Georgia: Sumter County;,SERC,Vandalism,0,0,2022,DOE_Electric_Disturbance_Events.xlsx:2022,Damage or destruction of its Facility that results from actual or suspected intentional human action.,False,False,False,Vandalism
2022-08-15 00:00:00,23:43:00,08/16/2022,07:14:00,Wyoming: Nebraska:,WECC/MRO,Transmission Interruption,0,5000,2022,DOE_Electric_Disturbance_Events.xlsx:2022,"Unexpected Transmission loss within its area, contrary to design, of three or more Bulk Electric System Facilities caused by a common disturbance (excluding successful automatic reclosing).",False,False,False,Transmission Interruption
2022-08-15 00:00:00,09:08:00,08/15/2022,09:10:00,Nevada: Clark County;,WECC,Vandalism,0,0,2022,DOE_Electric_Disturbance_Events.xlsx:2022,Damage or destruction of its Facility that results from actual or suspected intentional human action.,False,False,False,Vandalism
2022-08-15 00:00:00,10:24:00,08/15/2022,12:49:00,New Jersey: Gloucester County;,RF,Transmission Interruption,Unknown,0,2022,DOE_Electric_Disturbance_Events.xlsx:2022,Physical attack that could potentially impact electric power system adequacy or reliability; or vandalism which targets components of any security systems,False,False,False,Transmission Interruption
2022-08-18 00:00:00,18:05:00,08/18/2022,21:39:00,Ohio: Franklin County;,RF,System Operations,Unknown,Unknown,2022,DOE_Electric_Disturbance_Events.xlsx:2022,Complete loss of monitoring or control capability at its staffed Bulk Electric System control center for 30 continuous minutes or more.,False,False,False,System Operations
2022-08-19 00:00:00,17:40:00,08/19/2022,17:41:00,Massachusetts: Bristol County;,NPCC,Actual Physical Attack,0,0,2022,DOE_Electric_Disturbance_Events.xlsx:2022,Damage or destruction of its Facility that results from actual or suspected intentional human action.,False,False,False,Actual Physical Attack
2022-08-19 00:00:00,22:00:00,08/20/2022,11:30:00,Washington: Clark County;,WECC,Cyber Event,0,0,2022,DOE_Electric_Disturbance_Events.xlsx:2022,Cyber event that could potentially impact electric power system adequacy or reliability,False,False,False,Cyber Event
2022-08-22 00:00:00,09:47:00,08/22/2022,09:48:00,California: Los Angeles County;,WECC,Vandalism,0,0,2022,DOE_Electric_Disturbance_Events.xlsx:2022,Damage or destruction of its Facility that results from actual or suspected intentional human action.,False,False,False,Vandalism
2022-08-22 00:00:00,12:46:00,08/22/2022,13:09:00,Texas: DeWitt County;,TRE,System Operations,24,6385,2022,DOE_Electric_Disturbance_Events.xlsx:2022,"Unexpected Transmission loss within its area, contrary to design, of three or more Bulk Electric System Facilities caused by a common disturbance (excluding successful automatic reclosing).",True,True,True,System Operations
2022-08-22 00:00:00,20:40:00,08/22/2022,21:57:00,Texas: El Paso County;,TRE,Severe Weather,0,0,2022,DOE_Electric_Disturbance_Events.xlsx:2022,"Unexpected Transmission loss within its area, contrary to design, of three or more Bulk Electric System Facilities caused by a common disturbance (excluding successful automatic reclosing).",True,True,True,Severe Weather
2022-08-24 00:00:00,14:20:00,08/24/2022,14:21:00,California: Los Angeles County;,WECC,Vandalism,0,0,2022,DOE_Electric_Disturbance_Events.xlsx:2022,Damage or destruction of its Facility that results from actual or suspected intentional human action.,False,False,False,Vandalism
2022-08-25 00:00:00,00:59:00,08/25/2022,01:00:00,California: San Diego County;,WECC,Vandalism,0,0,2022,DOE_Electric_Disturbance_Events.xlsx:2022,Physical attack that could potentially impact electric power system adequacy or reliability; or vandalism which targets components of any security systems,False,False,False,Vandalism
2022-08-25 00:00:00,00:59:00,08/25/2022,01:00:00,California: San Diego County;,WECC,Vandalism,0,0,2022,DOE_Electric_Disturbance_Events.xlsx:2022,Physical attack that could potentially impact electric power system adequacy or reliability; or vandalism which targets components of any security systems,False,False,False,Vandalism
2022-08-26 00:00:00,11:09:00,08/26/2022,11:10:00,California: Los Angeles County;,WECC,Vandalism,0,0,2022,DOE_Electric_Disturbance_Events.xlsx:2022,Damage or destruction of its Facility that results from actual or suspected intentional human action.,False,False,False,Vandalism
2022-08-27 00:00:00,02:21:00,08/27/2022,19:14:00,Maine:,NPCC,System Operations,0,0,2022,DOE_Electric_Disturbance_Events.xlsx:2022,Complete loss of monitoring or control capability at its staffed Bulk Electric System control center for 30 continuous minutes or more.,False,False,False,System Operations
2022-08-28 00:00:00,04:59:00,08/28/2022,06:06:00,New York: Broome County;,NPCC,System Operations,0,0,2022,DOE_Electric_Disturbance_Events.xlsx:2022,Complete loss of monitoring or control capability at its staffed Bulk Electric System control center for 30 continuous minutes or more.,False,False,False,System Operations
2022-08-29 00:00:00,15:00:00,09/01/2022,09:00:00,"Michigan: Ottawa County, Allegan County, Van Buren County, Montcalm County, Kent County, Barry County, Kalamazoo County, St. Joseph County, Branch County, Hillsdale County, Calhoun County, Jackson County, Eaton County, Clinton County, Shiawassee County, Montcalm County, Isabella County, Mecosta County, Midland County;",RF,Severe Weather,Unknown,197740,2022,DOE_Electric_Disturbance_Events.xlsx:2022,"Loss of electric service to more than 50,000 customers for 1 hour or more",False,False,False,Severe Weather
2022-08-29 00:00:00,17:50:00,Unknown,Unknown,Michigan:,RF,Severe Weather,Unknown,Unknown,2022,DOE_Electric_Disturbance_Events.xlsx:2022,"Loss of electric service to more than 50,000 customers for 1 hour or more",False,False,False,Severe Weather
2022-08-29 00:00:00,10:45:00,08/29/2022,11:45:00,Texas: Collin County;,TRE,Suspicious Activity,0,0,2022,DOE_Electric_Disturbance_Events.xlsx:2022,"Physical threat to its Facility excluding weather or natural disaster related threats, which has the potential to degrade the normal operation of the Facility. Or suspicious device or activity at its Facility.",True,True,True,Suspicious Activity
2022-08-31 00:00:00,09:58:00,08/31/2022,12:15:00,Florida: Duval County;,SERC,Vandalism,10,3000,2022,DOE_Electric_Disturbance_Events.xlsx:2022,"Physical threat to its Facility excluding weather or natural disaster related threats, which has the potential to degrade the normal operation of the Facility. Or suspicious device or activity at its Facility.",False,False,False,Vandalism
2022-09-01 00:00:00,15:00:00,09/01/2022,21:00:00,California: Shasta County;,WECC,Severe Weather,242,44000,2022,DOE_Electric_Disturbance_Events.xlsx:2022,Public appeal to reduce the use of electricity for purposes of maintaining the continuity of the Bulk Electric System,False,False,False,Severe Weather
2022-09-04 00:00:00,16:00:00,09/06/2022,08:00:00,"Texas: Tarrant County, Collin County, Dallas County, Ellis County, Kaufman County, Rockwall County, Williamson County, Denton County, Archer County;",TRE,Severe Weather,Unknown,190000,2022,DOE_Electric_Disturbance_Events.xlsx:2022,"Loss of electric service to more than 50,000 customers for 1 hour or more",True,True,True,Severe Weather
2022-09-04 00:00:00,18:50:00,09/05/2022,02:45:00,California: Kings County;,WECC,Cyber Event,0,0,2022,DOE_Electric_Disturbance_Events.xlsx:2022,Cyber event that could potentially impact electric power system adequacy or reliability,False,False,False,Cyber Event
2022-09-05 00:00:00,06:05:00,09/05/2022,21:00:00,California: Sacramento County;,WECC,System Operations,Unknown,0,2022,DOE_Electric_Disturbance_Events.xlsx:2022,Public appeal to reduce the use of electricity for purposes of maintaining the continuity of the Bulk Electric System,False,False,False,System Operations
2022-09-06 00:00:00,16:30:00,09/07/2022,00:30:00,California: San Diego County;,WECC,Vandalism,0,0,2022,DOE_Electric_Disturbance_Events.xlsx:2022,Physical attack that could potentially impact electric power system adequacy or reliability; or vandalism which targets components of any security systems,False,False,False,Vandalism
2022-09-06 00:00:00,06:00:00,09/06/2022,06:22:00,Texas: Cameron County;,TRE,Suspicious Activity,0,0,2022,DOE_Electric_Disturbance_Events.xlsx:2022,"Physical threat to its Facility excluding weather or natural disaster related threats, which has the potential to degrade the normal operation of the Facility. Or suspicious device or activity at its Facility.",True,True,True,Suspicious Activity
2022-09-06 00:00:00,10:34:00,09/06/2022,21:00:00,California: Sacramento County;,WECC,System Operations,Unknown,0,2022,DOE_Electric_Disturbance_Events.xlsx:2022,Public appeal to reduce the use of electricity for purposes of maintaining the continuity of the Bulk Electric System,False,False,False,System Operations
2022-09-06 00:00:00,16:00:00,09/06/2022,21:00:00,California: Shasta County;,WECC,Severe Weather,272,44000,2022,DOE_Electric_Disturbance_Events.xlsx:2022,Public appeal to reduce the use of electricity for purposes of maintaining the continuity of the Bulk Electric System,False,False,False,Severe Weather
2022-09-06 00:00:00,19:20:00,09/06/2022,21:01:00,Idaho: Oregon:,WECC,System Operations,Unknown,Unknown,2022,DOE_Electric_Disturbance_Events.xlsx:2022,Public appeal to reduce the use of electricity for purposes of maintaining the continuity of the Bulk Electric System,False,False,False,System Operations
2022-09-06 00:00:00,17:00:00,09/06/2022,20:00:00,"Nevada: Clark County, Washoe County;",WECC,System Operations,8800,1300000,2022,DOE_Electric_Disturbance_Events.xlsx:2022,Public appeal to reduce the use of electricity for purposes of maintaining the continuity of the Bulk Electric System,False,False,False,System Operations
2022-09-07 00:00:00,13:45:00,09/07/2022,19:00:00,Florida: Alachua County;,SERC,Cyber Event,0,0,2022,DOE_Electric_Disturbance_Events.xlsx:2022,Complete loss of monitoring or control capability at its staffed Bulk Electric System control center for 30 continuous minutes or more.,False,False,False,Cyber Event
2022-09-07 00:00:00,11:31:00,09/07/2022,21:00:00,California: Sacramento County;,WECC,System Operations,Unknown,0,2022,DOE_Electric_Disturbance_Events.xlsx:2022,Public appeal to reduce the use of electricity for purposes of maintaining the continuity of the Bulk Electric System,False,False,False,System Operations
2022-09-07 00:00:00,13:00:00,Unknown,Unknown,California: Imperial County;,WECC,Vandalism,0,0,2022,DOE_Electric_Disturbance_Events.xlsx:2022,Physical attack that could potentially impact electric power system adequacy or reliability; or vandalism which targets components of any security systems,False,False,False,Vandalism
2022-09-07 00:00:00,17:00:00,09/07/2022,20:00:00,"Nevada: Clark County, Washoe County;",WECC,System Operations,8600,1300000,2022,DOE_Electric_Disturbance_Events.xlsx:2022,Public appeal to reduce the use of electricity for purposes of maintaining the continuity of the Bulk Electric System,False,False,False,System Operations
2022-09-07 00:00:00,16:00:00,09/07/2022,21:00:00,California: Shasta County;,WECC,Severe Weather,257,44000,2022,DOE_Electric_Disturbance_Events.xlsx:2022,Public appeal to reduce the use of electricity for purposes of maintaining the continuity of the Bulk Electric System,False,False,False,Severe Weather
2022-09-08 00:00:00,10:52:00,09/09/2022,21:00:00,California: Sacramento County;,WECC,System Operations,Unknown,0,2022,DOE_Electric_Disturbance_Events.xlsx:2022,Public appeal to reduce the use of electricity for purposes of maintaining the continuity of the Bulk Electric System,False,False,False,System Operations
2022-09-08 00:00:00,11:54:00,09/08/2022,21:00:00,California: Shasta County;,WECC,Severe Weather,258,44000,2022,DOE_Electric_Disturbance_Events.xlsx:2022,Public appeal to reduce the use of electricity for purposes of maintaining the continuity of the Bulk Electric System,False,False,False,Severe Weather
2022-09-08 00:00:00,17:00:00,09/08/2022,20:00:00,"Nevada: Clark County, Washoe County;",WECC,System Operations,8250,1300000,2022,DOE_Electric_Disturbance_Events.xlsx:2022,Public appeal to reduce the use of electricity for purposes of maintaining the continuity of the Bulk Electric System,False,False,False,System Operations
2022-09-09 00:00:00,16:00:00,09/09/2022,21:00:00,California: Shasta County;,WECC,Severe Weather,257,44000,2022,DOE_Electric_Disturbance_Events.xlsx:2022,Public appeal to reduce the use of electricity for purposes of maintaining the continuity of the Bulk Electric System,False,False,False,Severe Weather
2022-09-10 00:00:00,22:30:00,09/10/2022,22:31:00,Indiana: Spencer County;,RF,Suspicious Activity,Unknown,Unknown,2022,DOE_Electric_Disturbance_Events.xlsx:2022,"Physical threat to its Facility excluding weather or natural disaster related threats, which has the potential to degrade the normal operation of the Facility. Or suspicious device or activity at its Facility.",False,False,False,Suspicious Activity
2022-09-11 00:00:00,18:19:00,09/11/2022,22:28:00,Texas: Fayette County;,TRE,Transmission Interruption,0,0,2022,DOE_Electric_Disturbance_Events.xlsx:2022,"Unexpected Transmission loss within its area, contrary to design, of three or more Bulk Electric System Facilities caused by a common disturbance (excluding successful automatic reclosing).",True,True,True,Transmission Interruption
2022-09-13 00:00:00,19:55:00,09/13/2022,20:01:00,Texas: El Paso County;,TRE,Severe Weather,0,0,2022,DOE_Electric_Disturbance_Events.xlsx:2022,"Unexpected Transmission loss within its area, contrary to design, of three or more Bulk Electric System Facilities caused by a common disturbance (excluding successful automatic reclosing).",True,True,True,Severe Weather
2022-09-15 00:00:00,19:52:00,09/15/2022,21:31:00,Texas: Fayette County;,TRE,Transmission Interruption,0,0,2022,DOE_Electric_Disturbance_Events.xlsx:2022,"Unexpected Transmission loss within its area, contrary to design, of three or more Bulk Electric System Facilities caused by a common disturbance (excluding successful automatic reclosing).",True,True,True,Transmission Interruption
2022-09-16 00:00:00,18:30:00,09/16/2022,23:15:00,Oregon: Multnomah County; Washington: Clark County;,WECC,Transmission Interruption,0,0,2022,DOE_Electric_Disturbance_Events.xlsx:2022,Complete loss of Interpersonal Communication and Alternative Interpersonal Communication capability affecting its staffed Bulk Electric System control center for 30 continuous minutes or more.,False,False,False,Transmission Interruption
2022-09-16 00:00:00,18:00:00,09/16/2022,18:01:00,Utah:,WECC,Suspicious Activity,0,0,2022,DOE_Electric_Disturbance_Events.xlsx:2022,Damage or destruction of its Facility that results from actual or suspected intentional human action.,False,False,False,Suspicious Activity
2022-09-21 00:00:00,16:19:00,09/21/2022,18:01:00,Texas: Louisiana: Arkansas: Jefferson County; Mississippi:,TRE/SERC,Vandalism,Unknown,1521,2022,DOE_Electric_Disturbance_Events.xlsx:2022,Damage or destruction of its Facility that results from actual or suspected intentional human action.,True,True,True,Vandalism
2022-09-22 00:00:00,03:58:00,09/22/2022,04:00:00,"Florida: Pinellas County, Pasco County, Orange County, Lake County;",SERC,Vandalism,Unknown,Unknown,2022,DOE_Electric_Disturbance_Events.xlsx:2022,"Physical threat to its Facility excluding weather or natural disaster related threats, which has the potential to degrade the normal operation of the Facility. Or suspicious device or activity at its Facility.",False,False,False,Vandalism
2022-09-22 00:00:00,10:02:00,09/22/2022,11:00:00,California: Los Angeles County;,WECC,Vandalism,1,0,2022,DOE_Electric_Disturbance_Events.xlsx:2022,Damage or destruction of its Facility that results from actual or suspected intentional human action.,False,False,False,Vandalism
2022-09-23 00:00:00,10:10:00,09/23/2022,11:00:00,California: Los Angeles County;,WECC,Vandalism,2,0,2022,DOE_Electric_Disturbance_Events.xlsx:2022,Damage or destruction of its Facility that results from actual or suspected intentional human action.,False,False,False,Vandalism
2022-09-27 00:00:00,08:42:00,09/27/2022,10:00:00,California: Los Angeles County;,WECC,Vandalism,1,0,2022,DOE_Electric_Disturbance_Events.xlsx:2022,Damage or destruction of its Facility that results from actual or suspected intentional human action.,False,False,False,Vandalism
2022-09-28 00:00:00,15:00:00,10/03/2022,15:53:00,"Florida: Alachua County, Bay County, Citrus County, Columbia County, Dixie County, Franklin County, Gilchrist County, Gulf County, Hamilton County, Hardee County, Hernando County, Highlands County, Jefferson County, Lafayette County, Lake County, Levy County, Madison County, Marion County, Orange County, Osceola County, Pasco County, Pinellas County, Polk County, Seminole County, Sumter County, Suwannee County, Taylor County, Volusia County, Wakulla County;",SERC,Severe Weather,Unknown,676000,2022,DOE_Electric_Disturbance_Events.xlsx:2022,"Loss of electric service to more than 50,000 customers for 1 hour or more",False,False,False,Severe Weather
2022-09-28 00:00:00,18:00:00,09/30/2022,15:20:00,Florida:,SERC,Severe Weather,1000,116937,2022,DOE_Electric_Disturbance_Events.xlsx:2022,"Loss of electric service to more than 50,000 customers for 1 hour or more",False,False,False,Severe Weather
2022-09-28 00:00:00,15:00:00,Unknown,Unknown,"Florida: Hillsborough County, Polk County, Pasco County, Pinellas County;",SERC,Severe Weather,750,291361,2022,DOE_Electric_Disturbance_Events.xlsx:2022,"Loss of electric service to more than 50,000 customers for 1 hour or more",False,False,False,Severe Weather
2022-09-29 00:00:00,04:00:00,10/03/2022,00:00:00,"Florida: Orange County, Osceola County;",SERC,Severe Weather,0,0,2022,DOE_Electric_Disturbance_Events.xlsx:2022,"Loss of electric service to more than 50,000 customers for 1 hour or more",False,False,False,Severe Weather
2022-09-29 00:00:00,03:27:00,Unknown,Unknown,Florida: Polk County;,SERC,Severe Weather,150,15797,2022,DOE_Electric_Disturbance_Events.xlsx:2022,"Loss of electric service to more than 50,000 customers for 1 hour or more",False,False,False,Severe Weather
2022-09-30 00:00:00,18:30:00,10/01/2022,18:36:00,North Carolina: South Carolina:,SERC,Severe Weather,Unknown,154100,2022,DOE_Electric_Disturbance_Events.xlsx:2022,"Loss of electric service to more than 50,000 customers for 1 hour or more",False,False,False,Severe Weather
2022-09-30 00:00:00,13:46:00,09/30/2022,18:09:00,South Carolina:,SERC,Severe Weather,Unknown,108930,2022,DOE_Electric_Disturbance_Events.xlsx:2022,"Loss of electric service to more than 50,000 customers for 1 hour or more",False,False,False,Severe Weather
2022-09-30 00:00:00,02:45:00,10/01/2022,16:15:00,North Carolina:,SERC,Severe Weather,Unknown,48323,2022,DOE_Electric_Disturbance_Events.xlsx:2022,"Loss of electric service to more than 50,000 customers for 1 hour or more",False,False,False,Severe Weather
2022-09-30 00:00:00,11:00:00,09/30/2022,12:00:00,California: Los Angeles County;,WECC,Vandalism,2,0,2022,DOE_Electric_Disturbance_Events.xlsx:2022,Damage or destruction of its Facility that results from actual or suspected intentional human action.,False,False,False,Vandalism
2022-10-03 00:00:00,06:00:00,10/04/2022,07:00:00,Alabama: Barbour County; Virginia:,SERC,Suspicious activity,0,0,2022,DOE_Electric_Disturbance_Events.xlsx:2022,Damage or destruction of its Facility that results from actual or suspected intentional human action.,False,False,False,Suspicious activity
2022-10-03 00:00:00,13:45:00,10/03/2022,14:30:00,California: Los Angeles County;,WECC,Vandalism,1,0,2022,DOE_Electric_Disturbance_Events.xlsx:2022,Damage or destruction of its Facility that results from actual or suspected intentional human action.,False,False,False,Vandalism
2022-10-08 00:00:00,16:23:00,10/08/2022,16:50:00,New York: Queens County;,NPCC,Suspicious activity,100,0,2022,DOE_Electric_Disturbance_Events.xlsx:2022,"Physical threat to its Bulk Electric System control center, excluding weather or natural disaster related threats, which has the potential to degrade the normal operation of the control center. Or suspicious device or activity at its Bulk Electric System control center.",False,False,False,Suspicious activity
2022-10-10 00:00:00,15:50:00,10/10/2022,16:05:00,Texas: Louisiana: Arkansas: Pope County; Mississippi:,TRE/SERC,Vandalism,Unknown,0,2022,DOE_Electric_Disturbance_Events.xlsx:2022,Damage or destruction of its Facility that results from actual or suspected intentional human action.,True,True,True,Vandalism
2022-10-13 00:00:00,10:00:00,10/13/2022,11:00:00,California: Los Angeles County;,WECC,Vandalism,1,0,2022,DOE_Electric_Disturbance_Events.xlsx:2022,Damage or destruction of its Facility that results from actual or suspected intentional human action.,False,False,False,Vandalism
2022-10-14 00:00:00,13:15:00,10/14/2022,17:45:00,Connecticut: Massachusetts: Maine: Rhode Island: New Hampshire: Vermont:,NPCC,Sever Weather,Unknown,76388,2022,DOE_Electric_Disturbance_Events.xlsx:2022,"Loss of electric service to more than 50,000 customers for 1 hour or more",False,False,False,Sever Weather
2022-10-14 00:00:00,13:30:00,Unknown ,Unknown,Texas: Bee County;,RE ,Cyber Event,0,0,2022,DOE_Electric_Disturbance_Events.xlsx:2022,Reportable Cyber Security Incident,True,False,True,Cyber Event
2022-10-15 00:00:00,09:52:00,10/15/2022,10:23:00,Arizona: Maricopa County;,WECC,System Operations,0,0,2022,DOE_Electric_Disturbance_Events.xlsx:2022,Unplanned evacuation from its Bulk Electric System control center facility for 30 continuous minutes or more.,False,False,False,System Operations
2022-10-15 00:00:00,20:04:00,10/18/2022,16:03:00,Louisiana: Lafourche Parish;,SERC,System Operations,69,16225,2022,DOE_Electric_Disturbance_Events.xlsx:2022,"Unexpected Transmission loss within its area, contrary to design, of three or more Bulk Electric System Facilities caused by a common disturbance (excluding successful automatic reclosing).",False,False,False,System Operations
2022-10-18 00:00:00,15:12:00,Unknown ,Unknown,Texas: Louisiana: Arkansas: Pope County; Mississippi:,TRE/SERC,Vandalism,Unknown,Unknown,2022,DOE_Electric_Disturbance_Events.xlsx:2022,Damage or destruction of its Facility that results from actual or suspected intentional human action.,True,True,True,Vandalism
2022-10-21 00:00:00,11:15:00,10/21/2022,11:18:00,California: Trinity County;,WECC,Suspicious activity,0,0,2022,DOE_Electric_Disturbance_Events.xlsx:2022,"Physical threat to its Facility excluding weather or natural disaster related threats, which has the potential to degrade the normal operation of the Facility. Or suspicious device or activity at its Facility.",False,False,False,Suspicious activity
2022-10-24 00:00:00,00:00:00,10/28/2022,00:00:00,Massachusetts: Essex County[13];,NPCC,Cyber Event,0,0,2022,DOE_Electric_Disturbance_Events.xlsx:2022,Reportable Cyber Security Incident,False,False,False,Cyber Event
2022-10-24 00:00:00,16:29:00,10/24/2022,18:05:00,Texas: New Mexico: Chaves County;,TRE/WECC,System Operations,34,7551,2022,DOE_Electric_Disturbance_Events.xlsx:2022,"Unexpected Transmission loss within its area, contrary to design, of three or more Bulk Electric System Facilities caused by a common disturbance (excluding successful automatic reclosing).",True,True,True,System Operations
2022-10-25 00:00:00,01:45:00,10/25/2022,13:50:00,Texas: Harris County;,TRE,System Operations,Unknown,109865,2022,DOE_Electric_Disturbance_Events.xlsx:2022,"Loss of electric service to more than 50,000 customers for 1 hour or more",True,True,True,System Operations
2022-10-26 00:00:00,19:32:00,10/26/2022,20:38:00,Texas:,TRE,System Operations,0,0,2022,DOE_Electric_Disturbance_Events.xlsx:2022,Complete loss of monitoring or control capability at its staffed Bulk Electric System control center for 30 continuous minutes or more.,True,True,True,System Operations
2022-10-27 00:00:00,00:01:00,10/27/2022,13:00:00,Arkansas:,SERC,Vandalism,Unknown,0,2022,DOE_Electric_Disturbance_Events.xlsx:2022,Damage or destruction of its Facility that results from actual or suspected intentional human action.,False,False,False,Vandalism
2022-10-28 00:00:00,14:16:00,10/28/2022,15:00:00,California: Los Angeles County;,WECC,Vandalism,2,0,2022,DOE_Electric_Disturbance_Events.xlsx:2022,Damage or destruction of its Facility that results from actual or suspected intentional human action.,False,False,False,Vandalism
2022-10-31 00:00:00,21:14:00,10/31/2022,22:14:00,Louisiana:,SERC,Suspicious activity,Unknown,0,2022,DOE_Electric_Disturbance_Events.xlsx:2022,Damage or destruction of its Facility that results from actual or suspected intentional human action.,False,False,False,Suspicious activity
2022-11-02 00:00:00,15:11:00,11/02/2022,15:25:00,Texas: Cameron County;,TRE,Suspicious Activity,0,0,2022,DOE_Electric_Disturbance_Events.xlsx:2022,"Physical threat to its Facility excluding weather or natural disaster related threats, which has the potential to degrade the normal operation of the Facility. Or suspicious device or activity at its Facility.",True,True,True,Suspicious Activity
2022-11-03 00:00:00,12:07:00,11/03/2022,14:24:00,Washington: Douglas County;,WECC,Transmission Interruption,0,0,2022,DOE_Electric_Disturbance_Events.xlsx:2022,"Unexpected Transmission loss within its area, contrary to design, of three or more Bulk Electric System Facilities caused by a common disturbance (excluding successful automatic reclosing).",False,False,False,Transmission Interruption
2022-11-04 00:00:00,20:05:00,11/07/2022,09:00:00,"Washington: Island County, King County, Kittitas County, Thurston County, Kitsap County, Pierce County, Skagit County, Whatcom County;",WECC,Severe Weather,Unknown,214000,2022,DOE_Electric_Disturbance_Events.xlsx:2022,"Loss of electric service to more than 50,000 customers for 1 hour or more",False,False,False,Severe Weather
2022-11-05 00:00:00,13:00:00,11/08/2022,07:00:00,"Michigan: Kalamazoo County, Kent County, Calhoun County, Genesee County, Ottawa County, Muskegon County, Eaton County, Saginaw County, Van Buren County, Hillsdale County, Shiawassee County, Jackson County, Lenawee County, Branch County, Montcalm County, Monroe County, Manistee County, Roscommon County, Clinton County, Ingham County, Gladwin County, Arenac County, Ogemaw County, Iosco County, Alcona County;",RF,Severe Weather,Unknown,158450,2022,DOE_Electric_Disturbance_Events.xlsx:2022,"Loss of electric service to more than 50,000 customers for 1 hour or more",False,False,False,Severe Weather
2022-11-05 00:00:00,19:57:00,Unknown,Unknown,"Michigan: Oakland County, Wayne County, Monroe County, Lapeer County, St. Clair County, Washtenaw County, Macomb County, Tuscola County, Sanilac County, Huron County;",RF,Severe Weather,Unknown,53000,2022,DOE_Electric_Disturbance_Events.xlsx:2022,"Loss of electric service to more than 50,000 customers for 1 hour or more",False,False,False,Severe Weather
2022-11-05 00:00:00,19:00:00,Unknown,Unknown,Wisconsin:,MRO/RF,Severe Weather,Unknown,50000,2022,DOE_Electric_Disturbance_Events.xlsx:2022,"Loss of electric service to more than 50,000 customers for 1 hour or more",False,False,False,Severe Weather
2022-11-08 00:00:00,15:48:00,11/08/2022,16:21:00,Texas: Hockley County;,TRE,Transmission Interruption,0,0,2022,DOE_Electric_Disturbance_Events.xlsx:2022,"Unexpected Transmission loss within its area, contrary to design, of three or more Bulk Electric System Facilities caused by a common disturbance (excluding successful automatic reclosing).",True,True,True,Transmission Interruption
2022-11-10 00:00:00,11:07:00,11/10/2022,12:00:00,Arkansas: Pulaski County;,SERC,Generation Inadequacy,0,0,2022,DOE_Electric_Disturbance_Events.xlsx:2022,Unplanned evacuation from its Bulk Electric System control center facility for 30 continuous minutes or more.,False,False,False,Generation Inadequacy
2022-11-10 00:00:00,06:00:00,11/11/2022,08:47:00,"Florida: Alachua County, Bay County, Citrus County, Columbia County, Dixie County, Franklin County, Gilchrist County, Gulf County, Hamilton County, Hardee County, Hernando County, Highlands County, Jefferson County, Lafayette County, Lake County, Levy County, Madison County, Marion County, Orange County, Osceola County, Pasco County, Pinellas County, Polk County, Seminole County, Sumter County, Suwannee County, Taylor County, Volusia County, Wakulla County;",SERC,Severe Weather,Unknown,160000,2022,DOE_Electric_Disturbance_Events.xlsx:2022,"Loss of electric service to more than 50,000 customers for 1 hour or more",False,False,False,Severe Weather
2022-11-11 00:00:00,01:00:00,11/11/2022,05:00:00,California: San Bernardino County;,WECC,Vandalism,Unknown,Unknown,2022,DOE_Electric_Disturbance_Events.xlsx:2022,Damage or destruction of its Facility that results from actual or suspected intentional human action.,False,False,False,Vandalism
2022-11-11 00:00:00,01:41:00,11/14/2022,14:00:00,Ohio: Knox County;,RF,Actual Physical Attack/Vandalism,7,1775,2022,DOE_Electric_Disturbance_Events.xlsx:2022,Damage or destruction of its Facility that results from actual or suspected intentional human action.,False,False,False,Actual Physical Attack/Vandalism
2022-11-15 00:00:00,10:17:00,11/15/2022,11:06:00,Massachusetts: Hampden County[13];,NPCC,System Operations,0,0,2022,DOE_Electric_Disturbance_Events.xlsx:2022,Complete loss of monitoring or control capability at its staffed Bulk Electric System control center for 30 continuous minutes or more.,False,False,False,System Operations
2022-11-15 00:00:00,01:00:00,11/15/2022,06:00:00,Oregon: Josephine County; Washington: Idaho: Utah: Wyoming:,WECC,Vandalism,0,0,2022,DOE_Electric_Disturbance_Events.xlsx:2022,Damage or destruction of its Facility that results from actual or suspected intentional human action.,False,False,False,Vandalism
2022-11-18 00:00:00,04:30:00,11/18/2022,04:59:00,Washington: Cowlitz County;,WECC,Actual Physical Attack/Vandalism,3,1454,2022,DOE_Electric_Disturbance_Events.xlsx:2022,Damage or destruction of its Facility that results from actual or suspected intentional human action.,False,False,False,Actual Physical Attack/Vandalism
2022-11-22 00:00:00,10:01:00,11/22/2022,10:43:00,Maine: Penobscot County;,NPCC,System Operations,0,0,2022,DOE_Electric_Disturbance_Events.xlsx:2022,Complete loss of monitoring or control capability at its staffed Bulk Electric System control center for 30 continuous minutes or more.,False,False,False,System Operations
2022-11-23 00:00:00,07:03:00,11/23/2022,08:57:00,Texas: Cameron County;,TRE,Suspicious Activity,0,0,2022,DOE_Electric_Disturbance_Events.xlsx:2022,"Physical threat to its Facility excluding weather or natural disaster related threats, which has the potential to degrade the normal operation of the Facility. Or suspicious device or activity at its Facility.",True,True,True,Suspicious Activity
2022-11-23 00:00:00,10:15:00,11/23/2022,14:09:00,Washington: Pierce County;,WECC,Actual Physical Attack/Vandalism,0,0,2022,DOE_Electric_Disturbance_Events.xlsx:2022,Physical attack that could potentially impact electric power system adequacy or reliability; or vandalism which targets components of any security systems,False,False,False,Actual Physical Attack/Vandalism
2022-11-23 00:00:00,12:46:00,11/23/2022,13:19:00,Michigan:,RF,System Operations,0,0,2022,DOE_Electric_Disturbance_Events.xlsx:2022,Complete loss of monitoring or control capability at its staffed Bulk Electric System control center for 30 continuous minutes or more.,False,False,False,System Operations
2022-11-23 00:00:00,09:30:00,Unknown,Unknown,Maryland: Delaware: New Jersey: Pennsylvania: Illinois: District of Columbia:,RF,Cyber Event,Unknown,Unknown,2022,DOE_Electric_Disturbance_Events.xlsx:2022,Cyber event that could potentially impact electric power system adequacy or reliability,False,False,False,Cyber Event
2022-11-24 00:00:00,01:40:00,11/24/2022,01:45:00,Oregon: Clackamas County;,WECC,Vandalism,0,0,2022,DOE_Electric_Disturbance_Events.xlsx:2022,Damage or destruction of its Facility that results from actual or suspected intentional human action.,False,False,False,Vandalism
2022-11-25 00:00:00,05:00:00,11/25/2022,08:00:00,California: Riverside County;,WECC,Actual Physical Attack/Vandalism,0,0,2022,DOE_Electric_Disturbance_Events.xlsx:2022,Damage or destruction of its Facility that results from actual or suspected intentional human action.,False,False,False,Actual Physical Attack/Vandalism
2022-11-27 00:00:00,17:28:00,11/27/2022,23:58:00,Maryland: Montgomery County;,RF,Transmission Interruption,190,87500,2022,DOE_Electric_Disturbance_Events.xlsx:2022,"Loss of electric service to more than 50,000 customers for 1 hour or more",False,False,False,Transmission Interruption
2022-11-28 00:00:00,01:08:00,11/28/2022,02:24:00,Oregon: Clackamas County;,WECC,Actual Physical Attack/Vandalism,Unknown,6337,2022,DOE_Electric_Disturbance_Events.xlsx:2022,Physical attack that could potentially impact electric power system adequacy or reliability; or vandalism which targets components of any security systems,False,False,False,Actual Physical Attack/Vandalism
2022-11-30 00:00:00,18:45:00,12/02/2022,04:00:00,Maine: Massachusetts: Connecticut: Rhode Island: Vermont: New Hampshire:,NPCC,Severe Weather,113,113000,2022,DOE_Electric_Disturbance_Events.xlsx:2022,"Loss of electric service to more than 50,000 customers for 1 hour or more",False,False,False,Severe Weather
2022-11-30 00:00:00,02:37:00,11/30/2022,06:10:00,New York: Broome County;,NPCC,System Operations,0,0,2022,DOE_Electric_Disturbance_Events.xlsx:2022,Complete loss of monitoring or control capability at its staffed Bulk Electric System control center for 30 continuous minutes or more.,False,False,False,System Operations
2022-11-30 00:00:00,03:35:00,11/30/2022,09:10:00,Alabama: Mississippi: Georgia:,SERC,Severe Weather,386,54110,2022,DOE_Electric_Disturbance_Events.xlsx:2022,"Loss of electric service to more than 50,000 customers for 1 hour or more",False,False,False,Severe Weather
2022-12-03 00:00:00,19:51:00,Unknown,Unknown,North Carolina: Moore County;,SERC,Vandalism,99,45000,2022,DOE_Electric_Disturbance_Events.xlsx:2022,Physical attack that could potentially impact electric power system adequacy or reliability; or vandalism which targets components of any security systems.,False,False,False,Vandalism
2022-12-05 00:00:00,18:20:00,12/05/2022,18:55:00,Pennsylvania: York County;,RF,Suspicious Activity,0,0,2022,DOE_Electric_Disturbance_Events.xlsx:2022,"Physical threat to its Facility excluding weather or natural disaster related threats, which has the potential to degrade the normal operation of the Facility. Or suspicious device or activity at its Facility.",False,False,False,Suspicious Activity
2022-12-05 00:00:00,09:00:00,12/05/2022,13:00:00,New York: Orange County;,NPCC,Vandalism,0,0,2022,DOE_Electric_Disturbance_Events.xlsx:2022,Physical attack that could potentially impact electric power system adequacy or reliability; or vandalism which targets components of any security systems.,False,False,False,Vandalism
2022-12-06 00:00:00,09:25:00,Unknown,Unknown,California: Sacramento County;,WECC,Suspicious Activity,0,0,2022,DOE_Electric_Disturbance_Events.xlsx:2022,"Physical threat to its Facility excluding weather or natural disaster related threats, which has the potential to degrade the normal operation of the Facility. Or suspicious device or activity at its Facility.",False,False,False,Suspicious Activity
2022-12-06 00:00:00,08:26:00,12/06/2022,08:30:00,Kentucky: Jefferson County;,SERC,Vandalism,0,0,2022,DOE_Electric_Disturbance_Events.xlsx:2022,"Physical threat to its Facility excluding weather or natural disaster related threats, which has the potential to degrade the normal operation of the Facility. Or suspicious device or activity at its Facility.",False,False,False,Vandalism
2022-12-06 00:00:00,00:00:00,12/06/2022,00:01:00,Georgia: Heard County;,SERC,Suspicious Activity,0,0,2022,DOE_Electric_Disturbance_Events.xlsx:2022,"Physical threat to its Facility excluding weather or natural disaster related threats, which has the potential to degrade the normal operation of the Facility. Or suspicious device or activity at its Facility.",False,False,False,Suspicious Activity
2022-12-06 00:00:00,00:00:00,12/06/2022,00:01:00,Georgia: Bartow County;,SERC,Suspicious Activity,0,0,2022,DOE_Electric_Disturbance_Events.xlsx:2022,"Physical threat to its Facility excluding weather or natural disaster related threats, which has the potential to degrade the normal operation of the Facility. Or suspicious device or activity at its Facility.",False,False,False,Suspicious Activity
2022-12-06 00:00:00,12:45:00,Unknown,Unknown,Ohio:,RF,Suspicious Activity,2600,Unknown,2022,DOE_Electric_Disturbance_Events.xlsx:2022,"Physical threat to its Facility excluding weather or natural disaster related threats, which has the potential to degrade the normal operation of the Facility. Or suspicious device or activity at its Facility.",False,False,False,Suspicious Activity
2022-12-06 00:00:00,08:15:00,12/06/2022,12:15:00,Pennsylvania:,RF,Suspicious Activity,1883,Unknown,2022,DOE_Electric_Disturbance_Events.xlsx:2022,"Physical threat to its Facility excluding weather or natural disaster related threats, which has the potential to degrade the normal operation of the Facility. Or suspicious device or activity at its Facility.",False,False,False,Suspicious Activity
2022-12-07 00:00:00,13:35:00,12/07/2022,13:40:00,Illinois: Cook County;,SERC/RF,Suspicious Activity,0,0,2022,DOE_Electric_Disturbance_Events.xlsx:2022,"Physical threat to its Facility excluding weather or natural disaster related threats, which has the potential to degrade the normal operation of the Facility. Or suspicious device or activity at its Facility.",False,False,False,Suspicious Activity
2022-12-07 00:00:00,16:42:00,12/07/2022,21:00:00,North Carolina: South Carolina:,SERC,Suspicious Activity,0,0,2022,DOE_Electric_Disturbance_Events.xlsx:2022,"Physical threat to its Facility excluding weather or natural disaster related threats, which has the potential to degrade the normal operation of the Facility. Or suspicious device or activity at its Facility.",False,False,False,Suspicious Activity
2022-12-08 00:00:00,12:36:00,Unknown,Unknown,Indiana: Vigo County;,RF,Suspicious Activity,0,0,2022,DOE_Electric_Disturbance_Events.xlsx:2022,"Physical threat to its Facility excluding weather or natural disaster related threats, which has the potential to degrade the normal operation of the Facility. Or suspicious device or activity at its Facility.",False,False,False,Suspicious Activity
2022-12-10 00:00:00,01:14:00,12/10/2022,02:02:00,Massachusetts: Suffolk County[13];,NPCC,Transmission Interruption,0,0,2022,DOE_Electric_Disturbance_Events.xlsx:2022,Unplanned evacuation from its Bulk Electric System control center facility for 30 continuous minutes or more.,False,False,False,Transmission Interruption
2022-12-10 00:00:00,11:00:00,12/12/2022,06:00:00,"Missouri: Greene County, Dunklin County;",SERC,Suspicious Activity,0,0,2022,DOE_Electric_Disturbance_Events.xlsx:2022,"Physical threat to its Facility excluding weather or natural disaster related threats, which has the potential to degrade the normal operation of the Facility. Or suspicious device or activity at its Facility.",False,False,False,Suspicious Activity
2022-12-13 00:00:00,23:59:00,12/14/2022,03:39:00,Washington: Spokane County;,WECC,Vandalism,10,583,2022,DOE_Electric_Disturbance_Events.xlsx:2022,Damage or destruction of its Facility that results from actual or suspected intentional human action.,False,False,False,Vandalism
2022-12-14 00:00:00,10:42:00,12/14/2022,12:05:00,Florida: Hillsborough County;,SERC,System Operations,0,0,2022,DOE_Electric_Disturbance_Events.xlsx:2022,Complete loss of monitoring or control capability at its staffed Bulk Electric System control center for 30 continuous minutes or more.,False,False,False,System Operations
2022-12-14 00:00:00,11:23:00,Unknown,Unknown,Indiana:,RF,Vandalism,0,0,2022,DOE_Electric_Disturbance_Events.xlsx:2022,Damage or destruction of its Facility that results from actual or suspected intentional human action.,False,False,False,Vandalism
2022-12-14 00:00:00,12:52:00,Unknown,Unknown,Montana: Richland County;,WECC,Suspicious Activity,Unknown,Unknown,2022,DOE_Electric_Disturbance_Events.xlsx:2022,"Physical threat to its Facility excluding weather or natural disaster related threats, which has the potential to degrade the normal operation of the Facility. Or suspicious device or activity at its Facility.",False,False,False,Suspicious Activity
2022-12-15 00:00:00,05:30:00,12/15/2022,05:31:00,Utah: Salt Lake County;,WECC,Vandalism,0,0,2022,DOE_Electric_Disturbance_Events.xlsx:2022,Damage or destruction of its Facility that results from actual or suspected intentional human action.,False,False,False,Vandalism
2022-12-16 00:00:00,23:30:00,12/18/2022,23:21:00,Massachusetts: Vermont: New Hampshire: Maine:,NPCC,Severe Weather,Unknown,36600,2022,DOE_Electric_Disturbance_Events.xlsx:2022,"Loss of electric service to more than 50,000 customers for 1 hour or more.",False,False,False,Severe Weather
2022-12-17 00:00:00,19:45:00,12/17/2022,19:46:00,Texas: Kaufman County;,TRE,Suspicious Activity,0,0,2022,DOE_Electric_Disturbance_Events.xlsx:2022,"Physical threat to its Facility excluding weather or natural disaster related threats, which has the potential to degrade the normal operation of the Facility. Or suspicious device or activity at its Facility.",True,True,True,Suspicious Activity
2022-12-22 00:00:00,09:04:00,12/25/2022,00:00:00,Tennessee: Alabama: Mississippi: Kentucky:,SERC,Transmission Interruption,3200,Unknown,2022,DOE_Electric_Disturbance_Events.xlsx:2022,Firm load shedding of 100 Megawatts or more implemented under emergency operational policy.,False,False,False,Transmission Interruption
2022-12-22 00:00:00,21:04:00,12/22/2022,21:42:00,Texas: Montgomery County;,TRE,System Operations,0,0,2022,DOE_Electric_Disturbance_Events.xlsx:2022,Unplanned evacuation from its Bulk Electric System control center facility for 30 continuous minutes or more.,True,True,True,System Operations
2022-12-23 00:00:00,06:04:00,12/23/2022,06:40:00,Texas: Cameron County;,TRE,Suspicious Activity,0,0,2022,DOE_Electric_Disturbance_Events.xlsx:2022,"Physical threat to its Facility excluding weather or natural disaster related threats, which has the potential to degrade the normal operation of the Facility. Or suspicious device or activity at its Facility.",True,True,True,Suspicious Activity
2022-12-23 00:00:00,14:30:00,Unknown,Unknown,New York:,NPCC,Severe Weather,Unknown,57000,2022,DOE_Electric_Disturbance_Events.xlsx:2022,"Loss of electric service to more than 50,000 customers for 1 hour or more.",False,False,False,Severe Weather
2022-12-23 00:00:00,05:20:00,Unknown,Unknown,Connecticut: Rhode Island: Massachusetts: Vermont: New Hampshire: Maine:,NPCC,Severe Weather,Unknown,500000,2022,DOE_Electric_Disturbance_Events.xlsx:2022,"Loss of electric service to more than 50,000 customers for 1 hour or more.",False,False,False,Severe Weather
2022-12-23 00:00:00,09:45:00,12/23/2022,17:00:00,North Carolina:,SERC,Severe Weather,Unknown,66519,2022,DOE_Electric_Disturbance_Events.xlsx:2022,"Loss of electric service to more than 50,000 customers for 1 hour or more.",False,False,False,Severe Weather
2022-12-23 00:00:00,07:30:00,12/23/2022,22:13:00,North Carolina: South Carolina:,SERC,Severe Weather,Unknown,108900,2022,DOE_Electric_Disturbance_Events.xlsx:2022,"Loss of electric service to more than 50,000 customers for 1 hour or more.",False,False,False,Severe Weather
2022-12-23 00:00:00,08:31:00,Unknown,Unknown,Tennessee: Shelby County;,SERC,Severe Weather,Unknown,Unknown,2022,DOE_Electric_Disturbance_Events.xlsx:2022,Firm load shedding of 100 Megawatts or more implemented under emergency operational policy.,False,False,False,Severe Weather
2022-12-23 00:00:00,03:03:00,12/23/2022,12:30:00,Alabama: Georgia: Mississippi:,SERC,Severe Weather,236,33010,2022,DOE_Electric_Disturbance_Events.xlsx:2022,"Loss of electric service to more than 50,000 customers for 1 hour or more.",False,False,False,Severe Weather
2022-12-23 00:00:00,07:19:00,12/23/2022,07:41:00,Missouri: Jasper County;,SERC,Severe Weather,0,0,2022,DOE_Electric_Disturbance_Events.xlsx:2022,Public appeal to reduce the use of electricity for purposes of maintaining the continuity of the Bulk Electric System.,False,False,False,Severe Weather
2022-12-24 00:00:00,06:15:00,12/25/2022,09:00:00,South Carolina:,SERC,Severe Weather,4615,17600,2022,DOE_Electric_Disturbance_Events.xlsx:2022,System-wide voltage reductions of 3 percent or more.,False,False,False,Severe Weather
2022-12-24 00:00:00,06:35:00,12/24/2022,16:10:00,North Carolina:,SERC,System Operations,960,130000,2022,DOE_Electric_Disturbance_Events.xlsx:2022,Firm load shedding of 100 Megawatts or more implemented under emergency operational policy.,False,False,False,System Operations
2022-12-24 00:00:00,04:45:00,12/24/2022,15:45:00,North Carolina: South Carolina:,SERC,Severe Weather,1000,295000,2022,DOE_Electric_Disturbance_Events.xlsx:2022,Firm load shedding of 100 Megawatts or more implemented under emergency operational policy.,False,False,False,Severe Weather
2022-12-24 00:00:00,09:00:00,12/24/2022,11:15:00,Alabama: Georgia: Mississippi:,SERC,Severe Weather,160,22436,2022,DOE_Electric_Disturbance_Events.xlsx:2022,"Loss of electric service to more than 50,000 customers for 1 hour or more.",False,False,False,Severe Weather
2022-12-25 00:00:00,19:25:00,12/25/2022,20:07:00,Washington: Pierce County;,WECC,Vandalism,32,13500,2022,DOE_Electric_Disturbance_Events.xlsx:2022,Damage or destruction of its Facility that results from actual or suspected intentional human action.,False,False,False,Vandalism
2022-12-25 00:00:00,02:42:00,12/25/2022,04:55:00,Washington: Pierce County;,WECC,Vandalism,14,8000,2022,DOE_Electric_Disturbance_Events.xlsx:2022,Damage or destruction of its Facility that results from actual or suspected intentional human action.,False,False,False,Vandalism
2022-12-26 00:00:00,06:54:00,12/26/2022,08:19:00,Washington:,WECC,Vandalism,Unknown,Unknown,2022,DOE_Electric_Disturbance_Events.xlsx:2022,Damage or destruction of its Facility that results from actual or suspected intentional human action.,False,False,False,Vandalism
2022-12-26 00:00:00,08:30:00,12/28/2022,21:00:00,"Washington: King County, Island County, Kittitas County, Kitsap County, Pierce County, Skagit County, Thurston County, Whatcom County;",WECC,Severe Weather,Unknown,230000,2022,DOE_Electric_Disturbance_Events.xlsx:2022,"Loss of electric service to more than 50,000 customers for 1 hour or more.",False,False,False,Severe Weather
2022-12-27 00:00:00,08:00:00,12/27/2022,08:30:00,Washington: Lewis County;,WECC,Vandalism,0,0,2022,DOE_Electric_Disturbance_Events.xlsx:2022,Damage or destruction of its Facility that results from actual or suspected intentional human action.,False,False,False,Vandalism
2022-12-27 00:00:00,13:30:00,12/27/2022,21:16:00,California: San Diego County;,WECC,Vandalism,0,0,2022,DOE_Electric_Disturbance_Events.xlsx:2022,Damage or destruction of its Facility that results from actual or suspected intentional human action.,False,False,False,Vandalism
2022-12-27 00:00:00,10:12:00,Unknown,Unknown,"Oregon: Clackamas County, Columbia County, Marion County, Multnomah County, Polk County;",WECC,Severe Weather,Unknown,83060,2022,DOE_Electric_Disturbance_Events.xlsx:2022,"Loss of electric service to more than 50,000 customers for 1 hour or more.",False,False,False,Severe Weather
2022-12-27 00:00:00,20:40:00,12/27/2022,20:41:00,Washington: King County;,WECC,Severe Weather,11,11600,2022,DOE_Electric_Disturbance_Events.xlsx:2022,Electrical System Separation (Islanding) where part or parts of a power grid remain(s) operational in an otherwise blacked out area or within the partial failure of an integrated electrical system.,False,False,False,Severe Weather
2022-12-27 00:00:00,07:07:00,12/29/2022,11:10:00,California: Sacramento County;,WECC,Suspicious Activity,Unknown,Unknown,2022,DOE_Electric_Disturbance_Events.xlsx:2022,"Physical threat to its Facility excluding weather or natural disaster related threats, which has the potential to degrade the normal operation of the Facility. Or suspicious device or activity at its Facility.",False,False,False,Suspicious Activity
2022-12-27 00:00:00,07:20:00,12/27/2022,11:22:00,California: Sacramento County;,WECC,Vandalism,0,0,2022,DOE_Electric_Disturbance_Events.xlsx:2022,Physical attack that could potentially impact electric power system adequacy or reliability; or vandalism which targets components of any security systems.,False,False,False,Vandalism
2022-12-29 00:00:00,13:14:00,12/29/2022,13:55:00,Washington: King County;,WECC,Vandalism,0,0,2022,DOE_Electric_Disturbance_Events.xlsx:2022,Damage or destruction of its Facility that results from actual or suspected intentional human action.,False,False,False,Vandalism
2022-12-29 00:00:00,16:00:00,Unknown,Unknown,Ohio:,RF,Vandalism,2600,Unknown,2022,DOE_Electric_Disturbance_Events.xlsx:2022,"Physical threat to its Facility excluding weather or natural disaster related threats, which has the potential to degrade the normal operation of the Facility. Or suspicious device or activity at its Facility.",False,False,False,Vandalism
2022-12-30 00:00:00,05:25:00,12/30/2022,14:17:00,Oregon: Sherman County;,WECC,Transmission Interruption,0,0,2022,DOE_Electric_Disturbance_Events.xlsx:2022,"Unexpected Transmission loss within its area, contrary to design, of three or more Bulk Electric System Facilities caused by a common disturbance (excluding successful automatic reclosing).",False,False,False,Transmission Interruption
2022-12-30 00:00:00,17:04:00,Unknown,Unknown,Minnesota: Washington County;,MRO,Transmission Interruption,Unknown,Unknown,2022,DOE_Electric_Disturbance_Events.xlsx:2022,"Unexpected Transmission loss within its area, contrary to design, of three or more Bulk Electric System Facilities caused by a common disturbance (excluding successful automatic reclosing).",False,False,False,Transmission Interruption
2022-12-31 00:00:00,20:00:00,01/03/2023,00:00:00,Nevada:,WECC,Severe Weather,Unknown,3500,2022,DOE_Electric_Disturbance_Events.xlsx:2022,"Loss of electric service to more than 50,000 customers for 1 hour or more.",False,False,False,Severe Weather
2022-12-31 00:00:00,19:00:00,01/01/2023,06:00:00,California: Sacramento County;,WECC,Severe Weather,Unknown,161000,2022,DOE_Electric_Disturbance_Events.xlsx:2022,"Loss of electric service to more than 50,000 customers for 1 hour or more.",False,False,False,Severe Weather
2023-01-12 00:00:00,,2023-01-12,,Washington: King County;,WECC,Vandalism,,,2023,ornl_oe417_annual_summaries_2023.csv,Damage or destruction of its Facility that results from actual or suspected intentional human action.,False,False,False,Vandalism
2023-01-19 00:00:00,,2023-01-19,,South Carolina: Sumter County;,SERC,Suspicious Activity,,,2023,ornl_oe417_annual_summaries_2023.csv,"Physical threat to its Facility excluding weather or natural disaster related threats, which has the potential to degrade the normal operation of the Facility. Or suspicious device or activity at its Facility.",False,False,False,Suspicious Activity
2023-01-23 00:00:00,,2023-01-24,,Connecticut: Rhode Island: Massachusetts: Vermont: New Hampshire: Maine:,NPCC,Severe Weather,,41000.0,2023,ornl_oe417_annual_summaries_2023.csv,"Loss of electric service to more than 50,000 customers for 1 hour or more",False,False,False,Severe Weather
2023-01-25 00:00:00,,2023-01-26,,Washington: Kitsap County;,WECC,Vandalism,0.0,0.0,2023,ornl_oe417_annual_summaries_2023.csv,Physical attack that could potentially impact electric power system adequacy or reliability; or vandalism which targets components of any security systems,False,False,False,Vandalism
2023-01-25 00:00:00,,2023-01-25,,Arkansas: Texas: Louisiana: Mississippi:,SERC,Severe Weather,,60958.0,2023,ornl_oe417_annual_summaries_2023.csv,"Loss of electric service to more than 50,000 customers for 1 hour or more",True,False,True,Severe Weather
2023-01-28 00:00:00,,2023-01-28,,Illinois: Franklin County;,SERC/RF,Suspicious Activity,0.0,0.0,2023,ornl_oe417_annual_summaries_2023.csv,Damage or destruction of its Facility that results from actual or suspected intentional human action.,False,False,False,Suspicious Activity
2023-01-30 00:00:00,,,Unknown,Minnesota:,MRO,Suspicious Activity,,,2023,ornl_oe417_annual_summaries_2023.csv,"Physical threat to its Bulk Electric System control center, excluding weather or natural disaster related threats, which has the potential to degrade the normal operation of the control center. Or suspicious device or activity at its Bulk Electric System control center.",False,False,False,Suspicious Activity
2023-01-31 00:00:00,,2023-02-06,,"Texas: Dallas County, Anderson County, Bosque County, Collin County, Comanche County, Cooke County, Delta County, Denton County, Ellis County, Erath County, Fannin County, Freestone County, Hamilton County, Henderson County, Hill County, Hood County, Hopkins County, Hunt County, Jack County, Johnson County, Kaufman County, Lamar County, Navarro County, Palo Pinto County, Parker County, Rains County, Red River County, Rockwall County, Somervell County, Tarrant County, Van Zandt County, Wichita County, Wise County;",TRE,Severe Weather,,360000.0,2023,ornl_oe417_annual_summaries_2023.csv,"Loss of electric service to more than 50,000 customers for 1 hour or more",True,True,True,Severe Weather
2023-02-02 00:00:00,,2023-02-02,,Arkansas: Mississippi: Texas:,SERC,Severe Weather,,74426.0,2023,ornl_oe417_annual_summaries_2023.csv,"Loss of electric service to more than 50,000 customers for 1 hour or more",True,False,True,Severe Weather
2023-02-02 00:00:00,,2023-02-02,,Maryland: Cecil County;,RF,Suspicious Activity,0.0,0.0,2023,ornl_oe417_annual_summaries_2023.csv,"Physical threat to its Facility excluding weather or natural disaster related threats, which has the potential to degrade the normal operation of the Facility. Or suspicious device or activity at its Facility.",False,False,False,Suspicious Activity
2023-02-03 00:00:00,,2023-02-03,,Oregon: Washington: Yakima County; Idaho: Utah: Wyoming:,WECC,Vandalism,0.0,0.0,2023,ornl_oe417_annual_summaries_2023.csv,Physical attack that could potentially impact electric power system adequacy or reliability; or vandalism which targets components of any security systems,False,False,False,Vandalism
2023-02-07 00:00:00,,2023-02-07,,Illinois: DuPage County;,SERC,Suspicious Activity,0.0,0.0,2023,ornl_oe417_annual_summaries_2023.csv,"Physical threat to its Facility excluding weather or natural disaster related threats, which has the potential to degrade the normal operation of the Facility. Or suspicious device or activity at its Facility.",False,False,False,Suspicious Activity
2023-02-07 00:00:00,,,Unknown,New York: Queens County;,NPCC,Suspicious Activity,0.0,0.0,2023,ornl_oe417_annual_summaries_2023.csv,"Physical threat to its Facility excluding weather or natural disaster related threats, which has the potential to degrade the normal operation of the Facility. Or suspicious device or activity at its Facility.",False,False,False,Suspicious Activity
2023-02-08 00:00:00,,2023-02-08,,Pennsylvania: Lawrence County;,RF,Suspicious Activity,0.0,0.0,2023,ornl_oe417_annual_summaries_2023.csv,"Physical threat to its Facility excluding weather or natural disaster related threats, which has the potential to degrade the normal operation of the Facility. Or suspicious device or activity at its Facility.",False,False,False,Suspicious Activity
2023-02-13 00:00:00,,2023-02-13,,Wisconsin: Chippewa County;,MRO,Vandalism,0.0,0.0,2023,ornl_oe417_annual_summaries_2023.csv,Damage or destruction of its Facility that results from actual or suspected intentional human action.,False,False,False,Vandalism
2023-02-18 00:00:00,,2023-02-18,,Oklahoma: Kay County;,MRO,Suspicious Activity,0.0,0.0,2023,ornl_oe417_annual_summaries_2023.csv,"Physical threat to its Facility excluding weather or natural disaster related threats, which has the potential to degrade the normal operation of the Facility. Or suspicious device or activity at its Facility.",False,False,False,Suspicious Activity
2023-02-19 00:00:00,,2023-02-19,,California: Riverside County;,WECC,Vandalism,0.0,0.0,2023,ornl_oe417_annual_summaries_2023.csv,Damage or destruction of its Facility that results from actual or suspected intentional human action.,False,False,False,Vandalism
2023-02-21 00:00:00,,2023-02-21,,Florida: Orange County;,SERC,Actual Physical Attack/Vandalism,,2547.0,2023,ornl_oe417_annual_summaries_2023.csv,Physical attack that could potentially impact electric power system adequacy or reliability; or vandalism which targets components of any security systems,False,False,False,Actual Physical Attack/Vandalism
2023-02-22 00:00:00,,2023-02-25,,"Michigan: Van Buren County, Kalamazoo County, St. Joseph County, Calhoun County, Branch County, Hillsdale County, Jackson County, Washtenaw County, Monroe County, Lenawee County, Ingham County, Barry County, Allegan County, Ottawa County, Eaton County, Ingham County, Shiawassee County, Clinton County;",RF,Severe Weather,,261043.0,2023,ornl_oe417_annual_summaries_2023.csv,"Loss of electric service to more than 50,000 customers for 1 hour or more",False,False,False,Severe Weather
2023-02-22 00:00:00,,,Unknown,Michigan:,RF,Severe Weather,6200.0,623358.0,2023,ornl_oe417_annual_summaries_2023.csv,"Loss of electric service to more than 50,000 customers for 1 hour or more",False,False,False,Severe Weather
2023-02-24 00:00:00,,2023-02-24,,Florida: Pasco County;,SERC,Suspicious Activity,0.0,0.0,2023,ornl_oe417_annual_summaries_2023.csv,"Physical threat to its Facility excluding weather or natural disaster related threats, which has the potential to degrade the normal operation of the Facility. Or suspicious device or activity at its Facility.",False,False,False,Suspicious Activity
2023-02-26 00:00:00,,2023-02-26,,North Carolina:,SERC,Actual Physical Attack/Vandalism,,,2023,ornl_oe417_annual_summaries_2023.csv,Physical attack that could potentially impact electric power system adequacy or reliability; or vandalism which targets components of any security systems,False,False,False,Actual Physical Attack/Vandalism
2023-02-27 00:00:00,,2023-02-27,,"Michigan: Newaygo County, Oceana County, Ionia County, Montcalm County, Jackson County, Van Buren County, Washtenaw County, Hillsdale County, Lenawee County;",RF,Severe Weather,,76000.0,2023,ornl_oe417_annual_summaries_2023.csv,"Loss of electric service to more than 50,000 customers for 1 hour or more",False,False,False,Severe Weather
2023-02-28 00:00:00,,2023-02-28,,Wisconsin: Outagamie County;,MRO,Vandalism,14.0,0.0,2023,ornl_oe417_annual_summaries_2023.csv,Physical attack that could potentially impact electric power system adequacy or reliability; or vandalism which targets components of any security systems,False,False,False,Vandalism
2023-03-02 00:00:00,,2023-03-04,,"Texas: Montague County, Cooke County, Grayson County, Fannin County, Lamar County, Young County, Jack County, Wise County, Denton County, Collin County, Hunt County, Delta County, Hopkins County, Stephens County, Palo Pinto County, Parker County, Tarrant County, Dallas County, Rockwall County, Kaufman County, Van Zandt County, Rains County, Eastland County, Erath County, Hood County, Somervell County, Johnson County, Ellis County, Henderson County, Comanche County, Mills County, Hamilton County, Bosque County, Hill County, Navarro County, Freestone County, Anderson County, Lampasas County, Coryell County, Bell County, McLennan County, Falls County, Limestone County, Leon County, Milam County, Robertson County;",TRE,Severe Weather,,470000.0,2023,ornl_oe417_annual_summaries_2023.csv,"Loss of electric service to more than 50,000 customers for 1 hour or more",True,True,True,Severe Weather
2023-03-03 00:00:00,,2023-03-03,,Illinois: Cook County;,SERC/RF,Suspicious Activity,0.0,0.0,2023,ornl_oe417_annual_summaries_2023.csv,"Physical threat to its Facility excluding weather or natural disaster related threats, which has the potential to degrade the normal operation of the Facility. Or suspicious device or activity at its Facility.",False,False,False,Suspicious Activity
2023-03-03 00:00:00,,2023-03-03,,Texas: Tarrant County;,TRE,Suspicious Activity,0.0,0.0,2023,ornl_oe417_annual_summaries_2023.csv,Damage or destruction of its Facility that results from actual or suspected intentional human action.,True,True,True,Suspicious Activity
2023-03-03 00:00:00,,2023-03-03,,Ohio: Kentucky:,RF,Severe Weather,,57186.0,2023,ornl_oe417_annual_summaries_2023.csv,"Loss of electric service to more than 50,000 customers for 1 hour or more",False,False,False,Severe Weather
2023-03-03 00:00:00,,2023-03-03,,Alabama: Georgia: Mississippi:,SERC,Severe Weather,346.0,48384.0,2023,ornl_oe417_annual_summaries_2023.csv,"Loss of electric service to more than 50,000 customers for 1 hour or more",False,False,False,Severe Weather
2023-03-03 00:00:00,,,Unknown,"Kentucky: Oldham County, Jefferson County, Fayette County, Franklin County, Hardin County, Hart County, Hopkins County, Jessamine County, Muhlenberg County, Nelson County, Scott County, Shelby County, Spencer County, Washington County, Woodford County, Bullitt County, Meade County, Lyon County, LaRue County, Henry County, Grayson County, Boyle County, Christian County, Anderson County; Virginia: Williamsburg, City of[23], Wise County;",SERC,Severe Weather,,,2023,ornl_oe417_annual_summaries_2023.csv,"Loss of electric service to more than 50,000 customers for 1 hour or more",False,False,False,Severe Weather
2023-03-04 00:00:00,,2023-03-04,,Louisiana:,SERC,Transmission Interruption,965.0,33.0,2023,ornl_oe417_annual_summaries_2023.csv,Uncontrolled loss of 300 Megawatts or more of firm system loads for 15 minutes or more from a single incident,False,False,False,Transmission Interruption
2023-03-07 00:00:00,,2023-03-07,,Texas: Lubbock County;,TRE,Vandalism,0.0,0.0,2023,ornl_oe417_annual_summaries_2023.csv,"Physical threat to its Facility excluding weather or natural disaster related threats, which has the potential to degrade the normal operation of the Facility. Or suspicious device or activity at its Facility.",True,True,True,Vandalism
2023-03-10 00:00:00,,2023-03-10,,Idaho: Ada County;,WECC,Vandalism,0.0,0.0,2023,ornl_oe417_annual_summaries_2023.csv,Damage or destruction of its Facility that results from actual or suspected intentional human action.,False,False,False,Vandalism
2023-03-16 00:00:00,,2023-03-16,,Texas: Lubbock County;,TRE,Suspicious Activity,0.0,0.0,2023,ornl_oe417_annual_summaries_2023.csv,"Physical threat to its Facility excluding weather or natural disaster related threats, which has the potential to degrade the normal operation of the Facility. Or suspicious device or activity at its Facility.",True,True,True,Suspicious Activity
2023-03-28 00:00:00,,2023-03-28,,Texas: Cameron County;,TRE,Suspicious Activity,0.0,0.0,2023,ornl_oe417_annual_summaries_2023.csv,"Physical threat to its Facility excluding weather or natural disaster related threats, which has the potential to degrade the normal operation of the Facility. Or suspicious device or activity at its Facility.",True,True,True,Suspicious Activity
2023-03-30 00:00:00,,2023-03-30,,Washington: Kitsap County;,WECC,Vandalism,0.0,0.0,2023,ornl_oe417_annual_summaries_2023.csv,Damage or destruction of its Facility that results from actual or suspected intentional human action.,False,False,False,Vandalism
2023-03-31 00:00:00,,2023-04-01,,"Minnesota: Ramsey County, Hennepin County, Dakota County, Washington County;",MRO,Severe Weather,,80000.0,2023,ornl_oe417_annual_summaries_2023.csv,"Loss of electric service to more than 50,000 customers for 1 hour or more",False,False,False,Severe Weather
2023-03-31 00:00:00,,,Unknown,Illinois:,SERC / RF,Severe Weather,,65000.0,2023,ornl_oe417_annual_summaries_2023.csv,"Loss of electric service to more than 50,000 customers for 1 hour or more",False,False,False,Severe Weather
2023-04-11 00:00:00,,,Unknown,Ohio: Kentucky:,RF,Vandalism,0.0,0.0,2023,ornl_oe417_annual_summaries_2023.csv,Damage or destruction of its Facility that results from actual or suspected intentional human action.,False,False,False,Vandalism
2023-04-15 00:00:00,,2023-04-15,,Texas: Kentucky: New Mexico: Washington: Oregon: Arizona: California: Nebraska: Pennsylvania: Ohio:,TRE,System Operations,0.0,0.0,2023,ornl_oe417_annual_summaries_2023.csv,Unplanned evacuation from its Bulk Electric System control center facility for 30 continuous minutes or more.,True,True,True,System Operations
2023-04-17 00:00:00,,2023-04-17,,Florida: Alachua County;,SERC,Suspicious Activity,0.0,0.0,2023,ornl_oe417_annual_summaries_2023.csv,Damage or destruction of its Facility that results from actual or suspected intentional human action.,False,False,False,Suspicious Activity
2023-04-18 00:00:00,,2023-04-18,,Texas: Travis County;,TRE,Actual Physical Attack/Vandalism,0.0,0.0,2023,ornl_oe417_annual_summaries_2023.csv,Damage or destruction of its Facility that results from actual or suspected intentional human action.,True,True,True,Actual Physical Attack/Vandalism
2023-04-26 00:00:00,,2023-04-26,,Idaho: Bonner County;,WECC,Vandalism,0.0,0.0,2023,ornl_oe417_annual_summaries_2023.csv,Damage or destruction of its Facility that results from actual or suspected intentional human action.,False,False,False,Vandalism
2023-05-01 00:00:00,,2023-05-01,,Connecticut: Massachusetts: Rhode Island: Maine: New Hampshire: Vermont:,NPCC,Severe Weather,,54000.0,2023,ornl_oe417_annual_summaries_2023.csv,"Loss of electric service to more than 50,000 customers for 1 hour or more",False,False,False,Severe Weather
2023-05-23 00:00:00,,,Unknown,North Dakota:,MRO,Vandalism,0.0,0.0,2023,ornl_oe417_annual_summaries_2023.csv,Damage or destruction of its Facility that results from actual or suspected intentional human action.,False,False,False,Vandalism
2023-05-26 00:00:00,,2023-05-26,,Georgia: Gwinnett County;,SERC,Vandalism,0.0,0.0,2023,ornl_oe417_annual_summaries_2023.csv,Damage or destruction of its Facility that results from actual or suspected intentional human action.,False,False,False,Vandalism
2023-06-25 00:00:00,,,Unknown,"Wisconsin, Michigan",MRO/RF,- Weather or natural disaster,175.0,70000.0,2023,ornl_oe417_annual_summaries_2023.csv,"Loss of electric service to more than 50,000 customers for 1 hour or more",False,False,False,- Weather or natural disaster
2023-06-25 00:00:00,,,Unknown,Michigan,RF,- Weather or natural disaster,,,2023,ornl_oe417_annual_summaries_2023.csv,"Loss of electric service to more than 50,000 customers for 1 hour or more.",False,False,False,- Weather or natural disaster
2023-06-27 00:00:00,,2023-06-27,,California,WECC,- Vandalism,0.0,0.0,2023,ornl_oe417_annual_summaries_2023.csv,Damage or destruction of its Facility that results from actual or suspected intentional human action.,False,False,False,- Vandalism
2023-07-06 00:00:00,,2023-07-06,,Texas: El Paso County;,TRE,- Failure at high voltage substation or switchyard - Other,,,2023,ornl_oe417_annual_summaries_2023.csv,"Unexpected Transmission loss within its area, contrary to design, of three or more Bulk Electric System Facilities caused by a common disturbance (excluding successful automatic reclosing).",True,True,True,- Failure at high voltage substation or switchyard - Other
2023-07-06 00:00:00,,2023-07-06,,Florida: Hillsborough County;,SERC,- Other,0.0,0.0,2023,ornl_oe417_annual_summaries_2023.csv,Complete loss of monitoring or control capability at its staffed Bulk Electric System control center for 30 continuous minutes or more.,False,False,False,- Other
2023-07-07 00:00:00,,2023-07-07,,California: San Diego County;,WECC,- Vandalism,0.0,0.0,2023,ornl_oe417_annual_summaries_2023.csv,Damage or destruction of its Facility that results from actual or suspected intentional human action.,False,False,False,- Vandalism
2023-07-09 00:00:00,,2023-07-12,,Oregon: Lane County;,WECC,- Vandalism - Theft,0.0,0.0,2023,ornl_oe417_annual_summaries_2023.csv,Damage or destruction of its Facility that results from actual or suspected intentional human action.,False,False,False,- Vandalism - Theft
2023-07-10 00:00:00,,2023-07-10,,Texas: El Paso County;,TRE,- Transmission equipment failure,0.0,0.0,2023,ornl_oe417_annual_summaries_2023.csv,"Unexpected Transmission loss within its area, contrary to design, of three or more Bulk Electric System Facilities caused by a common disturbance (excluding successful automatic reclosing).",True,True,True,- Transmission equipment failure
2023-07-17 00:00:00,,2023-07-17,,New York: Broome County;,NPCC,- Vandalism,0.0,642.0,2023,ornl_oe417_annual_summaries_2023.csv,Damage or destruction of its Facility that results from actual or suspected intentional human action.,False,False,False,- Vandalism
2023-07-22 00:00:00,,2023-07-22,,"Mississippi: Washington County, Sharkey County, Sunflower County;",SERC,- Other,130.0,32781.0,2023,ornl_oe417_annual_summaries_2023.csv,"Unexpected Transmission loss within its area, contrary to design, of three or more Bulk Electric System Facilities caused by a common disturbance (excluding successful automatic reclosing).",False,False,False,- Other
2023-07-28 00:00:00,,2023-07-28,,Washington: King County;,WECC,- Physical attack - Vandalism - Other,0.0,0.0,2023,ornl_oe417_annual_summaries_2023.csv,Physical attack that could potentially impact electric power system adequacy or reliability; or vandalism which targets components of any security systems.,False,False,False,- Physical attack - Vandalism - Other
2023-07-28 00:00:00,,2023-07-30,,"Illinois: Winnebago County, Cook County, Will County, DeKalb County, Kendall County;",MRO/RF,- Weather or natural disaster,,122921.0,2023,ornl_oe417_annual_summaries_2023.csv,"Loss of electric service to more than 50,000 customers for 1 hour or more.",False,False,False,- Weather or natural disaster
2023-07-29 00:00:00,,2023-08-01,,Maryland:,RF,- Weather or natural disaster,,53630.0,2023,ornl_oe417_annual_summaries_2023.csv,"Loss of electric service to more than 50,000 customers for 1 hour or more.",False,False,False,- Weather or natural disaster
2023-07-30 00:00:00,,,Unknown,Missouri: Kansas:,"SERC,MRO",- Weather or natural disaster,,72173.0,2023,ornl_oe417_annual_summaries_2023.csv,"Loss of electric service to more than 50,000 customers for 1 hour or more.",False,False,False,- Weather or natural disaster
,,2023-07-01,,Illinois:,SERC/RF,- Other,0.0,0.0,2023,ornl_oe417_annual_summaries_2023.csv,Complete loss of monitoring or control capability at its staffed Bulk Electric System control center for 30 continuous minutes or more.,False,False,False,- Other
,,2023-07-06,,Texas: El Paso County;,TRE,- Failure at high voltage substation or switchyard - Other,,,2023,ornl_oe417_annual_summaries_2023.csv,"Unexpected Transmission loss within its area, contrary to design, of three or more Bulk Electric System Facilities caused by a common disturbance (excluding successful automatic reclosing).",True,True,True,- Failure at high voltage substation or switchyard - Other
,,2023-07-07,,California: San Diego County;,WECC,- Vandalism,0.0,0.0,2023,ornl_oe417_annual_summaries_2023.csv,Damage or destruction of its Facility that results from actual or suspected intentional human action.,False,False,False,- Vandalism
,,2023-07-11,,Texas: Randall County; New Mexico:,TRE,- Weather or natural disaster,0.0,0.0,2023,ornl_oe417_annual_summaries_2023.csv,"Unexpected Transmission loss within its area, contrary to design, of three or more Bulk Electric System Facilities caused by a common disturbance (excluding successful automatic reclosing).",True,True,True,- Weather or natural disaster
,,2023-07-16,,California: Sacramento County;,WECC,- Vandalism,0.0,0.0,2023,ornl_oe417_annual_summaries_2023.csv,Damage or destruction of its Facility that results from actual or suspected intentional human action.,False,False,False,- Vandalism
,,2023-07-18,,Missouri:,SERC,- Suspicious activity,0.0,0.0,2023,ornl_oe417_annual_summaries_2023.csv,"Physical threat to its Facility excluding weather or natural disaster related threats, which has the potential to degrade the normal operation of the Facility. Or suspicious device or activity at its Facility.",False,False,False,- Suspicious activity
,,2023-07-20,,Georgia: DeKalb County;,SERC,- Vandalism,0.0,0.0,2023,ornl_oe417_annual_summaries_2023.csv,Damage or destruction of its Facility that results from actual or suspected intentional human action.,False,False,False,- Vandalism
,,2023-07-21,,Michigan:,RF,- Weather or natural disaster,,90354.0,2023,ornl_oe417_annual_summaries_2023.csv,"Loss of electric service to more than 50,000 customers for 1 hour or more.",False,False,False,- Weather or natural disaster
,,2023-07-22,,"Mississippi: Washington County, Sharkey County, Sunflower County;",SERC,- Other,130.0,32781.0,2023,ornl_oe417_annual_summaries_2023.csv,"Unexpected Transmission loss within its area, contrary to design, of three or more Bulk Electric System Facilities caused by a common disturbance (excluding successful automatic reclosing).",False,False,False,- Other
,,2023-07-26,,Idaho: Kootenai County;,WECC,- Physical attack - Vandalism - Suspicious activity,0.0,0.0,2023,ornl_oe417_annual_summaries_2023.csv,Physical attack that could potentially impact electric power system adequacy or reliability; or vandalism which targets components of any security systems.,False,False,False,- Physical attack - Vandalism - Suspicious activity
,,,Unknown,Maryland: Harford County;,RF,- Weather or natural disaster,,61000.0,2023,ornl_oe417_annual_summaries_2023.csv,"Loss of electric service to more than 50,000 customers for 1 hour or more.",False,False,False,- Weather or natural disaster
,,2023-08-01,,Maryland:,RF,- Weather or natural disaster,,53630.0,2023,ornl_oe417_annual_summaries_2023.csv,"Loss of electric service to more than 50,000 customers for 1 hour or more.",False,False,False,- Weather or natural disaster
,,2023-07-29,,Massachusetts: Franklin County[13];,NPCC,- Threat of physical attack,0.0,0.0,2023,ornl_oe417_annual_summaries_2023.csv,"Physical threat to its Facility excluding weather or natural disaster related threats, which has the potential to degrade the normal operation of the Facility. Or suspicious device or activity at its Facility. Physical threat to its Bulk Electric System control center, excluding weather or natural disaster related threats, which has the potential to degrade the normal operation of the control center. Or suspicious device or activity at its Bulk Electric System control center.",False,False,False,- Threat of physical attack
2023-09-24 00:00:00,,2023-09-26,,"Texas: Dallas County, Tarrant County, McLennan County, Angelina County, Bell County, Williamson County, Smith County;",TRE,- Weather or natural disaster,,130000.0,2023,ornl_oe417_annual_summaries_2023.csv,"Loss of electric service to more than 50,000 customers for 1 hour or more",True,True,True,- Weather or natural disaster
2023-09-18 00:00:00,,2023-09-18,,Texas: Cameron County;,TRE,- Suspicious activity,0.0,0.0,2023,ornl_oe417_annual_summaries_2023.csv,"Physical threat to its Facility excluding weather or natural disaster related threats, which has the potential to degrade the normal operation of the Facility. Or suspicious device or activity at its Facility.",True,True,True,- Suspicious activity
2023-09-15 00:00:00,,2023-09-15,,Illinois: Grundy County;,SERC,- Suspicious activity,0.0,0.0,2023,ornl_oe417_annual_summaries_2023.csv,"Physical threat to its Facility excluding weather or natural disaster related threats, which has the potential to degrade the normal operation of the Facility. Or suspicious device or activity at its Facility.",False,False,False,- Suspicious activity
2023-09-16 00:00:00,,2023-09-17,,Connecticut: Massachusetts: Maine: Rhode Island: Vermont: New Hampshire:,NPCC,- Weather or natural disaster,,75000.0,2023,ornl_oe417_annual_summaries_2023.csv,"Loss of electric service to more than 50,000 customers for 1 hour or more",False,False,False,- Weather or natural disaster
2023-09-08 00:00:00,,2023-09-08,,Massachusetts: Essex County[13];,NPCC,- Other,0.0,0.0,2023,ornl_oe417_annual_summaries_2023.csv,Unplanned evacuation from its Bulk Electric System control center facility for 30 continuous minutes or more.,False,False,False,- Other
2023-09-08 00:00:00,,2023-09-09,,Connecticut: Massachusetts: Maine: Rhode Island: Vermont: New Hampshire:,NPCC,- Weather or natural disaster,,114000.0,2023,ornl_oe417_annual_summaries_2023.csv,"Loss of electric service to more than 50,000 customers for 1 hour or more",False,False,False,- Weather or natural disaster
2023-09-07 00:00:00,,2023-09-07,,Texas: Fayette County;,TRE,- Suspicious activity,0.0,0.0,2023,ornl_oe417_annual_summaries_2023.csv,"Physical threat to its Facility excluding weather or natural disaster related threats, which has the potential to degrade the normal operation of the Facility. Or suspicious device or activity at its Facility.",True,True,True,- Suspicious activity
2023-09-07 00:00:00,,2023-09-07,,Texas:,TRE,- Weather or natural disaster - Other,,,2023,ornl_oe417_annual_summaries_2023.csv,Public appeal to reduce the use of electricity for purposes of maintaining the continuity of the Bulk Electric System,True,True,True,- Weather or natural disaster - Other
2023-09-06 00:00:00,,,Unknown,Michigan: Gratiot County;,RF,Weather or natural disaster - Other,,0.0,2023,ornl_oe417_annual_summaries_2023.csv,Damage or destruction of its Facility that results from actual or suspected intentional human action.,False,False,False,Weather or natural disaster - Other
2023-10-03 00:00:00,,2023-10-03,,Missouri: St. Louis County;,SERC,- Vandalism - Theft - Suspicious activity,,,2023,ornl_oe417_annual_summaries_2023.csv,Damage or destruction of its Facility that results from actual or suspected intentional human action.,False,False,False,- Vandalism - Theft - Suspicious activity
2023-10-03 00:00:00,,2023-10-04,,Pennsylvania:,RF,- Unknown,0.0,0.0,2023,ornl_oe417_annual_summaries_2023.csv,Complete loss of monitoring or control capability at its staffed Bulk Electric System control center for 30 continuous minutes or more.,False,False,False,- Unknown
2023-10-06 00:00:00,,2023-10-06,,Texas: Cameron County;,RE,- Suspicious activity,0.0,0.0,2023,ornl_oe417_annual_summaries_2023.csv,"Physical threat to its Facility excluding weather or natural disaster related threats, which has the potential to degrade the normal operation of the Facility. Or suspicious device or activity at its Facility.",True,False,True,- Suspicious activity
2023-10-07 00:00:00,,2023-10-08,,New Jersey:,RF,- Vandalism - Suspicious activity,0.0,0.0,2023,ornl_oe417_annual_summaries_2023.csv,Damage or destruction of its Facility that results from actual or suspected intentional human action.,False,False,False,- Vandalism - Suspicious activity
2023-10-07 00:00:00,,,Unknown,California: Contra Costa County;,WECC,- Vandalism - Theft,0.0,0.0,2023,ornl_oe417_annual_summaries_2023.csv,Damage or destruction of its Facility that results from actual or suspected intentional human action.,False,False,False,- Vandalism - Theft
2023-10-07 00:00:00,,2023-10-08,,New Jersey: Essex County;,RF,- Suspicious activity,,,2023,ornl_oe417_annual_summaries_2023.csv,Damage or destruction of its Facility that results from actual or suspected intentional human action.,False,False,False,- Suspicious activity
2023-10-14 00:00:00,,,Unknown,California: Alameda County;,WECC,- Unknown - Vandalism,,,2023,ornl_oe417_annual_summaries_2023.csv,Damage or destruction of its Facility that results from actual or suspected intentional human action.,False,False,False,- Unknown - Vandalism
2023-10-19 00:00:00,,2023-10-19,,Texas: Lamb County; New Mexico:,RE,- Other,0.0,0.0,2023,ornl_oe417_annual_summaries_2023.csv,"Unexpected Transmission loss within its area, contrary to design, of three or more Bulk Electric System Facilities caused by a common disturbance (excluding successful automatic reclosing).",True,False,True,- Other
2023-10-21 00:00:00,,2023-10-21,,California: San Joaquin County;,RE,- Vandalism,0.0,0.0,2023,ornl_oe417_annual_summaries_2023.csv,Damage or destruction of its Facility that results from actual or suspected intentional human action.,False,False,False,- Vandalism
2023-10-26 00:00:00,,2023-10-26,,Texas: Orange County;,MRO,- Transmission equipment failure,,26.0,2023,ornl_oe417_annual_summaries_2023.csv,"Unexpected Transmission loss within its area, contrary to design, of three or more Bulk Electric System Facilities caused by a common disturbance (excluding successful automatic reclosing).",True,False,True,- Transmission equipment failure
2023-10-29 00:00:00,,2023-10-30,,Nevada:,WECC,- Suspicious activity,0.0,0.0,2023,ornl_oe417_annual_summaries_2023.csv,"Physical threat to its Facility excluding weather or natural disaster related threats, which has the potential to degrade the normal operation of the Facility. Or suspicious device or activity at its Facility.",False,False,False,- Suspicious activity
2023-11-01 00:00:00,,,Unknown,Texas: Cameron County;,RE,- Physical attack,0.0,0.0,2023,ornl_oe417_annual_summaries_2023.csv,Damage or destruction of its Facility that results from actual or suspected intentional human action.,True,False,True,- Physical attack
2023-11-09 00:00:00,,2023-11-09,,California: Fresno County;,WECC,- Vandalism - Theft,0.0,0.0,2023,ornl_oe417_annual_summaries_2023.csv,Physical attack that could potentially impact electric power system adequacy or reliability; or vandalism which targets components of any security systems,False,False,False,- Vandalism - Theft
2023-11-10 00:00:00,,2023-11-10,,Nevada:,WECC,- Vandalism - Theft - Suspicious activity,0.0,0.0,2023,ornl_oe417_annual_summaries_2023.csv,"Physical threat to its Facility excluding weather or natural disaster related threats, which has the potential to degrade the normal operation of the Facility. Or suspicious device or activity at its Facility.",False,False,False,- Vandalism - Theft - Suspicious activity
2023-11-17 00:00:00,,2023-11-17,16:41,Texas: Cameron County;,RE,- Unknown,0.0,0.0,2023,ornl_oe417_annual_summaries_2023.csv,Damage or destruction of its Facility that results from actual or suspected intentional human action.,True,False,True,- Unknown
2023-11-19 00:00:00,,,Unknown,California: San Joaquin County;,WECC,- Vandalism,0.0,0.0,2023,ornl_oe417_annual_summaries_2023.csv,Damage or destruction of its Facility that results from actual or suspected intentional human action.,False,False,False,- Vandalism
2023-11-26 00:00:00,,2023-11-26,,California: Sutter County;,WECC,- Theft - Other,0.0,0.0,2023,ornl_oe417_annual_summaries_2023.csv,Damage or destruction of its Facility that results from actual or suspected intentional human action.,False,False,False,- Theft - Other
2023-12-02 00:00:00,,2023-12-02,,Tampa Electric Company,SERC,- Other,0.0,0.0,2023,ornl_oe417_annual_summaries_2023.csv,Complete loss of monitoring or control capability at its staffed Bulk Electric System control center for 30 continuous minutes or more.,False,False,False,- Other
2023-12-07 00:00:00,,2023-12-07,,Orsted Americas,SERC,- Vandalism - Suspicious activity,0.0,0.0,2023,ornl_oe417_annual_summaries_2023.csv,Damage or destruction of its Facility that results from actual or suspected intentional human action.,False,False,False,- Vandalism - Suspicious activity
2023-12-07 00:00:00,,2023-12-07,,New York State Electric & Gas,NPCC,- Other,0.0,0.0,2023,ornl_oe417_annual_summaries_2023.csv,Complete loss of monitoring or control capability at its staffed Bulk Electric System control center for 30 continuous minutes or more.,False,False,False,- Other
2023-12-09 00:00:00,,2023-12-09,,"WEC Energy Group (WEPCO, WPSC, UMERC, WEP-MIUP)",MRO/RF,- Suspicious activity,0.0,0.0,2023,ornl_oe417_annual_summaries_2023.csv,"Physical threat to its Facility excluding weather or natural disaster related threats, which has the potential to degrade the normal operation of the Facility. Or suspicious device or activity at its Facility.",False,False,False,- Suspicious activity
2023-12-12 00:00:00,,2023-12-12,,Austin Energy,Texas RE,- Other,0.0,0.0,2023,ornl_oe417_annual_summaries_2023.csv,Damage or destruction of its Facility that results from actual or suspected intentional human action.,False,True,True,- Other
2023-12-15 00:00:00,,2023-12-15,,Consumers Energy Co,RF,- Physical attack - Vandalism - Suspicious activity,,,2023,ornl_oe417_annual_summaries_2023.csv,Physical attack that could potentially impact electric power system adequacy or reliability; or vandalism which targets components of any security systems,False,False,False,- Physical attack - Vandalism - Suspicious activity
2023-12-16 00:00:00,,2023-12-16,,LUMA Energy,,- Generator loss or failure,,,2023,ornl_oe417_annual_summaries_2023.csv,Uncontrolled loss of 300 Megawatts or more of firm system loads for 15 minutes or more from a single incident,False,False,False,- Generator loss or failure
2023-12-16 00:00:00,,2023-12-16,,LUMA Energy,,- Generator loss or failure,220.0,230330.0,2023,ornl_oe417_annual_summaries_2023.csv,Uncontrolled loss of 300 Megawatts or more of firm system loads for 15 minutes or more from a single incident,False,False,False,- Generator loss or failure
2023-12-17 00:00:00,,2023-12-17,,LUMA Energy,,- Generator loss or failure,126.0,,2023,ornl_oe417_annual_summaries_2023.csv,Firm load shedding of 100 Megawatts or more implemented under emergency operational policy,False,False,False,- Generator loss or failure
2023-12-17 00:00:00,,2023-12-17,,LUMA Energy,,- Generator loss or failure,80.0,127585.0,2023,ornl_oe417_annual_summaries_2023.csv,Firm load shedding of 100 Megawatts or more implemented under emergency operational policy,False,False,False,- Generator loss or failure
2023-12-24 00:00:00,,2023-12-24,,Seminole Electric Cooperative Inc,SERC,- Vandalism,0.0,0.0,2023,ornl_oe417_annual_summaries_2023.csv,Damage or destruction of its Facility that results from actual or suspected intentional human action.,False,False,False,- Vandalism
2023-01-01 00:00:00,,2023-01-01,,California: Riverside County;,WECC,Vandalism,0.0,0.0,2023,ornl_oe417_annual_summaries_2023.csv,Damage or destruction of its Facility that results from actual or suspected intentional human action.,False,False,False,Vandalism
2023-01-01 00:00:00,,2023-01-01,,Florida: Citrus County;,SERC,Vandalism,19.0,3509.0,2023,ornl_oe417_annual_summaries_2023.csv,Physical attack that could potentially impact electric power system adequacy or reliability; or vandalism which targets components of any security systems,False,False,False,Vandalism
2023-01-02 00:00:00,,2023-01-02,,New Mexico:,WECC,Vandalism,432.0,0.0,2023,ornl_oe417_annual_summaries_2023.csv,Physical attack that causes major interruptions or impacts to critical infrastructure or to operations,False,False,False,Vandalism
2023-01-02 00:00:00,,2023-01-02,,Arkansas: Union County; Louisiana: Ouachita Parish;,SERC,Severe Weather,20.0,6849.0,2023,ornl_oe417_annual_summaries_2023.csv,"Unexpected Transmission loss within its area, contrary to design, of three or more Bulk Electric System Facilities caused by a common disturbance (excluding successful automatic reclosing).",False,False,False,Severe Weather
2023-01-03 00:00:00,,2023-01-03,,Michigan: Ingham County;,RF,Vandalism,0.0,0.0,2023,ornl_oe417_annual_summaries_2023.csv,Damage or destruction of its Facility that results from actual or suspected intentional human action.,False,False,False,Vandalism
2023-01-06 00:00:00,,2023-01-06,,Ohio: Sandusky County;,RF,Suspicious Activity,,,2023,ornl_oe417_annual_summaries_2023.csv,"Physical threat to its Facility excluding weather or natural disaster related threats, which has the potential to degrade the normal operation of the Facility. Or suspicious device or activity at its Facility.",False,False,False,Suspicious Activity
2023-01-07 00:00:00,,2023-01-08,,California: Sacramento County;,WECC,Severe Weather,458.0,185434.0,2023,ornl_oe417_annual_summaries_2023.csv,"Loss of electric service to more than 50,000 customers for 1 hour or more",False,False,False,Severe Weather
2023-01-07 00:00:00,,2023-01-08,,"Texas: Jasper County, Tyler County;",TRE,Transmission Interruption,20.0,9823.0,2023,ornl_oe417_annual_summaries_2023.csv,"Unexpected Transmission loss within its area, contrary to design, of three or more Bulk Electric System Facilities caused by a common disturbance (excluding successful automatic reclosing).",True,True,True,Transmission Interruption
2023-01-08 00:00:00,,2023-01-08,,Texas: Bowie County;,TRE,Vandalism,0.0,0.0,2023,ornl_oe417_annual_summaries_2023.csv,Damage or destruction of its Facility that results from actual or suspected intentional human action.,True,True,True,Vandalism
2023-01-12 00:00:00,,,Unknown,California: Sacramento County;,WECC,Suspicious Activity,0.0,0.0,2023,ornl_oe417_annual_summaries_2023.csv,"Physical threat to its Facility excluding weather or natural disaster related threats, which has the potential to degrade the normal operation of the Facility. Or suspicious device or activity at its Facility.",False,False,False,Suspicious Activity
2023-01-12 00:00:00,,2023-01-13,,Alabama: Georgia:,SERC,Severe Weather,1158.0,162000.0,2023,ornl_oe417_annual_summaries_2023.csv,"Loss of electric service to more than 50,000 customers for 1 hour or more",False,False,False,Severe Weather
2023-01-20 00:00:00,,,Unknown,Michigan: Oakland County;,RF,Vandalism,,0.0,2023,ornl_oe417_annual_summaries_2023.csv,Damage or destruction of its Facility that results from actual or suspected intentional human action.,False,False,False,Vandalism
2023-01-24 00:00:00,,2023-01-24,,New York: Queens County;,NPCC,Suspicious Activity,0.0,0.0,2023,ornl_oe417_annual_summaries_2023.csv,"Physical threat to its Facility excluding weather or natural disaster related threats, which has the potential to degrade the normal operation of the Facility. Or suspicious device or activity at its Facility.",False,False,False,Suspicious Activity
2023-01-25 00:00:00,,2023-01-25,,Texas: Cameron County;,TRE,Suspicious Activity,0.0,0.0,2023,ornl_oe417_annual_summaries_2023.csv,"Physical threat to its Facility excluding weather or natural disaster related threats, which has the potential to degrade the normal operation of the Facility. Or suspicious device or activity at its Facility.",True,True,True,Suspicious Activity
2023-01-29 00:00:00,,2023-01-29,,Kentucky:,SERC,System Operations,0.0,0.0,2023,ornl_oe417_annual_summaries_2023.csv,Complete loss of monitoring or control capability at its staffed Bulk Electric System control center for 30 continuous minutes or more.,False,False,False,System Operations
2023-02-04 00:00:00,,2023-02-04,,Ohio: Gallia County;,RF,Vandalism,2000.0,,2023,ornl_oe417_annual_summaries_2023.csv,Physical attack that could potentially impact electric power system adequacy or reliability; or vandalism which targets components of any security systems,False,False,False,Vandalism
2023-02-06 00:00:00,,2023-02-06,,Florida: Hillsborough County;,SERC,System Operations,0.0,0.0,2023,ornl_oe417_annual_summaries_2023.csv,Complete loss of monitoring or control capability at its staffed Bulk Electric System control center for 30 continuous minutes or more.,False,False,False,System Operations
2023-02-06 00:00:00,,2023-02-06,,Maryland:,RF,Suspicious Activity,0.0,0.0,2023,ornl_oe417_annual_summaries_2023.csv,"Physical threat to its Facility excluding weather or natural disaster related threats, which has the potential to degrade the normal operation of the Facility. Or suspicious device or activity at its Facility.",False,False,False,Suspicious Activity
2023-02-07 00:00:00,,2023-02-07,,Wisconsin: La Crosse County;,MRO,System Operations,0.0,0.0,2023,ornl_oe417_annual_summaries_2023.csv,Unplanned evacuation from its Bulk Electric System control center facility for 30 continuous minutes or more.,False,False,False,System Operations
2023-02-11 00:00:00,,2023-02-11,,Texas: Taylor County;,TRE,Transmission Interruption,0.0,0.0,2023,ornl_oe417_annual_summaries_2023.csv,"Unexpected Transmission loss within its area, contrary to design, of three or more Bulk Electric System Facilities caused by a common disturbance (excluding successful automatic reclosing).",True,True,True,Transmission Interruption
2023-02-15 00:00:00,,2023-02-15,,Florida: Clay County;,SERC,Suspicious Activity,0.0,0.0,2023,ornl_oe417_annual_summaries_2023.csv,"Physical threat to its Facility excluding weather or natural disaster related threats, which has the potential to degrade the normal operation of the Facility. Or suspicious device or activity at its Facility.",False,False,False,Suspicious Activity
2023-02-21 00:00:00,,,Unknown,Texas: Cameron County;,TRE,Cyber Event,0.0,0.0,2023,ornl_oe417_annual_summaries_2023.csv,Cyber event that could potentially impact electric power system adequacy or reliability,True,True,True,Cyber Event
2023-02-21 00:00:00,,2023-02-21,,Florida: Hillsborough County;,SERC,Transmission Interruption,0.0,0.0,2023,ornl_oe417_annual_summaries_2023.csv,"Unexpected Transmission loss within its area, contrary to design, of three or more Bulk Electric System Facilities caused by a common disturbance (excluding successful automatic reclosing).",False,False,False,Transmission Interruption
2023-02-25 00:00:00,,2023-02-26,,California: Los Angeles County;,WECC,Severe Weather,,153555.0,2023,ornl_oe417_annual_summaries_2023.csv,"Loss of electric service to more than 50,000 customers for 1 hour or more",False,False,False,Severe Weather
2023-03-01 00:00:00,,2023-03-01,,Indiana: Hamilton County;,MRO,System Operations,0.0,0.0,2023,ornl_oe417_annual_summaries_2023.csv,Complete loss of monitoring or control capability at its staffed Bulk Electric System control center for 30 continuous minutes or more.,False,False,False,System Operations
2023-03-03 00:00:00,,2023-03-03,,Mississippi:,SERC,System Operations,38.0,12014.0,2023,ornl_oe417_annual_summaries_2023.csv,"Unexpected Transmission loss within its area, contrary to design, of three or more Bulk Electric System Facilities caused by a common disturbance (excluding successful automatic reclosing).",False,False,False,System Operations
2023-03-03 00:00:00,,,Unknown,"Kentucky: Oldham County, Jefferson County, Fayette County, Franklin County, Hardin County, Hart County, Hopkins County, Jessamine County, Muhlenberg County, Nelson County, Scott County, Shelby County, Spencer County, Washington County, Woodford County, Bullitt County, Meade County, Lyon County, LaRue County, Henry County, Grayson County, Boyle County, Christian County, Anderson County; Virginia: Wise County;",SERC,Severe Weather,,346000.0,2023,ornl_oe417_annual_summaries_2023.csv,"Loss of electric service to more than 50,000 customers for 1 hour or more",False,False,False,Severe Weather
2023-03-03 00:00:00,,2023-03-04,,Tennessee: Davidson County;,SERC,Severe Weather,,115000.0,2023,ornl_oe417_annual_summaries_2023.csv,"Loss of electric service to more than 50,000 customers for 1 hour or more",False,False,False,Severe Weather
2023-03-03 00:00:00,,2023-03-05,,Michigan:,RF,Severe Weather,0.0,200000.0,2023,ornl_oe417_annual_summaries_2023.csv,"Loss of electric service to more than 50,000 customers for 1 hour or more",False,False,False,Severe Weather
2023-03-05 00:00:00,,2023-03-06,,"West Virginia: Randolph County, Barbour County;",RF,Vandalism,0.0,0.0,2023,ornl_oe417_annual_summaries_2023.csv,Damage or destruction of its Facility that results from actual or suspected intentional human action.,False,False,False,Vandalism
2023-03-07 00:00:00,,2023-03-07,,Texas: Lubbock County; New Mexico:,TRE,Vandalism,0.0,0.0,2023,ornl_oe417_annual_summaries_2023.csv,"Physical threat to its Facility excluding weather or natural disaster related threats, which has the potential to degrade the normal operation of the Facility. Or suspicious device or activity at its Facility.",True,True,True,Vandalism
2023-03-08 00:00:00,,2023-03-08,,Indiana: Hendricks County;,RF,Vandalism,0.0,0.0,2023,ornl_oe417_annual_summaries_2023.csv,Damage or destruction of its Facility that results from actual or suspected intentional human action.,False,False,False,Vandalism
2023-03-09 00:00:00,,2023-03-10,,"Wisconsin: Walworth County, Waukesha County, Milwaukee County, Racine County, Ozaukee County, Kenosha County;",MRO/RF,Severe Weather,250.0,100000.0,2023,ornl_oe417_annual_summaries_2023.csv,"Loss of electric service to more than 50,000 customers for 1 hour or more",False,False,False,Severe Weather
2023-03-14 00:00:00,,2023-03-16,,Connecticut: Massachusetts: Vermont: Rhode Island: New Hampshire: Maine:,NPCC,Severe Weather,,83000.0,2023,ornl_oe417_annual_summaries_2023.csv,"Loss of electric service to more than 50,000 customers for 1 hour or more",False,False,False,Severe Weather
2023-03-23 00:00:00,,2023-03-23,,Texas: Tarrant County;,TRE,Vandalism,0.0,0.0,2023,ornl_oe417_annual_summaries_2023.csv,Damage or destruction of its Facility that results from actual or suspected intentional human action.,True,True,True,Vandalism
2023-03-23 00:00:00,,2023-03-23,,Nevada: Clark County;,WECC,Actual Physical Attack/Vandalism,24.0,11479.0,2023,ornl_oe417_annual_summaries_2023.csv,Physical attack that could potentially impact electric power system adequacy or reliability; or vandalism which targets components of any security systems,False,False,False,Actual Physical Attack/Vandalism
2023-03-26 00:00:00,,2023-03-26,,Washington: Oregon: Josephine County; California: Idaho: Utah: Wyoming: Montana:,WECC,Vandalism,34.0,,2023,ornl_oe417_annual_summaries_2023.csv,"Physical threat to its Facility excluding weather or natural disaster related threats, which has the potential to degrade the normal operation of the Facility. Or suspicious device or activity at its Facility.",False,False,False,Vandalism
2023-03-28 00:00:00,,2023-03-28,,Texas: Montgomery County;,TRE,System Operations,0.0,0.0,2023,ornl_oe417_annual_summaries_2023.csv,Unplanned evacuation from its Bulk Electric System control center facility for 30 continuous minutes or more.,True,True,True,System Operations
2023-03-29 00:00:00,,2023-03-29,,Nebraska: Kearney County;,MRO,System Operations,0.0,0.0,2023,ornl_oe417_annual_summaries_2023.csv,"Unexpected Transmission loss within its area, contrary to design, of three or more Bulk Electric System Facilities caused by a common disturbance (excluding successful automatic reclosing).",False,False,False,System Operations
2023-03-29 00:00:00,,2023-03-29,,Wisconsin: Michigan:,MRO / RF,System Operations,0.0,0.0,2023,ornl_oe417_annual_summaries_2023.csv,Complete loss of monitoring or control capability at its staffed Bulk Electric System control center for 30 continuous minutes or more.,False,False,False,System Operations
2023-03-30 00:00:00,,2023-03-30,,Kentucky:,SERC,Vandalism,0.0,0.0,2023,ornl_oe417_annual_summaries_2023.csv,Damage or destruction of its Facility that results from actual or suspected intentional human action.,False,False,False,Vandalism
2023-04-01 00:00:00,,2023-04-03,,Ohio: West Virginia: Virginia:,RF/SERC,Severe Weather,,118000.0,2023,ornl_oe417_annual_summaries_2023.csv,"Loss of electric service to more than 50,000 customers for 1 hour or more",False,False,False,Severe Weather
2023-04-16 00:00:00,,2023-04-16,,Texas: Louisiana: Arkansas: Mississippi:,TRE,Suspicious Activity,,3900.0,2023,ornl_oe417_annual_summaries_2023.csv,Damage or destruction of its Facility that results from actual or suspected intentional human action.,True,True,True,Suspicious Activity
2023-04-19 00:00:00,,2023-04-19,,Washington: Snohomish County;,WECC,Vandalism,0.0,0.0,2023,ornl_oe417_annual_summaries_2023.csv,Damage or destruction of its Facility that results from actual or suspected intentional human action.,False,False,False,Vandalism
2023-04-19 00:00:00,,2023-04-20,,Texas: Calhoun County;,TRE,Transmission Interruption,,,2023,ornl_oe417_annual_summaries_2023.csv,Electrical System Separation (Islanding) where part or parts of a power grid remain(s) operational in an otherwise blacked out area or within the partial failure of an integrated electrical system,True,True,True,Transmission Interruption
2023-04-21 00:00:00,,,Unknown,California:,WECC,System Operations,0.0,0.0,2023,ornl_oe417_annual_summaries_2023.csv,Fuel supply emergencies that could impact electric power system adequacy or reliability,False,False,False,System Operations
2023-04-23 00:00:00,,2023-04-24,,Washington: Mason County;,WECC,System Operations,25.0,,2023,ornl_oe417_annual_summaries_2023.csv,Damage or destruction of its Facility that results from actual or suspected intentional human action.,False,False,False,System Operations
2023-04-27 00:00:00,,2023-04-27,,Texas: Blanco County;,TRE,Vandalism,0.0,0.0,2023,ornl_oe417_annual_summaries_2023.csv,"Physical threat to its Facility excluding weather or natural disaster related threats, which has the potential to degrade the normal operation of the Facility. Or suspicious device or activity at its Facility.",True,True,True,Vandalism
2023-05-02 00:00:00,,2023-05-02,,Texas:,TRE,Actual Physical Attack/Vandalism,0.0,0.0,2023,ornl_oe417_annual_summaries_2023.csv,Damage or destruction of its Facility that results from actual or suspected intentional human action.,True,True,True,Actual Physical Attack/Vandalism
2023-05-11 00:00:00,,2023-05-18,,Michigan: Eaton County;,RF,Suspicious Activity,,378.0,2023,ornl_oe417_annual_summaries_2023.csv,Physical attack that could potentially impact electric power system adequacy or reliability; or vandalism which targets components of any security systems,False,False,False,Suspicious Activity
2023-05-11 00:00:00,,2023-05-11,,Texas: Tarrant County;,TRE,Vandalism,0.0,0.0,2023,ornl_oe417_annual_summaries_2023.csv,Damage or destruction of its Facility that results from actual or suspected intentional human action.,True,True,True,Vandalism
2023-05-12 00:00:00,,2023-05-12,,Kentucky: Jefferson County;,SERC,Vandalism,0.0,0.0,2023,ornl_oe417_annual_summaries_2023.csv,Damage or destruction of its Facility that results from actual or suspected intentional human action.,False,False,False,Vandalism
2023-05-12 00:00:00,,2023-05-12,,New York: Broome County;,NPCC,Suspicious Activity,0.0,0.0,2023,ornl_oe417_annual_summaries_2023.csv,"Physical threat to its Bulk Electric System control center, excluding weather or natural disaster related threats, which has the potential to degrade the normal operation of the control center. Or suspicious device or activity at its Bulk Electric System control center.",False,False,False,Suspicious Activity
2023-05-13 00:00:00,,2023-05-13,,North Dakota: Williams County;,MRO,Actual Physical Attack/Vandalism,64.0,2.0,2023,ornl_oe417_annual_summaries_2023.csv,Damage or destruction of its Facility that results from actual or suspected intentional human action.,False,False,False,Actual Physical Attack/Vandalism
2023-05-13 00:00:00,,,Unknown,North Dakota: Williams County;,MRO,Actual Physical Attack/Vandalism,166.0,327.0,2023,ornl_oe417_annual_summaries_2023.csv,Damage or destruction of its Facility that results from actual or suspected intentional human action.,False,False,False,Actual Physical Attack/Vandalism
2023-05-16 00:00:00,,2023-05-16,,Oregon: Multnomah County;,WECC,Suspicious Activity,0.0,0.0,2023,ornl_oe417_annual_summaries_2023.csv,Physical attack that could potentially impact electric power system adequacy or reliability; or vandalism which targets components of any security systems,False,False,False,Suspicious Activity
2023-05-22 00:00:00,,2023-05-22,,Florida: Putnam County;,SERC,Severe Weather,0.0,0.0,2023,ornl_oe417_annual_summaries_2023.csv,"Unexpected Transmission loss within its area, contrary to design, of three or more Bulk Electric System Facilities caused by a common disturbance (excluding successful automatic reclosing).",False,False,False,Severe Weather
2023-05-24 00:00:00,,,Unknown,Iowa: Minnesota:,MRO,System Operations,2200.0,,2023,ornl_oe417_annual_summaries_2023.csv,Complete operational failure or shut down of the transmission and/or distribution electrical system,False,False,False,System Operations
2023-05-28 00:00:00,,2023-05-28,,Alabama: Tuscaloosa County;,SERC,Actual Physical Attack/Vandalism,0.0,0.0,2023,ornl_oe417_annual_summaries_2023.csv,Damage or destruction of its Facility that results from actual or suspected intentional human action.,False,False,False,Actual Physical Attack/Vandalism
2023-06-25 00:00:00,,2023-06-26,,"Arkansas, Mississippi",SERC,- Weather or natural disaster,,64732.0,2023,ornl_oe417_annual_summaries_2023.csv,"Loss of electric service to more than 50,000 customers for 1 hour or more",False,False,False,- Weather or natural disaster
2023-06-27 00:00:00,,2023-06-27,,"Washington, Idaho, Montana",WECC,- Failure at high voltage substation or switchyard,0.0,0.0,2023,ornl_oe417_annual_summaries_2023.csv,"Unexpected Transmission loss within its area, contrary to design, of three or more Bulk Electric System Facilities caused by a common disturbance (excluding successful automatic reclosing).",False,False,False,- Failure at high voltage substation or switchyard
2023-06-29 00:00:00,,,Unknown,Indiana,RF,- Weather or natural disaster,,140000.0,2023,ornl_oe417_annual_summaries_2023.csv,"Loss of electric service to more than 50,000 customers for 1 hour or more.",False,False,False,- Weather or natural disaster
2023-06-30 00:00:00,,,Unknown,Connecticut,NPCC,- Unknown,0.0,0.0,2023,ornl_oe417_annual_summaries_2023.csv,Complete loss of monitoring or control capability at its staffed Bulk Electric System control center for 30 continuous minutes or more.,False,False,False,- Unknown
2023-07-01 00:00:00,,2023-07-01,,Illinois:,SERC/RF,- Other,0.0,0.0,2023,ornl_oe417_annual_summaries_2023.csv,Complete loss of monitoring or control capability at its staffed Bulk Electric System control center for 30 continuous minutes or more.,False,False,False,- Other
2023-07-07 00:00:00,,2023-07-11,,Texas: Randall County; New Mexico:,TRE,- Weather or natural disaster,0.0,0.0,2023,ornl_oe417_annual_summaries_2023.csv,"Unexpected Transmission loss within its area, contrary to design, of three or more Bulk Electric System Facilities caused by a common disturbance (excluding successful automatic reclosing).",True,True,True,- Weather or natural disaster
2023-07-09 00:00:00,,,Unknown,Oregon: Lane County;,WECC,- Vandalism - Theft,0.0,0.0,2023,ornl_oe417_annual_summaries_2023.csv,Damage or destruction of its Facility that results from actual or suspected intentional human action.,False,False,False,- Vandalism - Theft
2023-07-16 00:00:00,,2023-07-16,,California: Sacramento County;,WECC,- Vandalism,0.0,0.0,2023,ornl_oe417_annual_summaries_2023.csv,Damage or destruction of its Facility that results from actual or suspected intentional human action.,False,False,False,- Vandalism
2023-07-20 00:00:00,,2023-07-20,,Georgia: DeKalb County;,SERC,- Vandalism,0.0,0.0,2023,ornl_oe417_annual_summaries_2023.csv,Damage or destruction of its Facility that results from actual or suspected intentional human action.,False,False,False,- Vandalism
2023-07-20 00:00:00,,2023-07-22,,Georgia:,SERC,- Weather or natural disaster,640.0,35257.0,2023,ornl_oe417_annual_summaries_2023.csv,"Loss of electric service to more than 50,000 customers for 1 hour or more.",False,False,False,- Weather or natural disaster
2023-07-25 00:00:00,,2023-07-25,,Tennessee: Shelby County;,SERC,- Unknown - Failure at high voltage substation or switchyard,820.0,,2023,ornl_oe417_annual_summaries_2023.csv,Uncontrolled loss of 300 Megawatts or more of firm system loads for 15 minutes or more from a single incident.,False,False,False,- Unknown - Failure at high voltage substation or switchyard
2023-07-26 00:00:00,,2023-07-26,,"Michigan: Oakland County, Wayne County, Macomb County, Washtenaw County, Livingston County;",RF,- Weather or natural disaster,,246000.0,2023,ornl_oe417_annual_summaries_2023.csv,"Loss of electric service to more than 50,000 customers for 1 hour or more.",False,False,False,- Weather or natural disaster
2023-07-28 00:00:00,,2023-07-28,,Nebraska: Scotts Bluff County;,SERC,- Failure at high voltage substation or switchyard - Weather or natural disaster,0.0,0.0,2023,ornl_oe417_annual_summaries_2023.csv,"Unexpected Transmission loss within its area, contrary to design, of three or more Bulk Electric System Facilities caused by a common disturbance (excluding successful automatic reclosing).",False,False,False,- Failure at high voltage substation or switchyard - Weather or natural disaster
2023-07-28 00:00:00,,2023-07-29,Unknown,"Wisconsin: Jefferson County, Waukesha County, Milwaukee County, Sheboygan County, Washington County, Ozaukee County, Walworth County, Kenosha County, Racine County; Michigan:",MRO/RF,- Weather or natural disaster,213.0,85000.0,2023,ornl_oe417_annual_summaries_2023.csv,"Loss of electric service to more than 50,000 customers for 1 hour or more.",False,False,False,- Weather or natural disaster
2023-07-28 00:00:00,,2023-07-28,,Washington: Skagit County;,WECC,- Physical attack - Vandalism,0.0,0.0,2023,ornl_oe417_annual_summaries_2023.csv,Physical attack that could potentially impact electric power system adequacy or reliability; or vandalism which targets components of any security systems.,False,False,False,- Physical attack - Vandalism
2023-07-29 00:00:00,,2023-07-29,,Maryland: Montgomery County;,RF,- Weather or natural disaster,,54158.0,2023,ornl_oe417_annual_summaries_2023.csv,"Loss of electric service to more than 50,000 customers for 1 hour or more.",False,False,False,- Weather or natural disaster
2023-07-29 00:00:00,,2023-07-29,,Massachusetts: Franklin County[13];,NPCC,- Threat of physical attack,0.0,0.0,2023,ornl_oe417_annual_summaries_2023.csv,"Physical threat to its Facility excluding weather or natural disaster related threats, which has the potential to degrade the normal operation of the Facility. Or suspicious device or activity at its Facility. Physical threat to its Bulk Electric System control center, excluding weather or natural disaster related threats, which has the potential to degrade the normal operation of the control center. Or suspicious device or activity at its Bulk Electric System control center.",False,False,False,- Threat of physical attack
,,2023-07-10,,Texas: El Paso County;,TRE,- Transmission equipment failure,0.0,0.0,2023,ornl_oe417_annual_summaries_2023.csv,"Unexpected Transmission loss within its area, contrary to design, of three or more Bulk Electric System Facilities caused by a common disturbance (excluding successful automatic reclosing).",True,True,True,- Transmission equipment failure
,,2023-07-17,,New York: Broome County;,NPCC,- Vandalism,0.0,642.0,2023,ornl_oe417_annual_summaries_2023.csv,Damage or destruction of its Facility that results from actual or suspected intentional human action.,False,False,False,- Vandalism
,,2023-07-25,,Tennessee: Shelby County;,SERC,- Weather or natural disaster,1200.0,216000.0,2023,ornl_oe417_annual_summaries_2023.csv,Uncontrolled loss of 300 Megawatts or more of firm system loads for 15 minutes or more from a single incident.,False,False,False,- Weather or natural disaster
,,2023-07-22,,Georgia:,SERC,- Weather or natural disaster,640.0,35257.0,2023,ornl_oe417_annual_summaries_2023.csv,"Loss of electric service to more than 50,000 customers for 1 hour or more.",False,False,False,- Weather or natural disaster
,,2023-07-26,,"Michigan: Oakland County, Wayne County, Macomb County, Washtenaw County, Livingston County;",RF,- Weather or natural disaster,,246000.0,2023,ornl_oe417_annual_summaries_2023.csv,"Loss of electric service to more than 50,000 customers for 1 hour or more.",False,False,False,- Weather or natural disaster
,,2023-07-28,,Washington: King County;,WECC,- Physical attack - Vandalism - Other,0.0,0.0,2023,ornl_oe417_annual_summaries_2023.csv,Physical attack that could potentially impact electric power system adequacy or reliability; or vandalism which targets components of any security systems.,False,False,False,- Physical attack - Vandalism - Other
,,2023-07-30,,West Virginia: Virginia:,RF,- Weather or natural disaster,,52098.0,2023,ornl_oe417_annual_summaries_2023.csv,"Loss of electric service to more than 50,000 customers for 1 hour or more.",False,False,False,- Weather or natural disaster
,,,Unknown,Missouri: Kansas:,"SERC,MRO",- Weather or natural disaster,,72173.0,2023,ornl_oe417_annual_summaries_2023.csv,"Loss of electric service to more than 50,000 customers for 1 hour or more.",False,False,False,- Weather or natural disaster
2023-09-29 00:00:00,,2023-09-29,,California: Butte County;,WECC,- Weather or natural disaster,18.0,9082.0,2023,ornl_oe417_annual_summaries_2023.csv,Electrical System Separation (Islanding) where part or parts of a power grid remain(s) operational in an otherwise blacked out area or within the partial failure of an integrated electrical system,False,False,False,- Weather or natural disaster
2023-09-29 00:00:00,,2023-09-30,,Texas: New Mexico: Lea County;,"TRE,WECC",- Weather or natural disaster,0.0,0.0,2023,ornl_oe417_annual_summaries_2023.csv,"Unexpected Transmission loss within its area, contrary to design, of three or more Bulk Electric System Facilities caused by a common disturbance (excluding successful automatic reclosing).",True,True,True,- Weather or natural disaster
2023-09-29 00:00:00,,2023-09-29,,Pennsylvania:,RF,- Other,0.0,0.0,2023,ornl_oe417_annual_summaries_2023.csv,Complete loss of monitoring or control capability at its staffed Bulk Electric System control center for 30 continuous minutes or more.,False,False,False,- Other
2023-09-28 00:00:00,,2023-09-28,,Massachusetts: Rhode Island:,NPCC,- Other,0.0,0.0,2023,ornl_oe417_annual_summaries_2023.csv,Complete loss of monitoring or control capability at its staffed Bulk Electric System control center for 30 continuous minutes or more.,False,False,False,- Other
2023-09-20 00:00:00,,2023-09-20,,Oklahoma:,MRO,- Unknown,51.0,,2023,ornl_oe417_annual_summaries_2023.csv,"Damage or destruction of a Facility within its Reliability Coordinator Area, Balancing Authority Area or Transmission Operator Area that results in action(s) to avoid a Bulk Electric System Emergency",False,False,False,- Unknown
2023-09-16 00:00:00,,2023-09-16,,New York: Suffolk County;,NPCC,- Vandalism,0.0,0.0,2023,ornl_oe417_annual_summaries_2023.csv,Damage or destruction of its Facility that results from actual or suspected intentional human action.,False,False,False,- Vandalism
2023-09-08 00:00:00,,2023-09-08,,Washington: King County;,WECC,- Vandalism,0.0,0.0,2023,ornl_oe417_annual_summaries_2023.csv,Damage or destruction of its Facility that results from actual or suspected intentional human action.,False,False,False,- Vandalism
2023-09-05 00:00:00,,2023-09-05,,Maine: Kennebec County;,NPCC,- Other,0.0,0.0,2023,ornl_oe417_annual_summaries_2023.csv,Complete loss of monitoring or control capability at its staffed Bulk Electric System control center for 30 continuous minutes or more.,False,False,False,- Other
2023-10-04 00:00:00,,2023-10-06,,Texas:,RE,- Weather or natural disaster,,153000.0,2023,ornl_oe417_annual_summaries_2023.csv,"Loss of electric service to more than 50,000 customers for 1 hour or more",True,False,True,- Weather or natural disaster
2023-10-05 00:00:00,,2023-10-05,,"Texas: New Mexico: Lea County, Eddy County;","RE,WECC",- Other,0.0,0.0,2023,ornl_oe417_annual_summaries_2023.csv,"Unexpected Transmission loss within its area, contrary to design, of three or more Bulk Electric System Facilities caused by a common disturbance (excluding successful automatic reclosing).",True,False,True,- Other
2023-10-12 00:00:00,,2023-10-12,,Texas: Travis County;,RE,- Physical attack - Other,0.0,0.0,2023,ornl_oe417_annual_summaries_2023.csv,Damage or destruction of its Facility that results from actual or suspected intentional human action.,True,False,True,- Physical attack - Other
2023-10-12 00:00:00,,2023-10-12,,Pennsylvania: Armstrong County;,RF,- Suspicious activity,,,2023,ornl_oe417_annual_summaries_2023.csv,"Physical threat to its Facility excluding weather or natural disaster related threats, which has the potential to degrade the normal operation of the Facility. Or suspicious device or activity at its Facility.",False,False,False,- Suspicious activity
2023-10-15 00:00:00,,2023-10-15,,California: Sacramento County;,WECC,- Other,72.0,6.0,2023,ornl_oe417_annual_summaries_2023.csv,"Unexpected Transmission loss within its area, contrary to design, of three or more Bulk Electric System Facilities caused by a common disturbance (excluding successful automatic reclosing).",False,False,False,- Other
2023-10-18 00:00:00,,2023-10-19,,Florida: Hillsborough County;,SERC,- Unknown,0.0,0.0,2023,ornl_oe417_annual_summaries_2023.csv,Unplanned evacuation from its Bulk Electric System control center facility for 30 continuous minutes or more.,False,False,False,- Unknown
2023-10-19 00:00:00,,2023-10-19,,Pennsylvania: Greene County;,RF,- Suspicious activity,0.0,0.0,2023,ornl_oe417_annual_summaries_2023.csv,"Physical threat to its Facility excluding weather or natural disaster related threats, which has the potential to degrade the normal operation of the Facility. Or suspicious device or activity at its Facility.",False,False,False,- Suspicious activity
2023-10-25 00:00:00,,2023-10-29,,Oklahoma: Texas County;,RE,- Physical attack - Generator loss or failure,0.0,0.0,2023,ornl_oe417_annual_summaries_2023.csv,Damage or destruction of its Facility that results from actual or suspected intentional human action.,True,False,True,- Physical attack - Generator loss or failure
2023-10-26 00:00:00,,2023-10-26,,Illinois: Cook County;,RE,- Suspicious activity,0.0,0.0,2023,ornl_oe417_annual_summaries_2023.csv,"Physical threat to its Facility excluding weather or natural disaster related threats, which has the potential to degrade the normal operation of the Facility. Or suspicious device or activity at its Facility.",False,False,False,- Suspicious activity
2023-10-26 00:00:00,,2023-10-26,,Oregon: Jefferson County;,SERC,- Other,140.0,0.0,2023,ornl_oe417_annual_summaries_2023.csv,"Unexpected Transmission loss within its area, contrary to design, of three or more Bulk Electric System Facilities caused by a common disturbance (excluding successful automatic reclosing).",False,False,False,- Other
2023-11-02 00:00:00,,2023-11-02,,South Carolina: Oconee County;,SERC,- Suspicious activity,0.0,0.0,2023,ornl_oe417_annual_summaries_2023.csv,"Physical threat to its Facility excluding weather or natural disaster related threats, which has the potential to degrade the normal operation of the Facility. Or suspicious device or activity at its Facility.",False,False,False,- Suspicious activity
2023-11-02 00:00:00,,2023-11-02,,Oregon: Washington: Idaho: Bannock County; Utah: Wyoming:,WECC,- Theft,0.0,0.0,2023,ornl_oe417_annual_summaries_2023.csv,Physical attack that could potentially impact electric power system adequacy or reliability; or vandalism which targets components of any security systems,False,False,False,- Theft
2023-11-10 00:00:00,,2023-11-10,,Pennsylvania: Montgomery County;,RF,- Suspicious activity,0.0,0.0,2023,ornl_oe417_annual_summaries_2023.csv,"Physical threat to its Facility excluding weather or natural disaster related threats, which has the potential to degrade the normal operation of the Facility. Or suspicious device or activity at its Facility.",False,False,False,- Suspicious activity
2023-11-11 00:00:00,,2023-11-11,,Utah: Salt Lake County; California: Oregon:,WECC,- Vandalism,0.0,0.0,2023,ornl_oe417_annual_summaries_2023.csv,Physical attack that could potentially impact electric power system adequacy or reliability; or vandalism which targets components of any security systems,False,False,False,- Vandalism
2023-11-12 00:00:00,,2023-11-12,,Washington: King County;,WECC,- Other,0.0,0.0,2023,ornl_oe417_annual_summaries_2023.csv,Damage or destruction of its Facility that results from actual or suspected intentional human action.,False,False,False,- Other
2023-11-19 00:00:00,,2023-11-19,,Illinois: Grundy County;,SERC,- Suspicious activity,0.0,0.0,2023,ornl_oe417_annual_summaries_2023.csv,"Physical threat to its Facility excluding weather or natural disaster related threats, which has the potential to degrade the normal operation of the Facility. Or suspicious device or activity at its Facility.",False,False,False,- Suspicious activity
2023-11-21 00:00:00,,2023-11-21,,California: San Joaquin County;,WECC,- Theft,0.0,0.0,2023,ornl_oe417_annual_summaries_2023.csv,Damage or destruction of its Facility that results from actual or suspected intentional human action.,False,False,False,- Theft
2023-11-25 00:00:00,,,Unknown,California: San Bernardino County;,WECC,- Unknown,0.0,0.0,2023,ornl_oe417_annual_summaries_2023.csv,Cyber event that is not a Reportable Cyber Security Incident that causes interruptions of electrical system operations.,False,False,False,- Unknown
2023-11-27 00:00:00,,2023-11-27,,Colorado:,WECC,- Other,0.0,0.0,2023,ornl_oe417_annual_summaries_2023.csv,"Unexpected Transmission loss within its area, contrary to design, of three or more Bulk Electric System Facilities caused by a common disturbance (excluding successful automatic reclosing).",False,False,False,- Other
2023-12-01 00:00:00,,2023-12-01,,Pacificorp,WECC,- Vandalism - Theft,0.0,0.0,2023,ornl_oe417_annual_summaries_2023.csv,Damage or destruction of its Facility that results from actual or suspected intentional human action.,False,False,False,- Vandalism - Theft
2023-12-03 00:00:00,,,- Unknown,Pacific Gas & Electric Co,WECC,- Vandalism - Theft,0.0,0.0,2023,ornl_oe417_annual_summaries_2023.csv,Damage or destruction of its Facility that results from actual or suspected intentional human action.,False,False,False,- Vandalism - Theft
2023-12-04 00:00:00,,2023-12-04,,Seminole Electric Cooperative Inc,SERC,- Cyber event (information technology),0.0,0.0,2023,ornl_oe417_annual_summaries_2023.csv,Cyber Security Incident that was an attempt to compromise a High or Medium Impact Bulk Electric System Cyber System or their associated Electronic Access Control or Monitoring Systems,False,False,False,- Cyber event (information technology)
2023-12-05 00:00:00,,2023-12-06,,GenOn Energy – New Castle Power LLC,RF,- Vandalism - Theft,0.0,0.0,2023,ornl_oe417_annual_summaries_2023.csv,"Physical threat to its Facility excluding weather or natural disaster related threats, which has the potential to degrade the normal operation of the Facility. Or suspicious device or activity at its Facility",False,False,False,- Vandalism - Theft
2023-12-11 00:00:00,,2023-12-12,,Bonneville Power Administration,WECC,- Vandalism,0.0,0.0,2023,ornl_oe417_annual_summaries_2023.csv,Damage or destruction of its Facility that results from actual or suspected intentional human action.,False,False,False,- Vandalism
2023-12-12 00:00:00,,2023-12-13,,Oncor Electric Delivery Company LLC,Texas RE,- Vandalism,0.0,0.0,2023,ornl_oe417_annual_summaries_2023.csv,Damage or destruction of its Facility that results from actual or suspected intentional human action.,False,True,True,- Vandalism
2023-12-14 00:00:00,,,- Unknown,"Consolidated Edison of New York, Inc.",MPCC,- Failure at high voltage substation or switchyard,0.0,0.0,2023,ornl_oe417_annual_summaries_2023.csv,"Unexpected Transmission loss within its area, contrary to design, of three or more Bulk Electric System Facilities caused by a common disturbance (excluding successful automatic reclosing).",False,False,False,- Failure at high voltage substation or switchyard
2023-12-18 00:00:00,,2023-12-18,,LUMA Energy,,- Generator loss or failure,115.0,170316.0,2023,ornl_oe417_annual_summaries_2023.csv,Firm load shedding of 100 Megawatts or more implemented under emergency operational policy,False,False,False,- Generator loss or failure
2023-12-18 00:00:00,,,- Unknown,ISO New England,WECC,- Weather or natural disaster,,730000.0,2023,ornl_oe417_annual_summaries_2023.csv,"Loss of electric service to more than 50,000 customers for 1 hour or more",False,False,False,- Weather or natural disaster
2023-12-19 00:00:00,,2023-12-19,,LUMA Energy,,- Generator loss or failure,77.0,50204.0,2023,ornl_oe417_annual_summaries_2023.csv,Firm load shedding of 100 Megawatts or more implemented under emergency operational policy,False,False,False,- Generator loss or failure
2023-12-23 00:00:00,,2023-12-23,,LUMA Energy,,- Generator loss or failure,65.0,37850.0,2023,ornl_oe417_annual_summaries_2023.csv,Firm load shedding of 100 Megawatts or more implemented under emergency operational policy,False,False,False,- Generator loss or failure
2023-12-27 00:00:00,,2023-12-27,,Pacificorp,WECC,- Suspicious activity - Transmission equipment failure,0.0,0.0,2023,ornl_oe417_annual_summaries_2023.csv,Physical attack that could potentially impact electric power system adequacy or reliability; or vandalism which targets components of any security systems,False,False,False,- Suspicious activity - Transmission equipment failure
2023-12-30 00:00:00,,2023-12-30,,American Electric Power (Regulated Generation),RF,- Suspicious activity,,,2023,ornl_oe417_annual_summaries_2023.csv,"Physical threat to its Facility excluding weather or natural disaster related threats, which has the potential to degrade the normal operation of the Facility. Or suspicious device or activity at its Facility.",False,False,False,- Suspicious activity
2023-01-01 00:00:00,,2023-01-01,,California: Sacramento County;,WECC,System Operations,0.0,0.0,2023,ornl_oe417_annual_summaries_2023.csv,Complete loss of monitoring or control capability at its staffed Bulk Electric System control center for 30 continuous minutes or more.,False,False,False,System Operations
2023-01-02 00:00:00,,2023-01-03,,Texas: Dallas County;,TRE,Vandalism,0.0,0.0,2023,ornl_oe417_annual_summaries_2023.csv,Damage or destruction of its Facility that results from actual or suspected intentional human action.,True,True,True,Vandalism
2023-01-05 00:00:00,,2023-01-05,,Louisiana: Concordia Parish;,SERC,Transmission Interruption,23.0,1631.0,2023,ornl_oe417_annual_summaries_2023.csv,Electrical System Separation (Islanding) where part or parts of a power grid remain(s) operational in an otherwise blacked out area or within the partial failure of an integrated electrical system,False,False,False,Transmission Interruption
2023-01-05 00:00:00,,2023-01-05,,Washington: Lewis County;,WECC,Suspicious Activity,0.0,0.0,2023,ornl_oe417_annual_summaries_2023.csv,"Physical threat to its Facility excluding weather or natural disaster related threats, which has the potential to degrade the normal operation of the Facility. Or suspicious device or activity at its Facility.",False,False,False,Suspicious Activity
2023-01-13 00:00:00,,2023-01-13,,Texas: Fayette County;,TRE,Suspicious Activity,0.0,0.0,2023,ornl_oe417_annual_summaries_2023.csv,"Physical threat to its Facility excluding weather or natural disaster related threats, which has the potential to degrade the normal operation of the Facility. Or suspicious device or activity at its Facility.",True,True,True,Suspicious Activity
2023-01-23 00:00:00,,,Unknown,California: Sacramento County;,WECC,Suspicious Activity,,,2023,ornl_oe417_annual_summaries_2023.csv,"Physical threat to its Facility excluding weather or natural disaster related threats, which has the potential to degrade the normal operation of the Facility. Or suspicious device or activity at its Facility.",False,False,False,Suspicious Activity
2023-01-24 00:00:00,,2023-01-24,,Louisiana:,SERC,Vandalism,0.0,0.0,2023,ornl_oe417_annual_summaries_2023.csv,Damage or destruction of its Facility that results from actual or suspected intentional human action.,False,False,False,Vandalism
2023-01-24 00:00:00,,2023-01-26,,Texas: Harris County;,TRE,Severe Weather,,100731.0,2023,ornl_oe417_annual_summaries_2023.csv,"Loss of electric service to more than 50,000 customers for 1 hour or more",True,True,True,Severe Weather
2023-01-26 00:00:00,,2023-01-26,,Washington: King County;,WECC,Vandalism,0.0,0.0,2023,ornl_oe417_annual_summaries_2023.csv,Damage or destruction of its Facility that results from actual or suspected intentional human action.,False,False,False,Vandalism
2023-02-01 00:00:00,,2023-02-04,,Texas: Travis County;,TRE,Severe Weather,370.0,173879.0,2023,ornl_oe417_annual_summaries_2023.csv,"Loss of electric service to more than 50,000 customers for 1 hour or more",True,True,True,Severe Weather
2023-02-02 00:00:00,,2023-02-03,,Colorado:,WECC,Vandalism,0.0,0.0,2023,ornl_oe417_annual_summaries_2023.csv,Damage or destruction of its Facility that results from actual or suspected intentional human action.,False,False,False,Vandalism
2023-02-02 00:00:00,,,Unknown,Pennsylvania: Westmoreland County;,RF,Suspicious Activity,0.0,0.0,2023,ornl_oe417_annual_summaries_2023.csv,"Physical threat to its Facility excluding weather or natural disaster related threats, which has the potential to degrade the normal operation of the Facility. Or suspicious device or activity at its Facility.",False,False,False,Suspicious Activity
2023-02-13 00:00:00,,2023-02-14,,California: San Diego County;,WECC,Suspicious Activity,0.0,0.0,2023,ornl_oe417_annual_summaries_2023.csv,Physical attack that could potentially impact electric power system adequacy or reliability; or vandalism which targets components of any security systems,False,False,False,Suspicious Activity
2023-02-22 00:00:00,,2023-02-22,,South Dakota:,MRO,Suspicious Activity,0.0,0.0,2023,ornl_oe417_annual_summaries_2023.csv,"Physical threat to its Facility excluding weather or natural disaster related threats, which has the potential to degrade the normal operation of the Facility. Or suspicious device or activity at its Facility.",False,False,False,Suspicious Activity
2023-02-23 00:00:00,,2023-02-23,,"Wisconsin: Kenosha County, Racine County, Milwaukee County, Walworth County, Jefferson County, Waukesha County; Michigan:",MRO,Severe Weather,143.0,57000.0,2023,ornl_oe417_annual_summaries_2023.csv,"Loss of electric service to more than 50,000 customers for 1 hour or more",False,False,False,Severe Weather
2023-02-23 00:00:00,,2023-02-23,,Colorado: Larimer County;,WECC,System Operations,0.0,0.0,2023,ornl_oe417_annual_summaries_2023.csv,Fuel supply emergencies that could impact electric power system adequacy or reliability,False,False,False,System Operations
2023-03-04 00:00:00,,2023-03-04,,Louisiana:,SERC,Transmission Interruption,800.0,,2023,ornl_oe417_annual_summaries_2023.csv,Uncontrolled loss of 300 Megawatts or more of firm system loads for 15 minutes or more from a single incident,False,False,False,Transmission Interruption
2023-03-05 00:00:00,,2023-03-06,,Georgia: Fulton County;,SERC,Suspicious Activity,0.0,0.0,2023,ornl_oe417_annual_summaries_2023.csv,"Physical threat to its Facility excluding weather or natural disaster related threats, which has the potential to degrade the normal operation of the Facility. Or suspicious device or activity at its Facility.",False,False,False,Suspicious Activity
2023-03-06 00:00:00,,2023-03-06,,Virginia: Orange County;,SERC,Actual Physical Attack/Vandalism,1.0,0.0,2023,ornl_oe417_annual_summaries_2023.csv,Damage or destruction of its Facility that results from actual or suspected intentional human action.,False,False,False,Actual Physical Attack/Vandalism
2023-03-08 00:00:00,,,Unknown,Texas: Bee County;,TRE,Vandalism,0.0,0.0,2023,ornl_oe417_annual_summaries_2023.csv,Damage or destruction of its Facility that results from actual or suspected intentional human action.,True,True,True,Vandalism
2023-03-10 00:00:00,,2023-03-10,,"Texas: Webb County, Hidalgo County;",TRE,System Operations,0.0,0.0,2023,ornl_oe417_annual_summaries_2023.csv,"Unexpected Transmission loss within its area, contrary to design, of three or more Bulk Electric System Facilities caused by a common disturbance (excluding successful automatic reclosing).",True,True,True,System Operations
2023-03-14 00:00:00,,2023-03-15,,New York:,NPCC,Severe Weather,,,2023,ornl_oe417_annual_summaries_2023.csv,"Loss of electric service to more than 50,000 customers for 1 hour or more",False,False,False,Severe Weather
2023-03-22 00:00:00,,2023-03-22,,Pennsylvania: Greene County;,RF,Suspicious Activity,621.0,0.0,2023,ornl_oe417_annual_summaries_2023.csv,"Physical threat to its Facility excluding weather or natural disaster related threats, which has the potential to degrade the normal operation of the Facility. Or suspicious device or activity at its Facility.",False,False,False,Suspicious Activity
2023-03-23 00:00:00,,2023-03-23,,Washington: King County;,WECC,Cyber Event,0.0,0.0,2023,ornl_oe417_annual_summaries_2023.csv,Complete loss of monitoring or control capability at its staffed Bulk Electric System control center for 30 continuous minutes or more.,False,False,False,Cyber Event
2023-03-25 00:00:00,,2023-03-27,,Michigan:,RF,Severe Weather,5800.0,67893.0,2023,ornl_oe417_annual_summaries_2023.csv,"Loss of electric service to more than 50,000 customers for 1 hour or more",False,False,False,Severe Weather
2023-03-25 00:00:00,,,Unknown,Ohio: West Virginia: Virginia:,RF,Severe Weather,,160801.0,2023,ornl_oe417_annual_summaries_2023.csv,"Loss of electric service to more than 50,000 customers for 1 hour or more",False,False,False,Severe Weather
2023-03-28 00:00:00,,,Unknown,Texas: Hartley County;,TRE,Vandalism,0.0,0.0,2023,ornl_oe417_annual_summaries_2023.csv,Physical attack that could potentially impact electric power system adequacy or reliability; or vandalism which targets components of any security systems,True,True,True,Vandalism
2023-03-30 00:00:00,,2023-03-30,,Colorado: Larimer County;,WECC,Transmission Interruption,18.0,,2023,ornl_oe417_annual_summaries_2023.csv,Electrical System Separation (Islanding) where part or parts of a power grid remain(s) operational in an otherwise blacked out area or within the partial failure of an integrated electrical system,False,False,False,Transmission Interruption
2023-03-30 00:00:00,,,Unknown,Colorado: Larimer County;,WECC,Transmission Interruption,,,2023,ornl_oe417_annual_summaries_2023.csv,Electrical System Separation (Islanding) where part or parts of a power grid remain(s) operational in an otherwise blacked out area or within the partial failure of an integrated electrical system,False,False,False,Transmission Interruption
2023-03-30 00:00:00,,2023-03-30,,Pennsylvania: Indiana County;,RF,Vandalism,1711.0,0.0,2023,ornl_oe417_annual_summaries_2023.csv,Damage or destruction of its Facility that results from actual or suspected intentional human action.,False,False,False,Vandalism
2023-03-31 00:00:00,,2023-03-31,,Arkansas:,SERC,Severe Weather,,58368.0,2023,ornl_oe417_annual_summaries_2023.csv,"Loss of electric service to more than 50,000 customers for 1 hour or more",False,False,False,Severe Weather
2023-04-03 00:00:00,,2023-04-03,,Alabama: Walker County;,SERC,Actual Physical Attack/Vandalism,0.0,0.0,2023,ornl_oe417_annual_summaries_2023.csv,"Physical threat to its Facility excluding weather or natural disaster related threats, which has the potential to degrade the normal operation of the Facility. Or suspicious device or activity at its Facility.",False,False,False,Actual Physical Attack/Vandalism
2023-04-03 00:00:00,,2023-04-03,,Colorado: Wyoming: Nebraska: Arizona: New Mexico: Utah: California:,WECC/MRO,Transmission Interruption,,0.0,2023,ornl_oe417_annual_summaries_2023.csv,Complete loss of monitoring or control capability at its staffed Bulk Electric System control center for 30 continuous minutes or more.,False,False,False,Transmission Interruption
2023-04-08 00:00:00,,2023-04-08,,Texas: Cameron County;,TRE,Suspicious Activity,0.0,0.0,2023,ornl_oe417_annual_summaries_2023.csv,"Physical threat to its Facility excluding weather or natural disaster related threats, which has the potential to degrade the normal operation of the Facility. Or suspicious device or activity at its Facility.",True,True,True,Suspicious Activity
2023-04-14 00:00:00,,,Unknown,Florida: Orange County;,SERC,Cyber Event,0.0,0.0,2023,ornl_oe417_annual_summaries_2023.csv,Cyber event that could potentially impact electric power system adequacy or reliability,False,False,False,Cyber Event
2023-04-17 00:00:00,,2023-04-17,,South Carolina: Aiken County;,SERC,Actual Physical Attack/Vandalism,39.0,8.0,2023,ornl_oe417_annual_summaries_2023.csv,Damage or destruction of its Facility that results from actual or suspected intentional human action.,False,False,False,Actual Physical Attack/Vandalism
2023-04-18 00:00:00,,2023-04-18,,Washington: King County;,WECC,Vandalism,0.0,0.0,2023,ornl_oe417_annual_summaries_2023.csv,Damage or destruction of its Facility that results from actual or suspected intentional human action.,False,False,False,Vandalism
2023-04-18 00:00:00,,2023-04-19,,South Dakota: Stanley County;,MRO,System Operations,4.0,1.0,2023,ornl_oe417_annual_summaries_2023.csv,"Unexpected Transmission loss within its area, contrary to design, of three or more Bulk Electric System Facilities caused by a common disturbance (excluding successful automatic reclosing).",False,False,False,System Operations
2023-04-25 00:00:00,,2023-04-25,,Arizona: Maricopa County;,WECC,System Operations,0.0,0.0,2023,ornl_oe417_annual_summaries_2023.csv,Physical attack that could potentially impact electric power system adequacy or reliability; or vandalism which targets components of any security systems,False,False,False,System Operations
2023-04-27 00:00:00,,2023-04-28,,California: Stanislaus County;,WECC,Vandalism,0.0,0.0,2023,ornl_oe417_annual_summaries_2023.csv,Damage or destruction of its Facility that results from actual or suspected intentional human action.,False,False,False,Vandalism
2023-04-29 00:00:00,,2023-04-29,,"Texas: Hidalgo County, Cameron County, Willacy County, Starr County;",TRE,Severe Weather,,168419.0,2023,ornl_oe417_annual_summaries_2023.csv,"Loss of electric service to more than 50,000 customers for 1 hour or more",True,True,True,Severe Weather
2023-05-02 00:00:00,,2023-05-02,,Ohio: Kentucky:,RF/SERC,Suspicious Activity,0.0,0.0,2023,ornl_oe417_annual_summaries_2023.csv,Damage or destruction of its Facility that results from actual or suspected intentional human action.,False,False,False,Suspicious Activity
2023-05-04 00:00:00,,2023-05-04,,Texas: San Patricio County;,TRE,Vandalism,0.0,0.0,2023,ornl_oe417_annual_summaries_2023.csv,Damage or destruction of its Facility that results from actual or suspected intentional human action.,True,True,True,Vandalism
2023-05-13 00:00:00,,2023-05-13,,North Dakota: Williams County;,MRO,Actual Physical Attack/Vandalism,8.0,327.0,2023,ornl_oe417_annual_summaries_2023.csv,Physical attack that could potentially impact electric power system adequacy or reliability; or vandalism which targets components of any security systems,False,False,False,Actual Physical Attack/Vandalism
2023-05-21 00:00:00,,2023-05-21,,Washington: Whatcom County;,WECC,Suspicious Activity,0.0,0.0,2023,ornl_oe417_annual_summaries_2023.csv,"Physical threat to its Facility excluding weather or natural disaster related threats, which has the potential to degrade the normal operation of the Facility. Or suspicious device or activity at its Facility.",False,False,False,Suspicious Activity
2023-05-24 00:00:00,,2023-05-24,,North Dakota:,MRO,Transmission Interruption,0.0,0.0,2023,ornl_oe417_annual_summaries_2023.csv,"Unexpected Transmission loss within its area, contrary to design, of three or more Bulk Electric System Facilities caused by a common disturbance (excluding successful automatic reclosing).",False,False,False,Transmission Interruption
2023-05-30 00:00:00,,2023-05-30,,Massachusetts: Hampden County[13];,NPCC,Actual Physical Attack/Vandalism,0.0,0.0,2023,ornl_oe417_annual_summaries_2023.csv,"Physical threat to its Bulk Electric System control center, excluding weather or natural disaster related threats, which has the potential to degrade the normal operation of the control center. Or suspicious device or activity at its Bulk Electric System control center.",False,False,False,Actual Physical Attack/Vandalism
2023-05-31 00:00:00,,2023-05-31,,Florida: Alachua County;,SERC,System Operations,0.0,0.0,2023,ornl_oe417_annual_summaries_2023.csv,Complete loss of Interpersonal Communication and Alternative Interpersonal Communication capability affecting its staffed Bulk Electric System control center for 30 continuous minutes or more.,False,False,False,System Operations
2023-06-25 00:00:00,,,Unknown,Tennessee,SERC,- Weather or natural disaster,,120000.0,2023,ornl_oe417_annual_summaries_2023.csv,"Loss of electric service to more than 50,000 customers for 1 hour or more",False,False,False,- Weather or natural disaster
2023-06-24 00:00:00,,2023-06-24,,Michigan,RF,- Vandalism - Theft,5.0,5200.0,2023,ornl_oe417_annual_summaries_2023.csv,- 10. Suspected Physical Attack,False,False,False,- Vandalism - Theft
2023-06-25 00:00:00,,2023-06-26,,"Georgia, Alabama",SERC,- Weather or natural disaster,,,2023,ornl_oe417_annual_summaries_2023.csv,"Loss of electric service to more than 50,000 customers for 1 hour or more",False,False,False,- Weather or natural disaster
2023-06-28 00:00:00,,2023-06-28,,Georgia,SERC,- Vandalism - Theft,0.0,0.0,2023,ornl_oe417_annual_summaries_2023.csv,Damage or destruction of its Facility that results from actual or suspected intentional human action.,False,False,False,- Vandalism - Theft
2023-06-22 00:00:00,,2023-06-22,,Louisiana,SERC,- Transmission equipment failure,17.0,6242.0,2023,ornl_oe417_annual_summaries_2023.csv,"Unexpected Transmission loss within its area, contrary to design, of three or more Bulk Electric System Facilities caused by a common disturbance (excluding successful automatic reclosing).",False,False,False,- Transmission equipment failure
2023-06-20 00:00:00,,2023-06-20,,Louisiana,SERC,- Transmission equipment failure,0.0,0.0,2023,ornl_oe417_annual_summaries_2023.csv,"Unexpected Transmission loss within its area, contrary to design, of three or more Bulk Electric System Facilities caused by a common disturbance (excluding successful automatic reclosing).",False,False,False,- Transmission equipment failure
2023-07-06 00:00:00,,2023-07-06,,Nebraska: Sarpy County;,MRO,- Suspicious activity,0.0,0.0,2023,ornl_oe417_annual_summaries_2023.csv,"Physical threat to its Facility excluding weather or natural disaster related threats, which has the potential to degrade the normal operation of the Facility. Or suspicious device or activity at its Facility.",False,False,False,- Suspicious activity
2023-07-14 00:00:00,,,Unknown,Missouri: Kansas:,SERC,- Weather or natural disaster,,163156.0,2023,ornl_oe417_annual_summaries_2023.csv,"Loss of electric service to more than 50,000 customers for 1 hour or more.",False,False,False,- Weather or natural disaster
2023-07-18 00:00:00,,2023-07-25,,Tennessee: Shelby County;,SERC,- Weather or natural disaster,1200.0,216000.0,2023,ornl_oe417_annual_summaries_2023.csv,Uncontrolled loss of 300 Megawatts or more of firm system loads for 15 minutes or more from a single incident.,False,False,False,- Weather or natural disaster
2023-07-18 00:00:00,,2023-07-18,,Missouri:,SERC,- Suspicious activity,0.0,0.0,2023,ornl_oe417_annual_summaries_2023.csv,"Physical threat to its Facility excluding weather or natural disaster related threats, which has the potential to degrade the normal operation of the Facility. Or suspicious device or activity at its Facility.",False,False,False,- Suspicious activity
2023-07-20 00:00:00,,2023-07-21,,Michigan:,RF,- Weather or natural disaster,,90354.0,2023,ornl_oe417_annual_summaries_2023.csv,"Loss of electric service to more than 50,000 customers for 1 hour or more.",False,False,False,- Weather or natural disaster
2023-07-26 00:00:00,,2023-07-26,,Idaho: Kootenai County;,WECC,- Physical attack - Vandalism - Suspicious activity,0.0,0.0,2023,ornl_oe417_annual_summaries_2023.csv,Physical attack that could potentially impact electric power system adequacy or reliability; or vandalism which targets components of any security systems.,False,False,False,- Physical attack - Vandalism - Suspicious activity
2023-07-28 00:00:00,,2023-07-30,,West Virginia: Virginia:,RF,- Weather or natural disaster,,52098.0,2023,ornl_oe417_annual_summaries_2023.csv,"Loss of electric service to more than 50,000 customers for 1 hour or more.",False,False,False,- Weather or natural disaster
2023-07-28 00:00:00,,,Unknown,Maryland: Harford County;,RF,- Weather or natural disaster,,61000.0,2023,ornl_oe417_annual_summaries_2023.csv,"Loss of electric service to more than 50,000 customers for 1 hour or more.",False,False,False,- Weather or natural disaster
,,2023-07-06,,Nebraska: Sarpy County;,MRO,- Suspicious activity,0.0,0.0,2023,ornl_oe417_annual_summaries_2023.csv,"Physical threat to its Facility excluding weather or natural disaster related threats, which has the potential to degrade the normal operation of the Facility. Or suspicious device or activity at its Facility.",False,False,False,- Suspicious activity
,,2023-07-06,,Florida: Hillsborough County;,SERC,- Other,0.0,0.0,2023,ornl_oe417_annual_summaries_2023.csv,Complete loss of monitoring or control capability at its staffed Bulk Electric System control center for 30 continuous minutes or more.,False,False,False,- Other
,,2023-07-12,,Oregon: Lane County;,WECC,- Vandalism - Theft,0.0,0.0,2023,ornl_oe417_annual_summaries_2023.csv,Damage or destruction of its Facility that results from actual or suspected intentional human action.,False,False,False,- Vandalism - Theft
,,,Unknown,Oregon: Lane County;,WECC,- Vandalism - Theft,0.0,0.0,2023,ornl_oe417_annual_summaries_2023.csv,Damage or destruction of its Facility that results from actual or suspected intentional human action.,False,False,False,- Vandalism - Theft
,,,Unknown,Missouri: Kansas:,SERC,- Weather or natural disaster,,163156.0,2023,ornl_oe417_annual_summaries_2023.csv,"Loss of electric service to more than 50,000 customers for 1 hour or more.",False,False,False,- Weather or natural disaster
,,2023-07-25,,Tennessee: Shelby County;,SERC,- Unknown - Failure at high voltage substation or switchyard,820.0,,2023,ornl_oe417_annual_summaries_2023.csv,Uncontrolled loss of 300 Megawatts or more of firm system loads for 15 minutes or more from a single incident.,False,False,False,- Unknown - Failure at high voltage substation or switchyard
,,2023-07-28,,Nebraska: Scotts Bluff County;,SERC,- Failure at high voltage substation or switchyard - Weather or natural disaster,0.0,0.0,2023,ornl_oe417_annual_summaries_2023.csv,"Unexpected Transmission loss within its area, contrary to design, of three or more Bulk Electric System Facilities caused by a common disturbance (excluding successful automatic reclosing).",False,False,False,- Failure at high voltage substation or switchyard - Weather or natural disaster
,,2023-07-29,Unknown,"Wisconsin: Jefferson County, Waukesha County, Milwaukee County, Sheboygan County, Washington County, Ozaukee County, Walworth County, Kenosha County, Racine County; Michigan:",MRO/RF,- Weather or natural disaster,213.0,85000.0,2023,ornl_oe417_annual_summaries_2023.csv,"Loss of electric service to more than 50,000 customers for 1 hour or more.",False,False,False,- Weather or natural disaster
,,2023-07-30,,"Illinois: Winnebago County, Cook County, Will County, DeKalb County, Kendall County;",MRO/RF,- Weather or natural disaster,,122921.0,2023,ornl_oe417_annual_summaries_2023.csv,"Loss of electric service to more than 50,000 customers for 1 hour or more.",False,False,False,- Weather or natural disaster
,,2023-07-28,,Washington: Skagit County;,WECC,- Physical attack - Vandalism,0.0,0.0,2023,ornl_oe417_annual_summaries_2023.csv,Physical attack that could potentially impact electric power system adequacy or reliability; or vandalism which targets components of any security systems.,False,False,False,- Physical attack - Vandalism
,,2023-07-29,,Maryland: Montgomery County;,RF,- Weather or natural disaster,,54158.0,2023,ornl_oe417_annual_summaries_2023.csv,"Loss of electric service to more than 50,000 customers for 1 hour or more.",False,False,False,- Weather or natural disaster
2023-09-25 00:00:00,,2023-09-25,,Louisiana: East Baton Rouge Parish;,SERC,- Transmission equipment failure,103.0,23380.0,2023,ornl_oe417_annual_summaries_2023.csv,"Unexpected Transmission loss within its area, contrary to design, of three or more Bulk Electric System Facilities caused by a common disturbance (excluding successful automatic reclosing).",False,False,False,- Transmission equipment failure
2023-09-13 00:00:00,,2023-09-13,,Texas: Hidalgo County;,TRE,- Physical attack,0.0,0.0,2023,ornl_oe417_annual_summaries_2023.csv,Damage or destruction of its Facility that results from actual or suspected intentional human action.,True,True,True,- Physical attack
2023-09-08 00:00:00,,2023-09-10,,"Texas: Tarrant County, Dallas County;",TRE,- Weather or natural disaster,,190000.0,2023,ornl_oe417_annual_summaries_2023.csv,"Loss of electric service to more than 50,000 customers for 1 hour or more",True,True,True,- Weather or natural disaster
2023-09-09 00:00:00,,2023-09-09,,New York: Queens County;,NPCC,- Suspicious activity,0.0,0.0,2023,ornl_oe417_annual_summaries_2023.csv,"Physical threat to its Facility excluding weather or natural disaster related threats, which has the potential to degrade the normal operation of the Facility. Or suspicious device or activity at its Facility.",False,False,False,- Suspicious activity
2023-09-06 00:00:00,,2023-09-06,,Texas:,TRE,- Weather or natural disaster - Other,,,2023,ornl_oe417_annual_summaries_2023.csv,Public appeal to reduce the use of electricity for purposes of maintaining the continuity of the Bulk Electric System,True,True,True,- Weather or natural disaster - Other
2023-10-03 00:00:00,,2023-10-03,,North Carolina: South Carolina:,SERC,- Suspicious activity,,,2023,ornl_oe417_annual_summaries_2023.csv,"Physical threat to its Facility excluding weather or natural disaster related threats, which has the potential to degrade the normal operation of the Facility. Or suspicious device or activity at its Facility.",False,False,False,- Suspicious activity
2023-10-14 00:00:00,,2023-10-16,,"North Dakota: Mountrail County, Williams County;",MRO,- Vandalism - Theft,0.0,0.0,2023,ornl_oe417_annual_summaries_2023.csv,Damage or destruction of its Facility that results from actual or suspected intentional human action.,False,False,False,- Vandalism - Theft
2023-10-19 00:00:00,,,Unknown,Minnesota: Goodhue County;,MRO,- Unknown,0.0,0.0,2023,ornl_oe417_annual_summaries_2023.csv,"Unexpected Transmission loss within its area, contrary to design, of three or more Bulk Electric System Facilities caused by a common disturbance (excluding successful automatic reclosing).",False,False,False,- Unknown
2023-10-22 00:00:00,,2023-10-23,,Texas: Jasper County;,WECC,- Physical attack - Vandalism - Theft - Suspicious activity,0.0,0.0,2023,ornl_oe417_annual_summaries_2023.csv,"Physical threat to its Facility excluding weather or natural disaster related threats, which has the potential to degrade the normal operation of the Facility. Or suspicious device or activity at its Facility.",True,False,True,- Physical attack - Vandalism - Theft - Suspicious activity
2023-10-26 00:00:00,,2023-10-26,,Illinois: Cook County;,WECC,- Suspicious activity,0.0,0.0,2023,ornl_oe417_annual_summaries_2023.csv,"Physical threat to its Facility excluding weather or natural disaster related threats, which has the potential to degrade the normal operation of the Facility. Or suspicious device or activity at its Facility.",False,False,False,- Suspicious activity
2023-11-06 00:00:00,,2023-11-06,,Arkansas:,WECC,- Vandalism - Suspicious activity,0.0,0.0,2023,ornl_oe417_annual_summaries_2023.csv,Damage or destruction of its Facility that results from actual or suspected intentional human action.,False,False,False,- Vandalism - Suspicious activity
2023-11-09 00:00:00,,2023-11-09,,Oklahoma: Louisiana: Texas:,MRO/SERC/RE,- Other,0.0,0.0,2023,ornl_oe417_annual_summaries_2023.csv,Unplanned evacuation from its Bulk Electric System control center facility for 30 continuous minutes or more.,True,False,True,- Other
2023-11-10 00:00:00,,2023-11-10,,Maryland: Baltimore County;,RF,- Suspicious activity,0.0,0.0,2023,ornl_oe417_annual_summaries_2023.csv,Physical attack that could potentially impact electric power system adequacy or reliability; or vandalism which targets components of any security systems,False,False,False,- Suspicious activity
2023-11-13 00:00:00,,2023-11-13,,North Dakota: Burleigh County;,MRO,- Other,0.0,0.0,2023,ornl_oe417_annual_summaries_2023.csv,"Unexpected Transmission loss within its area, contrary to design, of three or more Bulk Electric System Facilities caused by a common disturbance (excluding successful automatic reclosing).",False,False,False,- Other
2023-11-15 00:00:00,,2023-11-16,,California: Imperial County;,WECC,- Fuel supply emergency,0.0,0.0,2023,ornl_oe417_annual_summaries_2023.csv,Fuel supply emergencies that could impact electric power system adequacy or reliability,False,False,False,- Fuel supply emergency
2023-11-16 00:00:00,,,Unknown,"Florida: Miami-Dade County, Broward County;",SERC,- Weather or natural disaster,0.0,0.0,2023,ornl_oe417_annual_summaries_2023.csv,"Loss of electric service to more than 50,000 customers for 1 hour or more",False,False,False,- Weather or natural disaster
2023-11-17 00:00:00,,2023-11-17,,California: Contra Costa County;,WECC,- Other,0.0,0.0,2023,ornl_oe417_annual_summaries_2023.csv,"Physical threat to its Facility excluding weather or natural disaster related threats, which has the potential to degrade the normal operation of the Facility. Or suspicious device or activity at its Facility.",False,False,False,- Other
2023-11-17 00:00:00,,2023-11-17,,Colorado: Douglas County;,WECC,- Other,0.0,0.0,2023,ornl_oe417_annual_summaries_2023.csv,"Unexpected Transmission loss within its area, contrary to design, of three or more Bulk Electric System Facilities caused by a common disturbance (excluding successful automatic reclosing).",False,False,False,- Other
2023-11-19 00:00:00,,2023-11-19,,New Jersey: Gloucester County;,RF,- Theft,0.0,0.0,2023,ornl_oe417_annual_summaries_2023.csv,"Physical threat to its Facility excluding weather or natural disaster related threats, which has the potential to degrade the normal operation of the Facility. Or suspicious device or activity at its Facility.",False,False,False,- Theft
2023-11-20 00:00:00,,2023-11-20,,Nevada:,WECC,- Theft - Suspicious activity,0.0,0.0,2023,ornl_oe417_annual_summaries_2023.csv,"Physical threat to its Facility excluding weather or natural disaster related threats, which has the potential to degrade the normal operation of the Facility. Or suspicious device or activity at its Facility.",False,False,False,- Theft - Suspicious activity
2023-11-27 00:00:00,,2023-11-27,,Connecticut: Massachusetts: Maine: Rhode Island: Vermont: New Hampshire:,NPCC,- Weather or natural disaster,0.0,0.0,2023,ornl_oe417_annual_summaries_2023.csv,"Loss of electric service to more than 50,000 customers for 1 hour or more",False,False,False,- Weather or natural disaster
2023-11-29 00:00:00,,,Unknown,Texas: Callahan County;,RE,- Physical attack - Vandalism - Suspicious activity,0.0,0.0,2023,ornl_oe417_annual_summaries_2023.csv,Damage or destruction of its Facility that results from actual or suspected intentional human action.,True,False,True,- Physical attack - Vandalism - Suspicious activity
2023-12-03 00:00:00,,2023-12-07,,Pacific Gas and Electric,WECC,- Vandalism - Theft,0.0,0.0,2023,ornl_oe417_annual_summaries_2023.csv,Damage or destruction of its Facility that results from actual or suspected intentional human action.,False,False,False,- Vandalism - Theft
2023-12-04 00:00:00,,,- Unknown,Tucson Electric Power,WECC,- Vandalism - Theft,0.0,0.0,2023,ornl_oe417_annual_summaries_2023.csv,Damage or destruction of its Facility that results from actual or suspected intentional human action.,False,False,False,- Vandalism - Theft
2023-12-11 00:00:00,,2023-12-11,,Apex Generating Station,WECC,- Vandalism - Theft - Suspicious activity - Other,0.0,0.0,2023,ornl_oe417_annual_summaries_2023.csv,"Physical threat to its Bulk Electric System control center, excluding weather or natural disaster related threats, which has the potential to degrade the normal operation of the control center. Or suspicious device or activity at its Bulk Electric System control center.",False,False,False,- Vandalism - Theft - Suspicious activity - Other
2023-12-12 00:00:00,,2023-12-12,1/0/1900,Austin Energy,Texas RE,- Other,0.0,0.0,2023,ornl_oe417_annual_summaries_2023.csv,Damage or destruction of its Facility that results from actual or suspected intentional human action.,False,True,True,- Other
2023-12-14 00:00:00,,2023-12-14,,Western Area Power Administration - Upper Great Plains Region - (NCR01036),WECC,- Unknown,20.0,1.0,2023,ornl_oe417_annual_summaries_2023.csv,"Unexpected Transmission loss within its area, contrary to design, of three or more Bulk Electric System Facilities caused by a common disturbance (excluding successful automatic reclosing).",False,False,False,- Unknown
2023-12-15 00:00:00,,2023-12-15,,LUMA Energy,,- Generator loss or failure,120.0,126197.0,2023,ornl_oe417_annual_summaries_2023.csv,Firm load shedding of 100 Megawatts or more implemented under emergency operational policy,False,False,False,- Generator loss or failure
2023-12-18 00:00:00,,2023-12-18,,First Energy Solutions Corp.,RF,- Other,0.0,0.0,2023,ornl_oe417_annual_summaries_2023.csv,"Unexpected Transmission loss within its area, contrary to design, of three or more Bulk Electric System Facilities caused by a common disturbance (excluding successful automatic reclosing).",False,False,False,- Other
2023-12-22 00:00:00,,2023-12-22,,NV Energy,WECC,- Unknown,0.0,0.0,2023,ornl_oe417_annual_summaries_2023.csv,Complete loss of monitoring or control capability at its staffed Bulk Electric System control center for 30 continuous minutes or more.,False,False,False,- Unknown
2023-12-25 00:00:00,,2023-12-25,,LUMA Energy,,- Generator loss or failure,105.0,36100.0,2023,ornl_oe417_annual_summaries_2023.csv,Firm load shedding of 100 Megawatts or more implemented under emergency operational policy,False,False,False,- Generator loss or failure
2023-12-25 00:00:00,,2023-12-25,,"Consolidated Edison of New York, Inc.",NPCC,- Other,0.0,0.0,2023,ornl_oe417_annual_summaries_2023.csv,Unplanned evacuation from its Bulk Electric System control center facility for 30 continuous minutes or more,False,False,False,- Other
2023-12-27 00:00:00,,2023-12-28,,Otter Tail Power Co,MRO,- Weather or natural disaster,14.0,8000.0,2023,ornl_oe417_annual_summaries_2023.csv,Electrical System Separation (Islanding) where part or parts of a power grid remain(s) operational in an otherwise blacked out area or within the partial failure of an integrated electrical system,False,False,False,- Weather or natural disaster
2023-12-30 00:00:00,,2023-12-30,,Lower Colorado River Authority,Texas RE,- Suspicious activity,0.0,0.0,2023,ornl_oe417_annual_summaries_2023.csv,"Physical threat to its Facility excluding weather or natural disaster related threats, which has the potential to degrade the normal operation of the Facility. Or suspicious device or activity at its Facility.",False,True,True,- Suspicious activity
